ref_idx,driver_key,lat,lon,utc_timestamp,avg_speed_mps,n_samples,snap_distance_m,predicted_iri
320,18,19.412834196176433,73.26375603121943,2025-01-20 16:57:16.000000000,0.02139695808947947,8361,8.994830570155553,3.61832836416618
321,18,19.41299623686968,73.26418767563838,2025-01-20 17:12:13.769230769,8.121702098070246,57,12.287405551397573,3.9858564102564156
322,18,19.413153249285962,73.26462862135888,2025-01-20 17:12:19.666666667,10.820929989432209,32,13.328800083240063,3.973411965811972
323,18,19.4132956681523,73.26504425766555,2025-01-20 17:12:23.500000000,12.233725783475762,24,12.084636384587306,3.959061538461544
324,18,19.413432772383562,73.26546746611061,2025-01-20 17:12:27.000000000,13.268019586894527,27,0.9815417448873183,3.9552837606837654
325,18,19.413563735527205,73.26592344429079,2025-01-20 17:12:32.120000000,14.706624814369567,24,3.504036079835972,3.959061538461544
327,18,19.413768968847123,73.26681500999393,2025-01-20 17:12:38.363636364,16.207235697542316,18,4.438940562593331,3.845548717948723
328,18,19.413859385139922,73.26723671960761,2025-01-20 17:13:20.952380952,16.87798594894658,16,2.5543884291290264,3.845548717948723
329,18,19.413964362634214,73.26765744337635,2025-01-20 17:13:23.000000000,18.38227374988405,32,0.6656037780051496,3.9844803418803485
331,18,19.414102751660785,73.2685760051614,2025-01-20 17:13:28.619047619,18.183584528078747,26,0.641526169345924,3.973411965811972
332,18,19.414162690396836,73.2689772153404,2025-01-20 17:13:29.846153846,18.135832830568138,17,14.960978192410993,3.9384119658119716
333,18,19.414204623244274,73.26937437306017,2025-01-20 17:13:33.565217391,18.485037183574867,20,1.5276066701410114,3.935548717948724
334,18,19.414248435147694,73.26979250193119,2025-01-20 17:13:35.000000000,18.544999752067024,32,5.897292834813898,3.935548717948724
336,18,19.414296804990045,73.27058881672563,2025-01-20 17:13:40.000000000,17.86967141706916,18,7.341622194234212,3.973411965811972
337,18,19.41431629623058,73.27106174649927,2025-01-20 17:13:43.866666667,17.212034305555605,16,1.1549551036909842,3.971275213675219
338,18,19.41436371000922,73.27146544042125,2025-01-20 17:13:45.100000000,16.45351314481613,29,2.125725212131575,3.845548717948723
340,18,19.41439142667297,73.27233245432953,2025-01-20 17:13:54.230769231,9.48875207228932,21,0.9322551169705982,3.5105634864202098
341,18,19.41444255316515,73.2726974877679,2025-01-20 17:13:59.476190476,8.71029043112987,20,11.150348393276401,3.9384119658119716
342,18,19.414488335273308,73.27304427784601,2025-01-20 17:14:03.608695652,5.700887161165998,18,4.3840483504764665,3.973411965811972
343,18,19.41454578210816,73.27345643750532,2025-01-20 17:14:13.434782609,8.19905478151066,24,5.731353973656313,3.9552837606837654
345,18,19.414712023396042,73.27427756802862,2025-01-20 17:15:01.560000000,11.624880183838407,25,15.968535925344593,3.971275213675219
346,18,19.414833207808528,73.27469255010062,2025-01-20 17:15:08.117647059,12.200003181372018,55,15.952357790757432,3.845548717948723
348,18,19.415215972127957,73.27542871282157,2025-01-20 17:15:10.153846154,13.174759587513945,25,1.519500888326301,3.973411965811972
349,18,19.415433544183507,73.27579463706647,2025-01-20 17:15:12.304347826,14.447407004830826,23,3.678901939118868,3.7383662654805563
350,18,19.415685396734133,73.27614275331722,2025-01-20 17:15:14.652173913,15.90226852664647,31,0.24505571881459187,3.9552837606837654
351,18,19.415926255467078,73.27647485182828,2025-01-20 17:15:17.000000000,14.755583994710243,42,3.7380046852708126,3.959061538461544
352,18,19.416217146438385,73.27676714643837,2025-01-20 17:15:21.100000000,15.296133472222198,30,7.632866337119331,3.959061538461544
353,18,19.416554465001088,73.2770266059043,2025-01-20 17:15:23.800000000,16.81487192140313,31,4.844381116919123,3.592935042735046
354,18,19.416896413376193,73.27729348130032,2025-01-20 17:15:27.238095238,16.146938347471412,19,2.690336349649739,3.845548717948723
355,18,19.417242769557753,73.27755463365231,2025-01-20 17:15:29.400000000,15.828815017987448,32,6.544995382517678,3.9844803418803485
356,18,19.41755796297752,73.27781369573574,2025-01-20 17:15:32.190476190,16.470652798723258,27,1.597678959814367,3.935548717948724
357,18,19.41788736884953,73.27805616453412,2025-01-20 17:15:34.782608696,16.81543236714968,30,2.333822840445965,3.971275213675219
358,18,19.418217117187293,73.2783171171873,2025-01-20 17:15:38.153846154,16.050614912362025,27,8.98862528752966,3.204268934240364
359,18,19.418552045395053,73.27859677820996,2025-01-20 17:15:40.782608696,14.95782086863613,30,4.205684103686441,3.941352136752142
360,18,19.41890935122055,73.27884782535793,2025-01-20 17:15:43.700000000,15.236354463768123,25,0.4679877060712049,3.959061538461544
361,18,19.419254392947213,73.27912243572862,2025-01-20 17:15:47.160000000,16.41849050505049,33,5.24216907050591,3.959061538461544
362,18,19.419598028592027,73.27941291756224,2025-01-20 17:15:50.153846154,17.228458996250136,25,3.4446650742470535,3.973411965811972
363,18,19.41992639813984,73.27970662578585,2025-01-20 17:15:52.782608696,17.38482709560981,28,2.8920370297647193,3.9552837606837654
364,18,19.420216064475852,73.27999809124228,2025-01-20 17:15:54.769230769,17.53630385262881,33,2.252654487951107,3.9552837606837654
365,18,19.420825571986768,73.28056611461204,2025-01-20 17:16:13.000000000,17.463039169365157,26,0.5265052647203752,3.935548717948724
366,18,19.421113079313074,73.28085850505875,2025-01-20 17:16:42.478260870,17.515369880521945,33,0.6156916775947489,3.941352136752142
367,18,19.42137591559873,73.28115149600208,2025-01-20 17:16:45.384615385,18.246503010877998,22,3.3324183710572743,3.971275213675219
368,18,19.421657535298884,73.28146420092455,2025-01-20 17:16:48.100000000,18.928157242063612,20,8.77194973028355,3.973411965811972
369,18,19.42196377556751,73.28178074063948,2025-01-20 17:16:49.615384615,18.977275490169564,40,1.0647019051521853,3.9552837606837654
370,18,19.422234140624195,73.2821030072303,2025-01-20 17:16:53.000000000,18.934116522366526,22,2.6795461084578345,3.973411965811972
371,18,19.422491862661847,73.28243271234867,2025-01-20 17:16:54.818181818,18.83776065501954,28,2.626465008582243,3.9494803418803484
372,18,19.422778579280326,73.28276086180736,2025-01-20 17:16:57.095238095,18.451282318375988,24,2.161643739833667,3.973411965811972
373,18,19.423049900128714,73.2831189103344,2025-01-20 17:16:59.615384615,17.551195418552016,34,0.7012879073554522,3.971275213675219
374,18,19.423290970589328,73.2834803420777,2025-01-20 17:17:02.400000000,17.34151868791872,37,1.012508507254707,3.935548717948724
375,18,19.42351642403219,73.28382104734077,2025-01-20 17:17:05.230769231,18.559828725961722,32,2.0945281188563465,3.973411965811972
376,18,19.423713177888157,73.28417806006367,2025-01-20 17:17:08.200000000,18.98822512019257,24,9.655258966632312,3.9384119658119716
377,18,19.42389380989069,73.28451930292883,2025-01-20 17:17:09.846153846,19.61501893241323,24,1.2349423606293801,3.959061538461544
378,18,19.424087204287154,73.28487772608224,2025-01-20 17:17:12.461538462,19.88995074406736,29,2.8990984229361025,3.845548717948723
379,18,19.424269315206775,73.28523220972181,2025-01-20 17:17:15.076923077,19.471407407407405,18,0.63476591771555,3.845548717948723
380,18,19.424478620352694,73.28556706675619,2025-01-20 17:17:16.200000000,19.245900424253435,26,1.91295126203256,3.9384119658119716
381,18,19.424675128300066,73.28590776429948,2025-01-20 17:17:18.826086957,19.666957956834395,19,3.7957509875633515,3.845548717948723
382,18,19.424822237282562,73.2862293020552,2025-01-20 17:17:20.384615385,19.96422469230764,25,1.0439323829682758,3.935548717948724
383,18,19.424974023040825,73.2865696526091,2025-01-20 17:17:21.700000000,19.26002089148686,32,5.849943115552161,3.973411965811972
384,18,19.42505115606943,73.28692168406451,2025-01-20 17:17:24.800000000,18.307593227053157,30,1.8289261778901016,3.971275213675219
385,18,19.42511350533949,73.28728403333456,2025-01-20 17:17:26.695652174,18.205942234609207,30,4.281602089379315,3.959061538461544
386,18,19.425197777756736,73.28766475014639,2025-01-20 17:17:29.461538462,18.134800579172342,19,1.6077796840366694,3.845548717948723
387,18,19.425338049830714,73.2880523160035,2025-01-20 17:17:31.769230769,17.810686172013888,27,3.27150023556401,3.959061538461544
388,18,19.425601788735527,73.28840060058636,2025-01-20 17:17:33.782608696,18.159121154335015,19,3.1488806171959345,3.973411965811972
389,18,19.425932553798383,73.28868407186607,2025-01-20 17:17:36.692307692,18.817709189800162,22,0.9353305618257078,3.973411965811972
390,18,19.42630032455402,73.2889281197229,2025-01-20 17:17:38.900000000,18.778152446556213,26,2.8514908401188492,3.845548717948723
391,18,19.426679465942478,73.28914575354574,2025-01-20 17:18:21.538461538,17.881464811114995,35,0.3315702050493403,3.9844803418803485
392,18,19.427032099020515,73.28936682600921,2025-01-20 17:18:24.272727273,17.211713787878796,25,0.7910289716063112,3.9384119658119716
393,18,19.427346670417112,73.28964320165366,2025-01-20 17:18:26.600000000,16.595542161903424,32,1.5983474053787001,3.845548717948723
394,18,19.42763727118688,73.28998272669762,2025-01-20 17:18:30.200000000,17.17912156055834,27,4.646190754937918,3.959061538461544
395,18,19.427889753080077,73.29033491190859,2025-01-20 17:18:32.166666667,10.866042994762612,27,1.0275275882623476,3.845548717948723
396,18,19.428132253715233,73.29070001024013,2025-01-20 17:18:34.600000000,11.28231637985068,27,4.643150132130876,3.971275213675219
397,18,19.42838088877277,73.29104864529768,2025-01-20 17:18:37.923076923,12.60587392515652,32,2.4622812664159714,3.941352136752142
398,18,19.42868492119097,73.29133492119097,2025-01-20 17:18:40.888888889,4.5670580796626234,34,6.156561865602791,3.959061538461544
399,18,19.429050466162906,73.29159052795839,2025-01-20 17:18:43.636363636,12.873252841879806,30,1.4065952892763043,3.917275213675219
400,18,19.4298290413487,73.29202029947795,2025-01-20 17:18:50.600000000,17.86892147266313,21,5.136321909599909,3.959061538461544
401,18,19.430186847645388,73.29222741732517,2025-01-20 17:18:52.700000000,18.019289876202883,26,2.22497407321555,3.959061538461544
402,18,19.430536776679915,73.29244827945372,2025-01-20 17:18:54.900000000,18.185238470915877,29,0.9426213929284116,3.9552837606837654
403,18,19.430903496279427,73.2926362046031,2025-01-20 17:18:57.900000000,18.543911384615456,25,3.117445719371738,3.935548717948724
404,18,19.43128964484705,73.29279661605301,2025-01-20 17:18:59.600000000,18.497363026819922,29,3.002019316111902,3.5214431885574773
405,18,19.4316929397721,73.29296136193187,2025-01-20 17:19:02.666666667,18.446904298678792,29,5.80782985537045,3.845548717948723
406,18,19.43209226577101,73.29315695571339,2025-01-20 17:19:05.100000000,18.850624821289962,30,1.0297079043031447,3.9552837606837654
407,18,19.432469217897005,73.29339726868571,2025-01-20 17:19:08.153846154,19.45901418026443,27,7.894883754595333,3.973411965811972
408,18,19.432824841093208,73.29367303034738,2025-01-20 17:19:10.538461538,19.469693160234847,27,3.7719681683938573,3.9384119658119716
409,18,19.433175438087297,73.29397150236531,2025-01-20 17:19:13.200000000,19.1284994539412,27,3.5711606685992283,3.5214431885574773
410,18,19.433502678605528,73.29423839620571,2025-01-20 17:19:16.090909091,19.542568934911294,26,4.700421830654889,3.845548717948723
411,18,19.43403262773058,73.29473450133173,2025-01-20 17:19:58.250000000,19.223982754242595,23,0.6563538559301181,3.959061538461544
412,18,19.43433226293351,73.29502192445881,2025-01-20 17:20:02.307692308,18.668821657509163,31,1.3931109884486603,3.959061538461544
413,18,19.43465378413252,73.29533551716383,2025-01-20 17:20:04.923076923,18.166079206349178,25,5.365183383906184,3.5214431885574773
414,18,19.43496444885653,73.29561949050705,2025-01-20 17:20:07.000000000,17.80743100358423,31,0.4254446749990129,3.971275213675219
415,18,19.43527641040711,73.29589812443325,2025-01-20 17:20:09.384615385,17.153464021164247,35,1.2296164598184245,3.845548717948723
416,18,19.435579768008907,73.29615290603782,2025-01-20 17:20:12.500000000,16.31850888631695,36,3.4872261562004394,3.971275213675219
417,18,19.43586846230655,73.29643423300455,2025-01-20 17:20:14.923076923,15.648411440593966,38,2.8640466700602163,3.941352136752142
418,18,19.43617225518024,73.29677043796232,2025-01-20 17:20:18.095238095,14.950230998572186,42,0.1851617866824149,3.970548717948724
419,18,19.436801502851246,73.29736391727516,2025-01-20 17:20:24.833333333,14.383684099542482,40,0.47472248236967823,3.845548717948723
420,18,19.43707205538185,73.29762988333538,2025-01-20 17:20:27.666666667,14.87889968123559,43,1.5887834989451317,3.935548717948724
421,18,19.437373358183443,73.29790778191433,2025-01-20 17:20:31.769230769,15.297352523094201,22,1.7946056161128423,3.2967091888037263
422,18,19.437702539526956,73.29820743594436,2025-01-20 17:20:34.250000000,15.751143865121742,33,1.8358009740128034,3.7218619919762825
423,18,19.43799724890409,73.29849704007273,2025-01-20 17:20:36.705882353,16.066066628309134,29,0.6714853006317668,3.8521470085470138
424,18,19.438293969595243,73.298780822809,2025-01-20 17:20:39.307692308,16.426079173207714,35,2.8668179436042474,3.1442468187274915
425,18,19.438617061623702,73.2990790304116,2025-01-20 17:20:42.523809524,16.74655405844154,18,4.446740120377102,3.644069159458656
426,18,19.43890063651886,73.299375752093,2025-01-20 17:20:44.200000000,16.733590572916484,32,3.3414114355755538,3.3864662213603385
427,18,19.43918069003333,73.29963494473151,2025-01-20 17:20:46.640000000,15.954587120582236,37,1.8086909684531556,3.287965524671407
428,18,19.43945981567785,73.299893384223,2025-01-20 17:20:49.384615385,14.286518914617044,49,2.5607971940885563,3.075232741301647
429,18,19.439712985745857,73.30018030480684,2025-01-20 17:20:53.000000000,13.900849804866791,33,5.262018904106366,3.906523076923082
430,18,19.440025207753763,73.30045224346324,2025-01-20 17:20:55.846153846,14.808920923122333,47,3.0512954439288538,3.582935042735046
431,18,19.440353803265005,73.30071949032441,2025-01-20 17:21:36.583333333,15.490475249094185,20,1.0891101136502455,3.7383662654805563
432,18,19.440654719743335,73.30101012153096,2025-01-20 17:21:41.478260870,15.822838287014873,35,0.5119663822036539,3.312526146869006
433,18,19.440964955426736,73.30131076129925,2025-01-20 17:21:45.076923077,15.384726848290633,30,1.2066335274647662,3.973411965811972
434,18,19.44128046813574,73.301605619974,2025-01-20 17:21:47.461538462,15.401069751737436,36,0.3762301854522231,4.071415826587044
435,18,19.441607625148126,73.30191608714061,2025-01-20 17:21:51.000000000,15.414687106962793,42,3.16764589655278,3.243904138065483
436,18,19.441936250812653,73.3022403027067,2025-01-20 17:21:54.666666667,15.928872785829256,25,0.4618398164250502,3.973411965811972
437,18,19.44225635368482,73.30256194042869,2025-01-20 17:21:57.304347826,16.846334782608686,30,0.1255020295843843,3.767728205128209
438,18,19.442560023785823,73.30290098846055,2025-01-20 17:22:00.153846154,17.295744365699992,31,5.751093448453744,3.8521470085470138
439,18,19.44285560435118,73.30324642443077,2025-01-20 17:22:03.000000000,17.637108990468235,33,1.2860412149607046,3.3079087655575052
440,18,19.44339430998737,73.30398656810158,2025-01-20 17:22:08.714285714,18.376160773074655,24,7.054391247718266,3.973411965811972
441,18,19.443651073821663,73.30434430235152,2025-01-20 17:22:11.000000000,18.987170692431523,27,6.813812282954434,3.9552837606837654
442,18,19.443861517781045,73.30468469193578,2025-01-20 17:22:13.217391304,19.560453502415424,24,1.8403823432489723,3.973411965811972
444,18,19.44425162417669,73.30546498420256,2025-01-20 17:22:18.750000000,19.76206858465609,16,5.571160037609081,3.971275213675219
445,18,19.444431634020276,73.30590146641148,2025-01-20 17:22:20.190476190,19.498861809457996,28,2.409877444790052,3.973411965811972
446,18,19.444598421810497,73.3062997855912,2025-01-20 17:22:22.521739130,18.64946804549134,33,2.343468358019965,3.971275213675219
447,18,19.444733685680262,73.30669109841077,2025-01-20 17:22:25.333333333,16.036781803543143,33,0.9986683364508013,3.1095745682888545
448,18,19.444841251191384,73.3071026851637,2025-01-20 17:22:28.217391304,12.976361087274327,38,4.722092608123038,3.1123608930751794
449,18,19.444903302379522,73.30749926142295,2025-01-20 17:22:31.900000000,9.852242585470071,65,2.0418050613473993,3.349666484029508
450,18,19.44494282974299,73.30784424704964,2025-01-20 17:22:37.300000000,9.171056706803556,53,1.571081392358912,3.122521115882249
451,18,19.44498963554704,73.30811682307112,2025-01-20 17:23:20.444444444,9.293971893363285,51,6.036175466312771,3.982078632478638
452,18,19.44506589104577,73.30857142427817,2025-01-20 17:23:27.000000000,8.745691597653511,40,2.0533875239048145,3.807634188034192
453,18,19.44503309952149,73.30907370149876,2025-01-20 17:23:33.900000000,8.32445779216816,35,2.756659727986084,3.432721798976
454,18,19.44506892844832,73.30933891569023,2025-01-20 17:23:36.307692308,8.0555063127815,51,3.457931042830536,2.992307242897159
455,18,19.445086873239887,73.30954559322151,2025-01-20 17:23:39.761904762,7.57870640183915,56,5.886603709129785,5.565270037245667
456,18,19.445110878599323,73.30974184587649,2025-01-20 17:23:40.809523810,7.279231281044221,70,4.8196297737499005,3.1740703386482783
457,18,19.445116957829836,73.31001864966993,2025-01-20 17:23:46.800000000,6.143707860782387,52,4.252462150946974,3.1223896450888047
458,18,19.44511305353941,73.31034992292243,2025-01-20 17:23:51.076923077,5.345160782549814,101,2.8361930947873497,5.418545012295515
459,18,19.445161261485715,73.31069643313091,2025-01-20 17:23:58.800000000,6.457529131053979,78,4.499021967589589,3.1157486194477793
460,18,19.445200816050274,73.31112891193175,2025-01-20 17:24:06.076923077,11.316793490460762,33,9.451974516213912,3.935548717948724
461,18,19.445205286460542,73.31159602248962,2025-01-20 17:24:08.904761905,14.012891036139173,42,0.34530424063547066,3.9552837606837654
462,18,19.445208220948935,73.31205507743181,2025-01-20 17:24:12.538461538,15.765567663818148,27,0.9983366306649228,3.9552837606837654
463,18,19.445214840508783,73.31250611651018,2025-01-20 17:24:15.000000000,17.338565656565724,30,0.5412890336861006,3.9552837606837654
464,18,19.44523534570273,73.31296505084474,2025-01-20 17:24:17.727272727,18.428371103125308,27,1.6495813011470282,3.278842338986877
465,18,19.44526768484839,73.31338033573317,2025-01-20 17:25:00.416666667,18.562675813692483,21,2.925477938965098,3.8521470085470138
466,18,19.44528988874996,73.31374850115985,2025-01-20 17:25:01.636363636,18.524967435521507,31,3.7185665260362573,3.270727571284924
467,18,19.445290554205776,73.31415442397949,2025-01-20 17:25:04.307692308,17.760871360843968,32,0.39144103607693154,3.301590650619224
468,18,19.445292587584227,73.31498816430761,2025-01-20 17:25:09.700000000,17.48845142571091,26,0.5251715025268364,3.973411965811972
469,18,19.445297236469344,73.31541388235894,2025-01-20 17:25:11.952380952,17.285434495053973,32,0.43777228118430483,3.124235201773017
470,18,19.445292327083436,73.31586600249722,2025-01-20 17:25:14.739130435,17.45220730676327,32,0.5684338929507168,3.9552837606837654
471,18,19.44528829724657,73.31634265874396,2025-01-20 17:25:17.217391304,17.69758457007961,28,4.524255069350972,3.959061538461544
472,18,19.44529259569621,73.31681949789103,2025-01-20 17:25:20.000000000,17.692033552306277,33,0.6082321465074549,3.3175120181405915
473,18,19.44529649515372,73.31729634067965,2025-01-20 17:25:22.846153846,17.049129365832908,27,0.5963347082744899,3.7383662654805563
474,18,19.445298966823955,73.31777318320573,2025-01-20 17:25:25.692307692,16.146184677029762,38,7.671724130774323,3.769343694400837
475,18,19.445296538426007,73.31824827697628,2025-01-20 17:25:30.750000000,15.29830584257771,18,5.212175503988841,3.973411965811972
476,18,19.445295718839205,73.31871304047587,2025-01-20 17:25:33.043478261,14.741740779081276,30,0.629631093718282,3.6352239316239343
477,18,19.44529702565307,73.31916921734549,2025-01-20 17:25:35.714285714,13.480152662299584,42,0.526341260563689,4.338183398231086
478,18,19.44529720937656,73.31963226480852,2025-01-20 17:25:39.478260870,12.280095839503495,47,0.260188055274984,3.9387794871794917
479,18,19.445296798533818,73.32010061675973,2025-01-20 17:25:43.476190476,13.040023804756899,37,0.26213221484598553,3.971275213675219
480,18,19.445292710127625,73.32056516965596,2025-01-20 17:25:46.583333333,14.91127339181269,38,0.33392448763351035,3.941352136752142
481,18,19.44528769624207,73.3210347466381,2025-01-20 17:25:50.230769231,16.60501088160831,30,1.452090335046653,3.959061538461544
482,18,19.445282501729707,73.32151157309106,2025-01-20 17:25:53.000000000,17.84766796010592,31,1.319041224373425,3.9552837606837654
483,18,19.44528552137706,73.3219770320246,2025-01-20 17:25:55.739130435,19.421751426630117,32,2.3865861271521425,3.9552837606837654
484,18,19.44529338416932,73.32243034825584,2025-01-20 17:26:01.652173913,20.0683957172055,26,0.873754445576323,3.959061538461544
485,18,19.44529794136973,73.3228841657229,2025-01-20 17:26:40.434782609,20.276998425728877,25,0.7343071612511848,3.9552837606837654
487,18,19.445350090798353,73.32378707008041,2025-01-20 17:26:44.818181818,20.27800790474022,27,0.47894122816812423,3.973411965811972
488,18,19.445386678669717,73.32419799558771,2025-01-20 17:26:47.000000000,20.43763118242461,21,5.947231088329597,3.9384119658119716
489,18,19.445461509023893,73.32461358056034,2025-01-20 17:26:49.478260870,20.928053219063052,20,4.510509767836995,3.5238187823847493
490,18,19.445567202064336,73.32503512160628,2025-01-20 17:26:51.100000000,20.357516852517726,27,8.07919692303971,3.973411965811972
491,18,19.445790105684296,73.32587270555847,2025-01-20 17:26:55.846153846,21.746670667130854,23,0.9859200061236979,3.973411965811972
492,18,19.445911178542218,73.32630771477386,2025-01-20 17:26:58.086956522,21.884234087751498,24,3.1904002643648806,3.973411965811972
493,18,19.446058854629264,73.32672169319798,2025-01-20 17:27:00.153846154,21.841775398308865,22,0.5467188773862629,3.973411965811972
494,18,19.446366300172222,73.32741257659308,2025-01-20 17:27:03.700000000,21.781035443722814,25,2.2288452774817493,3.959061538461544
495,18,19.446617922278072,73.32780406370267,2025-01-20 17:27:05.714285714,21.041838369963266,26,0.40043071566420957,3.9552837606837654
496,18,19.44681902675556,73.32821179344484,2025-01-20 17:27:08.333333333,20.244876147515182,27,0.5614264800054236,3.973411965811972
497,18,19.44705042942,73.32859762975355,2025-01-20 17:27:10.538461538,19.980637534188034,25,0.8237408448349473,3.7383662654805563
498,18,19.447324629581146,73.32896136290651,2025-01-20 17:27:12.769230769,20.262863979898725,27,0.821316993791572,3.9552837606837654
499,18,19.44760637597097,73.32930536518833,2025-01-20 17:27:15.100000000,20.493719278252584,27,0.7087341853071931,3.959061538461544
500,18,19.44788931649653,73.32960430940706,2025-01-20 17:27:17.100000000,20.29979284188042,30,3.9210427412753277,3.959061538461544
501,18,19.448161439850374,73.32990867845396,2025-01-20 17:27:19.615384615,18.92232026480468,28,1.767548864723309,3.5214431885574773
502,18,19.448404271788633,73.33024250502976,2025-01-20 17:27:22.000000000,17.224794765683875,35,3.7916411081761723,3.773480341880346
503,18,19.448693699177447,73.33053814641767,2025-01-20 17:27:24.571428571,15.460165799529856,36,3.4817693330574766,6.164877463549527
504,18,19.449050111780572,73.33082453833792,2025-01-20 17:27:27.800000000,13.933009042512532,40,0.9358148046274031,6.162049680744097
505,18,19.449399286983883,73.33111039921306,2025-01-20 17:27:31.608695652,13.685054946658594,36,0.684771123461561,3.6352239316239343
506,18,19.449753273324813,73.33135991135585,2025-01-20 17:27:34.800000000,14.576555243055505,40,2.042364137992322,3.2048415838130135
507,18,19.450094671241914,73.33159719634433,2025-01-20 17:27:38.000000000,15.911071516446489,33,2.100190769932349,3.959061538461544
508,18,19.45044224853147,73.33179949794845,2025-01-20 17:28:20.769230769,16.563026386663115,32,2.0058353692644637,3.941352136752142
509,18,19.450816494569473,73.33198072110011,2025-01-20 17:28:23.538461538,16.87625553717494,31,0.7415812367257645,3.959061538461544
510,18,19.45119624654606,73.33216341011105,2025-01-20 17:28:26.461538462,17.354264524638605,27,1.380211867287707,3.959061538461544
511,18,19.451578663221106,73.33232448180186,2025-01-20 17:28:28.500000000,18.112438191807616,37,0.44583414531070664,3.959061538461544
512,18,19.451982437486812,73.3324757318889,2025-01-20 17:28:31.818181818,18.509685103359867,24,3.401788699424968,3.973411965811972
513,18,19.4523852855856,73.3325980633048,2025-01-20 17:28:34.086956522,18.347543721236068,26,2.2174539494488275,3.4275850688993574
514,18,19.452773744029418,73.33269480949227,2025-01-20 17:28:36.384615385,18.011551153846167,30,0.3898147769449639,3.8521470085470138
515,18,19.453164156546308,73.33278658260691,2025-01-20 17:28:38.769230769,18.119871381306854,31,0.32591660641194214,3.971275213675219
516,18,19.453535036595053,73.33286745526277,2025-01-20 17:28:41.384615385,18.64448522079777,27,1.1722586961604349,3.7383662654805563
517,18,19.45393006651742,73.332936452892,2025-01-20 17:28:43.272727273,18.865715520590456,26,0.8995782103041847,3.4362927612070497
518,18,19.45478650913099,73.33307171983148,2025-01-20 17:28:48.538461538,18.737520089830728,28,1.340903317550085,3.959061538461544
519,18,19.455211660257657,73.33314748156194,2025-01-20 17:28:51.153846154,18.850619578095916,31,0.7663062292064783,3.959061538461544
520,18,19.45563708106652,73.33322373396804,2025-01-20 17:28:53.800000000,18.548363019932488,31,1.0495976132023992,3.2167158925108517
521,18,19.456063898709147,73.33331507683862,2025-01-20 17:28:56.727272727,17.23932034632073,28,1.5811324769833188,3.238706145022112
522,18,19.45645861412513,73.3333890953667,2025-01-20 17:28:59.000000000,16.577446669746895,37,2.5182841078016454,3.675129914529917
523,18,19.457206245205576,73.33354832161514,2025-01-20 17:29:04.000000000,17.051079681386554,25,2.04791924727755,3.204268934240364
524,18,19.457599758412506,73.33360081962552,2025-01-20 17:29:06.500000000,17.5070594521605,36,1.671971021691405,3.959061538461544
525,18,19.45796858128936,73.33364722698434,2025-01-20 17:29:08.937500000,18.27068453414352,24,1.2845815001291676,3.9384119658119716
526,18,19.4583199815504,73.33371062851518,2025-01-20 17:29:11.300000000,18.769438939764253,26,0.8401330328638836,3.971275213675219
527,18,19.458715945645576,73.33377389402719,2025-01-20 17:29:13.285714286,19.47068970741199,27,3.7120190671248414,3.845548717948723
528,18,19.459458894177104,73.33395744751812,2025-01-20 17:29:17.600000000,20.87941961111109,25,0.6963981657071782,3.973411965811972
529,18,19.459836367588505,73.33400862160275,2025-01-20 17:29:39.500000000,21.333328685897534,24,2.797983723610142,3.941352136752142
530,18,19.46022537059932,73.33406069736415,2025-01-20 17:30:01.692307692,21.504428538995768,24,4.2348491924013665,3.903343589743595
531,18,19.460608134910427,73.3341534549408,2025-01-20 17:30:03.909090909,21.447770105820116,21,0.6507269201111788,3.917275213675219
532,18,19.460995897917037,73.33422607575946,2025-01-20 17:30:05.400000000,21.219700334448156,23,2.187108515764272,3.971275213675219
533,18,19.46182260167304,73.33436578399068,2025-01-20 17:30:10.230769231,19.971793752543437,27,0.8310255749237722,3.973411965811972
534,18,19.46221708410513,73.33441103338328,2025-01-20 17:30:12.428571429,18.91409444444445,27,0.9954122733622601,3.959061538461544
535,18,19.46260261213998,73.33444799899216,2025-01-20 17:30:14.700000000,18.490264655172407,29,2.6735053503962476,3.9552837606837654
536,18,19.462980962856452,73.33448190096101,2025-01-20 17:30:16.727272727,18.376278564834283,31,0.34607281697604747,3.9552837606837654
537,18,19.463411492976032,73.33449852001792,2025-01-20 17:30:19.380952381,18.444827706552648,30,0.8930811140828167,3.234706089615334
538,18,19.463854119919283,73.33450365022524,2025-01-20 17:30:22.000000000,18.329664339133092,28,1.5995416470654897,3.973411965811972
539,18,19.464299648593055,73.33450310344159,2025-01-20 17:30:24.692307692,18.220679341491838,33,0.3276327154866127,3.917275213675219
540,18,19.46473338423372,73.33450459318001,2025-01-20 17:30:27.600000000,17.99525810966813,35,1.254879663851215,3.9552837606837654
541,18,19.465158072245952,73.33450722900491,2025-01-20 17:30:30.636363636,18.14044635604292,22,2.1099658972565356,3.971275213675219
542,18,19.46558614551481,73.33451160259969,2025-01-20 17:30:32.538461538,18.62726473963281,27,0.598507755363015,3.959061538461544
543,18,19.46599886915891,73.33452109824664,2025-01-20 17:30:35.000000000,19.03124999999977,30,0.5122428377083125,3.959061538461544
544,18,19.46639795986182,73.33453223910553,2025-01-20 17:30:37.608695652,18.68733157933874,25,0.9500451033981968,3.959061538461544
545,18,19.46677609914017,73.33454331991722,2025-01-20 17:30:39.538461538,18.27282016076508,35,2.4281589806813937,3.845548717948723
546,18,19.46711672656801,73.33457737182022,2025-01-20 17:30:42.153846154,18.226063243546474,27,1.7517276015975238,3.973411965811972
547,18,19.46750297335003,73.334604431918,2025-01-20 17:30:43.916666667,18.484977965135187,31,0.8476386054611263,3.312526146869006
548,18,19.46794472778008,73.33461005568847,2025-01-20 17:30:46.636363636,18.694713252270464,34,0.7792536631950588,3.959061538461544
549,18,19.468379374669585,73.33460309044187,2025-01-20 17:30:49.642857143,18.466165693636825,26,0.5518192277877982,3.959061538461544
550,18,19.468782696461403,73.33456322316982,2025-01-20 17:30:51.800000000,18.39137243413412,32,0.6166581910078398,3.8521470085470138
551,18,19.469168852328416,73.33451535532993,2025-01-20 17:30:54.555555556,18.370309921878768,29,1.975812664696891,3.8328564102564133
552,18,19.469558153338024,73.33447343956442,2025-01-20 17:30:56.818181818,18.148552197996768,31,0.6770055539496136,3.959061538461544
553,18,19.469949270740756,73.33442621696244,2025-01-20 17:31:13.608695652,17.972217698726407,25,0.3833390969602234,3.959061538461544
554,18,19.47033776801645,73.33435,2025-01-20 17:31:41.727272727,17.897912258287736,33,2.3974883202066133,3.2981270538984844
555,18,19.470727573614298,73.33428470669895,2025-01-20 17:31:44.695652174,17.771536517347403,25,3.2618890831145486,3.973411965811972
556,18,19.471116796040413,73.33423320395958,2025-01-20 17:31:46.818181818,17.58463449865359,28,1.4963134785504806,3.941352136752142
557,18,19.471495557037372,73.33412273743028,2025-01-20 17:31:49.153846154,17.656363803642243,31,0.46906729702505834,3.959061538461544
558,18,19.471883438184108,73.33399825917672,2025-01-20 17:31:51.615384615,17.799877255460608,27,0.6360881508231518,3.9552837606837654
559,18,19.472271177807887,73.33387401900708,2025-01-20 17:31:54.307692308,18.027464636752153,30,5.457258284376567,3.973411965811972
560,18,19.47264045116146,73.33374134276033,2025-01-20 17:31:56.909090909,18.319334362139863,27,1.7120006361377582,3.973411965811972
561,18,19.472988935322117,73.33359382946173,2025-01-20 17:31:59.153846154,18.68164567901256,25,2.589940429462429,3.935548717948724
562,18,19.47331247809833,73.33344004286766,2025-01-20 17:32:00.571428571,19.014178240740677,28,3.652492388880807,3.959061538461544
563,18,19.47367411198409,73.33328915026884,2025-01-20 17:32:03.000000000,19.036104371474075,23,1.544062355549216,3.845548717948723
564,18,19.474027016450723,73.33315827367734,2025-01-20 17:32:05.384615385,18.432235056396454,26,1.1948162593303981,3.935548717948724
565,18,19.474377225061247,73.3330335322297,2025-01-20 17:32:07.619047619,18.289918040619494,34,0.8671354899170626,3.83564273504274
566,18,19.47475587590234,73.33287818812323,2025-01-20 17:32:10.545454545,18.777023433833065,22,5.58429526782023,3.971275213675219
567,18,19.475132958111992,73.3327424726429,2025-01-20 17:32:12.222222222,19.320660141093448,28,2.4420429909216526,3.959061538461544
568,18,19.475470871165523,73.33259113717459,2025-01-20 17:32:14.782608696,19.95113554987202,17,1.930876963053864,3.973411965811972
569,18,19.47577538244581,73.3324485331504,2025-01-20 17:32:16.086956522,20.284120518068875,21,1.0860789666737267,3.959061538461544
570,18,19.476109505069203,73.33231274214985,2025-01-20 17:32:17.565217391,20.344249140508442,29,2.9967119078842352,3.9552837606837654
571,18,19.476435791000533,73.33219572029229,2025-01-20 17:32:19.888888889,20.22083463642841,24,2.321408842491816,3.959061538461544
572,18,19.476788323798836,73.33208502670823,2025-01-20 17:32:21.272727273,20.260267304099568,29,1.3558021869452446,3.959061538461544
573,18,19.477157557465425,73.33195084407282,2025-01-20 17:32:24.076923077,20.094958370947168,20,1.7314482648701137,3.9384119658119716
574,18,19.477560445969758,73.33185717668408,2025-01-20 17:32:26.071428571,19.90171628787874,21,2.044513512011355,3.9552837606837654
575,18,19.477990892975328,73.33180218415842,2025-01-20 17:32:27.888888889,20.18334925881411,32,1.4287668938450797,3.959061538461544
576,18,19.478402951603478,73.33178727539328,2025-01-20 17:32:30.615384615,20.36353675824177,25,0.5288203401010317,3.8521470085470138
577,18,19.47882032564568,73.33179493926153,2025-01-20 17:32:32.571428571,20.442028944334695,23,1.5401102775585633,3.959061538461544
578,18,19.479234117967984,73.3318,2025-01-20 17:32:34.727272727,20.649020877673024,26,1.9119500887204353,3.8521470085470138
579,18,19.47962178854553,73.33183322319604,2025-01-20 17:32:36.956521739,20.5977408159474,21,2.5626281143787573,3.935548717948724
580,18,19.479967962302773,73.33188322319606,2025-01-20 17:32:39.000000000,20.69262908769976,23,1.3479996337381859,3.845548717948723
581,18,19.480312111530417,73.33191125480455,2025-01-20 17:33:20.538461538,20.662250365953465,24,2.976132888759774,3.973411965811972
582,18,19.480652378028537,73.33196118473437,2025-01-20 17:33:22.619047619,20.566222577289683,23,4.933883982554478,3.971275213675219
583,18,19.48102554718642,73.33199992992982,2025-01-20 17:33:24.304347826,20.356269927536246,30,0.23584092014252597,3.959061538461544
584,18,19.481459313515767,73.33200654523787,2025-01-20 17:33:26.913043478,20.00821920289857,24,0.7379752164520169,3.959061538461544
585,18,19.48185165589993,73.33195654523789,2025-01-20 17:33:29.086956522,19.750027777777817,22,3.35437843233891,3.971275213675219
586,18,19.482250273259574,73.33191002328113,2025-01-20 17:33:31.000000000,19.39523950454638,27,0.7438940214300775,3.9552837606837654
587,18,19.482647895631125,73.3318667104651,2025-01-20 17:33:33.181818182,19.48720241370147,23,4.003776886470726,3.973411965811972
588,18,19.483044470063522,73.33177629357057,2025-01-20 17:33:35.222222222,19.912547743055487,32,0.8599064472055143,3.959061538461544
589,18,19.48347848302589,73.33169935167285,2025-01-20 17:33:38.000000000,20.271094873859315,21,0.9193805138529467,3.9384119658119716
590,18,19.483892588541806,73.33161681272163,2025-01-20 17:33:40.043478261,20.751266858994732,29,1.9454410998860612,3.9552837606837654
591,18,19.484293928302662,73.33152817149215,2025-01-20 17:33:42.478260870,20.822097640282387,26,3.9249050328104578,3.8521470085470138
592,18,19.484679503453965,73.3314405638501,2025-01-20 17:33:44.739130435,20.645288457525968,23,3.4641675863245824,3.7449303680446593
593,18,19.484997286668897,73.33135035945894,2025-01-20 17:33:46.500000000,20.672769593664004,16,1.6837416518394386,3.9384119658119716
594,18,19.4853455990718,73.33127885198327,2025-01-20 17:33:47.909090909,20.855840109676613,26,0.5685795074640119,3.9384119658119716
595,18,19.485738172279877,73.33117900642605,2025-01-20 17:33:50.307692308,20.85446446257043,21,1.7338729229497898,3.310804030330082
596,18,19.486122882095692,73.33108920997194,2025-01-20 17:33:52.363636364,20.551897800468478,24,0.7518213401870628,3.845548717948723
597,18,19.486511907328698,73.33103208828693,2025-01-20 17:33:54.217391304,19.969551955533298,23,0.7502054151838714,3.935548717948724
598,18,19.486852041222193,73.33094467051033,2025-01-20 17:33:55.882352941,19.082094416027264,28,2.052438808298794,3.959061538461544
599,18,19.487219766455,73.33091363169598,2025-01-20 17:33:58.173913043,18.240111111111148,32,0.8189518623447599,3.6352239316239343
600,18,19.48762786209894,73.33097031975568,2025-01-20 17:34:00.695652174,18.036643011827348,29,4.81906029875802,3.959061538461544
601,18,19.48801291459598,73.33108585460607,2025-01-20 17:34:03.217391304,18.165885668276992,27,4.80154598686615,3.7959264957265013
602,18,19.488346534768574,73.33123703523475,2025-01-20 17:34:06.071428571,18.227831411128562,24,5.987112352052861,3.959061538461544
603,18,19.48886670387457,73.33159764036363,2025-01-20 17:34:08.956521739,19.26404864465936,26,3.780305703312205,3.959061538461544
604,18,19.48959446991885,73.33218656598876,2025-01-20 17:34:14.000000000,20.748008454106238,23,1.5365268146805804,3.935548717948724
605,18,19.48994439507056,73.33247167364664,2025-01-20 17:34:16.000000000,21.34894394517079,34,2.2318926434506547,3.9552837606837654
606,18,19.49032500509123,73.33272502937083,2025-01-20 17:34:42.000000000,21.838237212276162,17,1.9406544561661685,3.935548717948724
607,18,19.4907165052321,73.332958992832,2025-01-20 17:35:00.869565217,22.07541020136586,18,1.4483391708739484,3.845548717948723
608,18,19.491111429943288,73.3331635479424,2025-01-20 17:35:02.818181818,22.06299231660033,27,0.6906291056584493,3.959061538461544
609,18,19.491508535521692,73.33334393770315,2025-01-20 17:35:05.666666667,21.785079365438797,20,0.15341411258465698,3.845548717948723
610,18,19.49186883429086,73.33351696522249,2025-01-20 17:35:07.086956522,21.652458333333353,22,4.459925343472409,3.973411965811972
611,18,19.49223232559276,73.33365310919825,2025-01-20 17:35:08.913043478,21.509648893301772,32,2.1543725988257147,3.9552837606837654
612,18,19.49262939188846,73.33375411294132,2025-01-20 17:35:11.538461538,21.208013295346646,18,1.6176038284598813,3.727220966335257
613,18,19.493035764279686,73.33382799912556,2025-01-20 17:35:13.615384615,20.858524235267698,19,0.07370582663295745,3.7449303680446593
614,18,19.493471576790636,73.33387799219817,2025-01-20 17:35:15.384615385,20.47844456467898,29,1.4382734722762232,3.970548717948724
615,18,19.494174754428066,73.33396592589924,2025-01-20 17:35:19.600000000,21.356342164855022,23,1.2224766847816786,3.845548717948723
616,18,19.49486716484109,73.33397233040884,2025-01-20 17:35:23.100000000,21.824106990231993,21,3.5911495270642333,3.971275213675219
617,18,19.495255833057882,73.33391560878928,2025-01-20 17:35:24.769230769,21.683303774928774,18,4.290536245594229,3.9004034188034247
618,18,19.49569466069477,73.33381153415442,2025-01-20 17:35:27.583333333,21.40228962418305,17,0.8249324806028032,3.973411965811972
619,18,19.496133488388303,73.33370745950612,2025-01-20 17:35:29.083333333,21.211092658730156,30,2.582444662359528,3.845548717948723
620,18,19.496571369919945,73.33359955707479,2025-01-20 17:35:32.000000000,20.943611714975813,20,1.4657265946658746,3.9384119658119716
621,18,19.497004278513437,73.33347216085362,2025-01-20 17:35:34.043478261,20.4936778512918,23,4.427391525906257,3.959061538461544
622,18,19.497396950932394,73.33333208082826,2025-01-20 17:35:37.176470588,18.720763071895355,29,7.791222680422385,3.959061538461544
623,18,19.497738735165903,73.3331898164268,2025-01-20 17:35:39.823529412,17.368958681311906,24,3.9246552203086753,3.959061538461544
624,18,19.49806051841135,73.33304796850052,2025-01-20 17:35:41.666666667,17.03946094932638,26,5.412788018920779,3.973411965811972
625,18,19.498372072731257,73.33287790447307,2025-01-20 17:35:44.071428571,17.209138573232355,22,2.5837692362591,3.935548717948724
626,18,19.498700998422137,73.3326352837315,2025-01-20 17:35:46.153846154,17.70890586843715,28,1.9211173632478473,3.973411965811972
627,18,19.499068412653514,73.33237018111394,2025-01-20 17:35:49.952380952,18.183839745801677,22,6.974671537718151,3.9384119658119716
628,18,19.500401494793934,73.33156615661999,2025-01-20 17:35:58.000000000,19.17830541366844,25,3.551262592960668,3.959061538461544
629,18,19.50147852145144,73.33093600034283,2025-01-20 17:36:44.555555556,19.780427094840437,28,1.294784555443244,3.9552837606837654
630,18,19.501801001812265,73.33072033311866,2025-01-20 17:36:46.761904762,18.86137210648157,32,1.6054013774688727,3.970548717948724
631,18,19.5021831154953,73.33051533603478,2025-01-20 17:36:49.333333333,18.388075125089753,26,0.12884930699772512,3.959061538461544
632,18,19.502574207182075,73.33030054259224,2025-01-20 17:36:52.130434783,19.05210488665921,26,0.6462792097524451,3.8133863247863293
633,18,19.502976581648674,73.33008768422377,2025-01-20 17:36:54.478260870,19.411991587539536,29,4.902352287418987,3.9552837606837654
634,18,19.50335748652173,73.32988375233182,2025-01-20 17:36:57.043478261,19.648421497584533,22,0.7577625783164074,3.973411965811972
635,18,19.5037246608835,73.32973543671346,2025-01-20 17:36:58.608695652,19.70212498431518,28,2.829685059710258,3.959061538461544
636,18,19.504063597997614,73.32957835453297,2025-01-20 17:37:00.818181818,19.391957123758534,34,9.856997580838529,3.910770940170943
637,18,19.504375334847765,73.32939363067312,2025-01-20 17:37:03.523809524,18.86048312629401,25,2.878430752446647,3.845548717948723
638,18,19.504734200371235,73.32920371595151,2025-01-20 17:37:05.913043478,18.499306076988123,25,2.8291398783072235,3.845548717948723
639,18,19.505133377032305,73.32898704923358,2025-01-20 17:37:08.047619048,18.75511136306388,35,0.6641959121919662,3.9552837606837654
640,18,19.505538881424243,73.32879510144815,2025-01-20 17:37:11.047619048,19.25028012134797,20,0.5496571316673086,3.959061538461544
641,18,19.50594450831414,73.32864063132763,2025-01-20 17:37:13.130434783,19.344853059581325,21,1.4557668498405603,3.973411965811972
642,18,19.506352742637524,73.32849787824904,2025-01-20 17:37:16.086956522,19.35780490835126,19,10.225760046244355,3.845548717948723
643,18,19.506774681508837,73.32837643306658,2025-01-20 17:37:18.608695652,19.326716462281766,18,9.583159084041734,3.9384119658119716
644,18,19.50719589207072,73.32830025490716,2025-01-20 17:37:20.538461538,19.195265333297918,23,0.8024466702166023,3.973411965811972
645,18,19.507559602589176,73.32824932735961,2025-01-20 17:37:22.523809524,19.136374371487726,28,4.075274374461961,3.6352239316239343
646,18,19.507888842415717,73.32822364996724,2025-01-20 17:37:25.153846154,19.20876394230771,18,4.831409380002947,3.845548717948723
647,18,19.508551866931327,73.3282468843733,2025-01-20 17:37:28.100000000,19.803738123219308,20,4.433472127514032,3.7383662654805563
648,18,19.50886230786988,73.32829558016348,2025-01-20 17:37:30.190476190,20.505830246913835,17,5.378246139830188,3.973411965811972
649,18,19.50920090583257,73.32840330885357,2025-01-20 17:37:31.619047619,20.99534346484167,16,4.316441110309751,3.9384119658119716
650,18,19.509575438965737,73.32854431932806,2025-01-20 17:37:33.391304348,21.639052513006316,26,0.5892318752862847,3.845548717948723
651,18,19.5099854997211,73.3286567292411,2025-01-20 17:37:35.700000000,22.047916783910544,28,1.7689586692919106,3.973411965811972
652,18,19.51042050254722,73.32877707365594,2025-01-20 17:37:38.454545455,22.180280145903563,21,2.371358541673367,3.7383662654805563
653,18,19.51084493907216,73.32887829519048,2025-01-20 17:38:09.240000000,21.83358308774018,17,0.8320213643531423,3.971275213675219
654,18,19.511257038908003,73.32899827455437,2025-01-20 17:38:22.333333333,21.384517129629756,20,0.7948862033716666,3.845548717948723
655,18,19.511636816431338,73.32914141401375,2025-01-20 17:38:23.818181818,21.03221466757886,23,1.207117706031079,3.971275213675219
656,18,19.511973259510253,73.32930230015955,2025-01-20 17:38:25.692307692,20.831954458041967,22,3.050793366452211,3.935548717948724
657,18,19.512602716180716,73.32966590480486,2025-01-20 17:38:29.909090909,21.32086684760458,26,1.5472378015996895,3.959061538461544
658,18,19.51291565621064,73.32986086286422,2025-01-20 17:38:31.300000000,21.351013066458805,31,2.1333857275252304,3.973411965811972
659,18,19.513795346025173,73.33047571581295,2025-01-20 17:38:37.583333333,18.780756115846177,16,2.822002168584088,3.845548717948723
660,18,19.51408421598922,73.3307014221746,2025-01-20 17:38:39.000000000,17.808558733890255,29,1.6479941343829905,3.973411965811972
661,18,19.51436318011922,73.33102747939019,2025-01-20 17:38:41.666666667,16.46506229879223,38,1.4593123447685212,3.959061538461544
662,18,19.514614705713278,73.33135674839541,2025-01-20 17:38:44.916666667,15.635844682356135,24,8.02077456802301,3.9384119658119716
663,18,19.515119356221405,73.33208106644646,2025-01-20 17:38:51.000000000,16.774124305555432,24,1.244754877987028,3.935548717948724
664,18,19.51559991534483,73.33286598621626,2025-01-20 17:38:56.307692308,18.561471633841396,23,0.00952345425036092,3.959061538461544
665,18,19.516018666668966,73.33350096888859,2025-01-20 17:39:01.043478261,19.29743495370362,16,5.90968096809801,3.7449303680446593
666,18,19.516269685437802,73.33385674964231,2025-01-20 17:39:02.916666667,19.51629881850135,17,1.6122335539940942,3.973411965811972
667,18,19.516560219270797,73.33416673398187,2025-01-20 17:39:04.923076923,19.14008512994938,35,1.2303719303638054,3.970548717948724
668,18,19.51687326611299,73.33447707047854,2025-01-20 17:39:08.238095238,19.17142271763271,19,1.2600359437582014,3.973411965811972
669,18,19.517509039986432,73.33513231953698,2025-01-20 17:39:12.307692308,20.475967473140038,29,0.5548206612571147,3.959061538461544
670,18,19.517842907525452,73.33543952284809,2025-01-20 17:39:14.818181818,20.23435642135626,25,1.2163831287065077,3.971275213675219
671,18,19.518481428865915,73.33597162257713,2025-01-20 17:39:49.043478261,19.591077667622223,28,1.2204609855270836,3.959061538461544
672,18,19.51882268081509,73.33628207266622,2025-01-20 17:40:02.454545455,19.743930291196165,21,3.734593223114435,3.9384119658119716
673,18,19.519165193604486,73.33657670153178,2025-01-20 17:40:04.095238095,19.936994719520584,29,0.17174522256914124,3.959061538461544
674,18,19.519495514068943,73.33684364116263,2025-01-20 17:40:06.846153846,20.462315910941115,22,2.2724567017669264,3.971275213675219
675,18,19.519804198240045,73.33710465403755,2025-01-20 17:40:08.714285714,20.75859225071232,25,1.4353372297680294,3.9552837606837654
676,18,19.520118968196993,73.33737361416368,2025-01-20 17:40:10.571428571,20.738538439734892,28,0.06473899471302716,3.959061538461544
677,18,19.5204485200915,73.3376300877146,2025-01-20 17:40:13.000000000,20.77947337962963,24,1.4659755110206274,3.917275213675219
678,18,19.52112829508114,73.33809101402659,2025-01-20 17:40:17.000000000,21.488734261708895,27,5.729193599823798,3.941352136752142
679,18,19.521539771407603,73.33828040551691,2025-01-20 17:40:19.380952381,21.929625559625567,24,0.5010476678149127,3.973411965811972
680,18,19.522750200436377,73.3387894292196,2025-01-20 17:40:26.000000000,21.11933717357902,31,2.6879214725207063,3.941352136752142
681,18,19.523914416380087,73.33914572521113,2025-01-20 17:40:32.478260870,20.063595062722634,27,2.8560200664161055,3.959061538461544
682,18,19.52431760889639,73.33922097630835,2025-01-20 17:40:34.476190476,20.712462172352886,29,2.5055478664984308,3.971275213675219
683,18,19.524760748498473,73.33928983489828,2025-01-20 17:40:37.200000000,21.240834,25,1.6867711404336265,3.9384119658119716
684,18,19.525192865404648,73.33936865689134,2025-01-20 17:40:39.700000000,21.69794178743975,23,1.3686808700438933,3.971275213675219
685,18,19.525606114758506,73.33946727561128,2025-01-20 17:40:41.476190476,21.937958458825083,25,0.3287023299528238,3.9384119658119716
686,18,19.526019628095867,73.33957394172174,2025-01-20 17:40:43.538461538,22.104712048368327,24,1.337377376583341,3.845548717948723
687,18,19.526435100204473,73.33965958988048,2025-01-20 17:40:45.636363636,22.261432770754872,26,1.0792354206145691,3.973411965811972
688,18,19.526827789166752,73.33970616158845,2025-01-20 17:40:47.769230769,22.28218194444439,22,2.185380954548414,3.971275213675219
689,18,19.527217002567646,73.33975706683682,2025-01-20 17:40:49.769230769,22.013443570318604,22,4.298776266741379,3.8521470085470138
690,18,19.527621204653688,73.33986743263071,2025-01-20 17:40:51.538461538,21.547321164020996,25,0.8570288528036317,3.973411965811972
691,18,19.528019857857828,73.33996586535912,2025-01-20 17:40:53.619047619,21.14001160607608,31,1.080853181474061,3.959061538461544
692,18,19.52842825070568,73.34005510335058,2025-01-20 17:40:56.238095238,21.07889647690274,20,1.3704939054732705,3.959061538461544
693,18,19.528839828070048,73.34015856835703,2025-01-20 17:40:58.400000000,21.057121487449734,23,3.7984281535703466,3.973411965811972
694,18,19.529220426856845,73.34024463686723,2025-01-20 17:41:40.700000000,20.780841485507253,23,2.974867008663038,3.9552837606837654
695,18,19.529581211457,73.34035454594013,2025-01-20 17:41:43.076923077,20.47807586805557,16,2.1198637171138652,3.9384119658119716
696,18,19.529939053339152,73.34047585316699,2025-01-20 17:41:44.000000000,20.155337331649815,27,4.225533011264703,3.959061538461544
697,18,19.530298213519615,73.34064439745612,2025-01-20 17:41:46.636363636,19.318038407888597,21,3.236022826014669,3.845548717948723
698,18,19.530640060143572,73.34083536012758,2025-01-20 17:41:49.000000000,19.19685854700854,20,5.924939743652374,3.935548717948724
699,18,19.530947839544893,73.34106428888184,2025-01-20 17:41:50.538461538,19.050577575973445,27,6.0636755044525525,3.973411965811972
700,18,19.531278020229607,73.34135393451322,2025-01-20 17:41:53.000000000,18.448594463437697,25,2.1569235284471375,3.973411965811972
702,18,19.532683248816227,73.34263697007788,2025-01-20 17:42:04.000000000,19.658358345939416,24,1.7472444726440923,3.9552837606837654
703,18,19.53297342812845,73.34293935849375,2025-01-20 17:42:06.307692308,19.277220394112213,30,0.616029441270366,3.865112820512824
704,18,19.533301841574165,73.34323377086156,2025-01-20 17:42:09.000000000,18.6266814814815,19,0.8567219244963244,3.935548717948724
705,18,19.53363301512168,73.3435364403919,2025-01-20 17:42:10.900000000,17.85864283950616,30,1.1165120170805378,3.9494803418803484
706,18,19.533965608481488,73.3438137358525,2025-01-20 17:42:14.000000000,16.928239999999867,25,1.4942197841104619,3.971275213675219
707,18,19.534299969956322,73.34408948502346,2025-01-20 17:42:16.684210526,16.330314852918704,27,3.0162447067226257,3.9552837606837654
708,18,19.53463871915087,73.3444031622538,2025-01-20 17:42:19.222222222,16.371402166713523,31,2.58066310809288,3.959061538461544
709,18,19.53498513050868,73.34470516683172,2025-01-20 17:42:22.461538462,17.084811221764372,28,0.8469438258732015,3.9844803418803485
710,18,19.535324956653007,73.3449721008759,2025-01-20 17:42:25.153846154,18.01971003787891,30,0.7597670466169866,3.959061538461544
711,18,19.535661715623363,73.34523919810893,2025-01-20 17:42:28.000000000,19.040429269547698,24,5.577007920714894,3.935548717948724
712,18,19.536011006651172,73.34552262537278,2025-01-20 17:42:30.047619048,19.931733906525462,28,1.3538552271157014,3.973411965811972
713,18,19.536353809930816,73.34578642431408,2025-01-20 17:42:32.500000000,20.609911229395582,28,2.524836617590882,3.9552837606837654
714,18,19.53670311564914,73.3460295084532,2025-01-20 17:42:34.769230769,20.9334639719256,26,0.4100374708648164,3.941352136752142
715,18,19.537065688683523,73.34627951769914,2025-01-20 17:42:37.076923077,20.96962094125009,30,0.8808456238972833,3.9552837606837654
716,18,19.53741223987464,73.34653503906735,2025-01-20 17:43:08.818181818,20.446688546960395,21,2.0412502807850217,3.959061538461544
717,18,19.537750852543002,73.34679582670461,2025-01-20 17:43:21.652173913,19.604165868395402,27,3.5331204883778513,3.959061538461544
718,18,19.53810468871447,73.34707487889739,2025-01-20 17:43:24.000000000,18.726944527736116,29,3.948747931369192,3.9845572649572705
719,18,19.53846270332024,73.34736022296767,2025-01-20 17:43:26.782608696,18.255222584617982,33,0.9808302441297638,3.959061538461544
720,18,19.53879713884679,73.34763212363092,2025-01-20 17:43:29.545454545,18.680515572390547,27,1.2616854301491987,3.959061538461544
721,18,19.539092700326858,73.34788108720329,2025-01-20 17:43:31.727272727,19.228270493395435,26,0.4625373077888017,3.973411965811972
722,18,19.539374368460543,73.34806853408537,2025-01-20 17:43:33.700000000,19.845443803418778,24,0.6487494681441132,3.9384119658119716
723,18,19.539670614763587,73.34827553010192,2025-01-20 17:43:35.461538462,20.483082502374163,27,6.288613433381535,3.971275213675219
724,18,19.539996895823307,73.3485277765221,2025-01-20 17:43:37.692307692,21.158297542735028,19,2.2432346907723786,3.9384119658119716
725,18,19.540354726604118,73.34873368217845,2025-01-20 17:43:39.538461538,22.02749034504591,27,2.167432726882893,3.959061538461544
726,18,19.54073733254245,73.34888628237395,2025-01-20 17:43:41.769230769,22.513499228885635,22,1.292630420599334,3.9384119658119716
727,18,19.541145625036812,73.34903120724405,2025-01-20 17:43:43.714285714,22.35744370065592,29,1.9327837266816452,3.941352136752142
728,18,19.541549287469188,73.34917585442876,2025-01-20 17:43:45.812500000,21.454448829325912,22,2.0537962994037975,3.9384119658119716
729,18,19.542252441963,73.34953123320126,2025-01-20 17:43:49.923076923,21.154930652680573,21,2.6464797501063457,3.973411965811972
730,18,19.54254651442908,73.34978696532909,2025-01-20 17:43:52.000000000,20.607249921721262,27,0.7149052493995703,3.973411965811972
731,18,19.542814531549062,73.3500343981388,2025-01-20 17:43:53.800000000,19.933285300926016,24,0.8336187448330513,3.9552837606837654
732,18,19.543045060102724,73.35030442702889,2025-01-20 17:43:55.739130435,18.876093832090397,29,1.2542907043625986,3.7383662654805563
733,18,19.543272995725566,73.35063636109938,2025-01-20 17:43:58.307692308,18.21907515614731,26,0.40578667150636427,3.204268934240364
734,18,19.543464871133807,73.35102026588851,2025-01-20 17:44:00.692307692,17.151017871017803,33,4.145065735557634,3.959061538461544
735,18,19.543613389839543,73.35145890648346,2025-01-20 17:44:03.500000000,16.767529487179534,34,1.0508891830389955,3.973411965811972
736,18,19.543740721123605,73.35189487775207,2025-01-20 17:44:06.538461538,17.059316917324136,26,1.5833414246597655,3.935548717948724
737,18,19.5437961050914,73.35234199234341,2025-01-20 17:44:09.000000000,17.43364382665951,28,2.0168176229769452,3.935548717948724
738,18,19.54383405635417,73.35316292765,2025-01-20 17:44:13.476190476,18.89904859957333,27,6.109049991770866,3.959061538461544
739,18,19.543880527176967,73.35363716069558,2025-01-20 17:44:16.565217391,19.549288918371907,26,1.1414641069526401,3.935548717948724
740,18,19.543949673652058,73.35410815069498,2025-01-20 17:44:26.454545455,19.646196963621453,23,0.8446704358222122,3.959061538461544
741,18,19.544046386192104,73.3545732735137,2025-01-20 17:45:02.076923077,19.435183730158737,21,1.2245692296478485,3.971275213675219
742,18,19.54416254463453,73.35498838241308,2025-01-20 17:45:04.090909091,19.396864430708312,28,4.4560015983736525,3.9384119658119716
743,18,19.544315133519397,73.35535625492628,2025-01-20 17:45:06.200000000,19.705415619967816,21,1.3305301337242237,3.959061538461544
744,18,19.544655315178552,73.35617378443445,2025-01-20 17:45:10.846153846,19.127539281898684,28,0.448173206468295,3.9552837606837654
745,18,19.544855807959443,73.35653217844444,2025-01-20 17:45:13.230769231,17.990823946886316,28,0.24537709748127698,3.959061538461544
746,18,19.545059133796155,73.35688420708661,2025-01-20 17:45:15.727272727,17.107586135559956,29,0.13613425609609858,3.935548717948724
747,18,19.545266643689608,73.35724219563573,2025-01-20 17:45:18.230769231,17.078891052836017,25,4.269450599501756,3.9384119658119716
748,18,19.54549418891579,73.35760326596116,2025-01-20 17:45:20.384615385,17.77322609620782,34,6.174405483327036,3.845548717948723
749,18,19.54574036373414,73.35796185420055,2025-01-20 17:45:23.380952381,18.804570648487275,27,1.1146023790479305,3.935548717948724
750,18,19.545988924538953,73.35833436295138,2025-01-20 17:45:25.692307692,19.822986025150076,29,0.8605859434397461,3.845548717948723
751,18,19.54646223200419,73.35907907746815,2025-01-20 17:45:30.636363636,21.00209293694519,22,1.5357823489564935,3.845548717948723
752,18,19.54690660540797,73.35980041963612,2025-01-20 17:45:34.692307692,20.725320461945273,24,3.436183391335918,3.845548717948723
753,18,19.54712045841744,73.36013546228665,2025-01-20 17:45:36.904761905,19.75717092427247,24,1.2612090475593116,3.935548717948724
754,18,19.54729123168822,73.36044617092483,2025-01-20 17:45:38.600000000,18.583920917790007,30,3.0254456584189935,3.973411965811972
755,18,19.54743796848026,73.36077106706611,2025-01-20 17:45:41.076923077,18.169606860356744,23,0.43260447087610515,3.9384119658119716
756,18,19.54756281962066,73.3610864029224,2025-01-20 17:45:43.181818182,18.237228299478403,21,1.0156469678229576,3.845548717948723
757,18,19.547696721776425,73.36145246328107,2025-01-20 17:45:44.846153846,18.82491006216008,22,0.981870723820968,3.935548717948724
758,18,19.54785090334486,73.36185757626976,2025-01-20 17:45:47.095238095,19.608716427091643,22,0.15170999410152033,3.935548717948724
759,18,19.548006267422394,73.3622677861165,2025-01-20 17:45:49.384615385,19.916353357753287,28,5.669657525453823,3.9552837606837654
760,18,19.548190273889617,73.36268178896341,2025-01-20 17:45:51.846153846,19.52954719320446,27,9.550219839589781,3.845548717948723
761,18,19.54839624780464,73.36305673665304,2025-01-20 17:45:54.307692308,19.359144764956802,28,5.979288307886071,3.941352136752142
762,18,19.548626887987346,73.3633980613879,2025-01-20 17:45:56.538461538,19.971470652531277,26,0.38044625137705707,3.973411965811972
763,18,19.548905117031417,73.36374218526889,2025-01-20 17:45:59.000000000,21.258746794871794,26,1.7441295528800953,3.9384119658119716
764,18,19.549199331482974,73.36405632635208,2025-01-20 17:46:41.260869565,22.455111111110885,17,1.504817402074173,3.935548717948724
765,18,19.54948110520793,73.36434762721231,2025-01-20 17:46:42.652173913,23.33558626639076,23,3.3550431477009015,3.959061538461544
766,18,19.54979775937425,73.36464471721851,2025-01-20 17:46:44.380952381,23.63514434947752,27,2.6783950684586375,3.959061538461544
767,18,19.55010723735429,73.36493300876192,2025-01-20 17:46:46.692307692,23.40263533894074,24,1.5157562336620531,3.9384119658119716
768,18,19.55040467087601,73.36522442701738,2025-01-20 17:46:48.714285714,22.805577216931233,25,1.3277667565443727,3.959061538461544
769,18,19.550735734900705,73.36553393114939,2025-01-20 17:46:51.000000000,21.725748888888887,25,0.7582454916893893,3.935548717948724
770,18,19.551069867802806,73.36585184194742,2025-01-20 17:46:53.000000000,21.21723257776704,29,0.0990202227485516,3.959061538461544
771,18,19.55140478240887,73.36617019163519,2025-01-20 17:46:55.769230769,21.3055112179488,24,0.7885438825921459,3.959061538461544
772,18,19.551724309367465,73.36648430936746,2025-01-20 17:46:58.153846154,21.572137893507605,23,0.9641360080198851,3.971275213675219
773,18,19.552041377614707,73.366801269067,2025-01-20 17:47:00.238095238,21.83233544973544,25,2.625766835511848,3.971275213675219
774,18,19.552355679030335,73.36712877008614,2025-01-20 17:47:02.285714286,21.946475415416764,27,1.077352819065381,3.935548717948724
775,18,19.5526724090941,73.36744530788991,2025-01-20 17:47:04.692307692,21.759307869264273,23,1.5004036987260303,3.9384119658119716
776,18,19.5529842767793,73.36776017615475,2025-01-20 17:47:07.000000000,21.53126739618404,27,3.289206896776952,3.9552837606837654
777,18,19.553287231367317,73.36808415851971,2025-01-20 17:47:09.000000000,21.182877183203285,23,5.470960078763415,3.935548717948724
778,18,19.553883768236993,73.36868364756056,2025-01-20 17:47:13.636363636,20.43719090786983,25,2.1758796282883317,3.9552837606837654
779,18,19.5541523310751,73.36900941434781,2025-01-20 17:47:15.909090909,20.18420537494909,32,0.9278858697891257,3.845548717948723
780,18,19.55442675381981,73.36931711283314,2025-01-20 17:47:18.800000000,19.94219746867716,16,3.506351000207733,3.9384119658119716
781,18,19.55466262374849,73.36957958218349,2025-01-20 17:47:20.153846154,19.9641298878205,28,1.7036296724209548,3.845548717948723
782,18,19.55489590818202,73.36986992568683,2025-01-20 17:47:22.727272727,19.938848192501972,20,1.4059075843788007,3.973411965811972
783,18,19.555135510475793,73.37013933419402,2025-01-20 17:47:24.600000000,19.922662946775446,23,8.1027249687331,3.971275213675219
784,18,19.555380189875557,73.3703964489928,2025-01-20 17:47:26.400000000,19.816407013888877,20,4.140531224154502,3.959061538461544
785,18,19.55563569444477,73.37070195356202,2025-01-20 17:47:28.260869565,19.6295912639711,26,3.001887674797363,3.959061538461544
786,18,19.555894115572887,73.37105204325653,2025-01-20 17:47:30.538461538,19.307115361389826,23,2.751396396848276,3.7383662654805563
787,18,19.556140504060238,73.37135767473413,2025-01-20 17:47:32.538461538,18.76618927426742,28,0.9811269855391749,3.973411965811972
788,18,19.556403885932873,73.37162393399242,2025-01-20 17:47:35.000000000,18.22749844276101,30,2.120887728914428,3.9552837606837654
789,18,19.556691070284554,73.37195017936236,2025-01-20 17:47:39.826086957,18.181473666325417,22,7.992517481435496,3.973411965811972
790,18,19.556981421758998,73.37225599657282,2025-01-20 17:48:20.000000000,18.085915607404985,31,1.7957559201795494,3.8521470085470138
791,18,19.55728094788446,73.37255867885034,2025-01-20 17:48:23.076923077,18.029428204371357,21,5.555331578546756,3.644069159458656
792,18,19.557586288370196,73.3728935427045,2025-01-20 17:48:25.153846154,17.759733607104693,32,2.464658282340872,3.959061538461544
793,18,19.557881655197466,73.37318744937122,2025-01-20 17:48:27.846153846,17.229973114747512,28,2.399873616080228,3.973411965811972
794,18,19.558174350300725,73.373491150701,2025-01-20 17:48:30.695652174,16.80739613526577,20,1.139658642745111,3.83821538461539
795,18,19.558499338257413,73.3737661386577,2025-01-20 17:48:33.565217391,16.40490517000473,29,4.284780055655318,3.8413948717948774
796,18,19.55885871862917,73.37399618729883,2025-01-20 17:48:36.636363636,17.364768570318255,26,1.9920445859841838,3.959061538461544
797,18,19.55923812317701,73.37421408979958,2025-01-20 17:48:38.800000000,18.769112172364647,30,1.2228793788538928,3.9552837606837654
798,18,19.559614862761038,73.37435303018589,2025-01-20 17:48:41.384615385,19.287642769360332,20,1.3608490284958004,3.9384119658119716
799,18,19.560005629147938,73.37445268368447,2025-01-20 17:48:43.307692308,19.36296005280729,27,0.8341473067552257,3.973411965811972
800,18,19.560403999167,73.37455646093943,2025-01-20 17:48:45.800000000,19.48483881756128,27,1.2735143456260385,3.3175120181405915
801,18,19.560789299309274,73.37469314863455,2025-01-20 17:48:47.952380952,19.943733179101482,19,3.2227278467624596,3.83821538461539
802,18,19.561169474676483,73.37483253561028,2025-01-20 17:48:49.923076923,20.58890267885406,27,0.448431990957569,3.973411965811972
803,18,19.56155449397802,73.37495550435982,2025-01-20 17:48:52.461538462,21.33303448183761,20,0.626014414431733,3.971275213675219
804,18,19.561969555247828,73.37507314319217,2025-01-20 17:48:54.538461538,21.963493867244022,22,0.5898170771990316,3.845548717948723
805,18,19.56238359522014,73.37516995825035,2025-01-20 17:48:56.428571429,22.36714037037037,25,0.14976817421897137,3.2186680272108856
806,18,19.56279000545978,73.37526469126269,2025-01-20 17:48:58.461538462,22.503718110851604,25,0.35675685957661224,3.935548717948724
807,18,19.56322107908148,73.37536039854163,2025-01-20 17:49:01.173913043,22.49685899413866,21,8.351864060850678,3.959061538461544
808,18,19.564100067656398,73.37553384464275,2025-01-20 17:49:05.000000000,21.181542505787007,32,0.7122051910811881,3.959061538461544
809,18,19.564543340952582,73.37556816065856,2025-01-20 17:49:08.000000000,20.01971398194472,22,4.426503492780612,3.7383662654805563
810,18,19.564988379113412,73.37552977707881,2025-01-20 17:49:10.153846154,19.809949066754506,30,0.9839713533438359,3.959061538461544
811,18,19.56539507420165,73.37546079326114,2025-01-20 17:49:12.608695652,20.591026196227,21,2.2017436540612896,3.971275213675219
812,18,19.565786099655742,73.37534473270333,2025-01-20 17:49:14.571428571,21.040739820075814,24,2.2726947573231495,3.971275213675219
813,18,19.566181361875024,73.37520743268328,2025-01-20 17:49:16.727272727,21.452352968086696,23,3.010285065644583,3.845548717948723
814,18,19.566938365291893,73.37493612678801,2025-01-20 17:50:00.727272727,22.200644470794856,25,1.137974455954386,3.973411965811972
815,18,19.567349115321107,73.37481138095258,2025-01-20 17:50:03.000000000,22.342440426997236,22,3.402310856465147,3.83821538461539
816,18,19.567785033795936,73.37473068774554,2025-01-20 17:50:05.086956522,22.23746890657237,29,2.352976098210098,3.20465456541591
817,18,19.568221412314266,73.37467823326934,2025-01-20 17:50:07.000000000,22.119914173789123,26,0.6132763979778499,3.959061538461544
818,18,19.568658608712404,73.37463302090384,2025-01-20 17:50:09.428571429,22.177958855380854,24,2.932629154702962,3.941352136752142
819,18,19.569483556459737,73.37454119065418,2025-01-20 17:50:13.000000000,23.364249999999952,24,2.6505844069009328,3.973411965811972
820,18,19.56987073518839,73.37449734816282,2025-01-20 17:50:15.181818182,23.590956890331892,20,2.563038742992578,3.973411965811972
821,18,19.570299057846473,73.37448120816441,2025-01-20 17:50:16.928571429,22.634453596111474,19,2.0829674536035974,3.959061538461544
822,18,19.57071405915813,73.37445155278468,2025-01-20 17:50:19.000000000,20.329486286426757,31,0.6241541651171071,3.9552837606837654
823,18,19.571124585611507,73.37446824521692,2025-01-20 17:50:21.695652174,18.743175538833274,26,2.383689767566387,3.973411965811972
824,18,19.571511544692235,73.3745425277504,2025-01-20 17:50:24.000000000,18.04530335968382,33,1.780696103488419,3.959061538461544
825,18,19.571855363636068,73.37467509884144,2025-01-20 17:50:26.434782609,17.851714598429965,32,2.0303361868094374,3.7218619919762825
826,18,19.57217424361056,73.37482485430857,2025-01-20 17:50:28.956521739,17.821972347159704,29,1.3086866150579326,3.312526146869006
827,18,19.572451474846336,73.37500519339062,2025-01-20 17:50:31.043478261,17.988551580270425,29,3.639040727568557,3.9552837606837654
828,18,19.572704378175548,73.37524458930423,2025-01-20 17:50:33.478260870,18.390378653085893,25,3.227958057661485,3.959061538461544
829,18,19.572975311869058,73.3754917579669,2025-01-20 17:50:35.307692308,19.209729569406324,27,4.15500182072961,3.9384119658119716
830,18,19.573491828005512,73.37599459600588,2025-01-20 17:50:38.956521739,19.4207894876862,30,3.070590271260246,3.845548717948723
831,18,19.573786235847265,73.37629149087664,2025-01-20 17:50:41.461538462,18.77266025641024,27,1.5037037309861065,3.959061538461544
832,18,19.574106807932512,73.37661066519408,2025-01-20 17:50:44.000000000,18.23643374819627,28,0.993863426139148,3.959061538461544
833,18,19.57469941452512,73.3771224129894,2025-01-20 17:50:48.846153846,18.13087986704646,27,0.5663059350415797,3.971275213675219
834,18,19.575052075159086,73.37778117070138,2025-01-20 17:50:53.200000000,19.229261706349124,28,5.2653149693423975,3.959061538461544
835,18,19.575203001012397,73.37807840334047,2025-01-20 17:50:54.944444444,20.11148209876545,20,2.288166252413245,3.9384119658119716
836,18,19.57540318519885,73.37883680318427,2025-01-20 17:50:58.615384615,20.84366733974351,20,0.3484892968992244,3.971275213675219
837,18,19.575542603950836,73.37925322208656,2025-01-20 17:51:41.076923077,20.398151666666685,20,7.1777065386819805,3.9384119658119716
838,18,19.575662661272894,73.37960398513606,2025-01-20 17:51:42.800000000,19.780603960905346,27,4.172836607304327,3.971275213675219
839,18,19.57576797525716,73.37995993004394,2025-01-20 17:51:44.692307692,19.250590990028442,18,1.2266251042428642,3.653947462061751
840,18,19.575911297422458,73.3803294142308,2025-01-20 17:51:46.615384615,18.722462927350467,24,3.107140743376784,3.845548717948723
841,18,19.57608643658798,73.38071743389045,2025-01-20 17:51:49.000000000,18.782458114478132,30,3.1152429150238854,3.973411965811972
842,18,19.576273652410563,73.38110921881207,2025-01-20 17:51:51.600000000,18.842484676308665,33,2.712907826078803,3.921052991452997
843,18,19.57649436914809,73.3814346886832,2025-01-20 17:51:53.722222222,18.594414821524442,27,2.962815397850527,3.7433521367521423
844,18,19.576785118545498,73.38171643234213,2025-01-20 17:51:56.565217391,18.3354086902329,30,3.0834863357627786,3.959061538461544
845,18,19.577132698748777,73.38195026676067,2025-01-20 17:51:59.307692308,18.074093082264945,32,1.223267183160881,3.390462899005758
846,18,19.577503383316966,73.38213114827886,2025-01-20 17:52:01.818181818,17.71247112098427,38,0.6970560508962076,3.3175120181405915
847,18,19.577912580159293,73.38226636387296,2025-01-20 17:52:05.380952381,17.323102613435932,27,1.6679778778156424,3.959061538461544
848,18,19.578344353628076,73.38238267033599,2025-01-20 17:52:07.818181818,17.051186054089317,31,1.5082091209007433,3.959061538461544
849,18,19.578769730575193,73.38251293204891,2025-01-20 17:52:10.600000000,16.758893483445583,36,0.7915229885454844,3.9552837606837654
850,18,19.57918886630823,73.38266020044733,2025-01-20 17:52:14.363636364,16.828255729894472,25,0.9564864875585197,3.959061538461544
851,18,19.579606625670984,73.38282360835399,2025-01-20 17:52:16.391304348,17.203500396656242,34,2.581908303394171,3.935548717948724
852,18,19.580016556650527,73.38300896986223,2025-01-20 17:52:19.200000000,17.61736057347669,31,0.3267745393265626,3.9552837606837654
853,18,19.580420559455266,73.38321620198121,2025-01-20 17:52:22.400000000,17.89006041666672,28,0.8879193410377642,3.959061538461544
854,18,19.580813920209273,73.38341346872508,2025-01-20 17:52:24.956521739,17.83448282828283,31,1.7195395197763157,3.9552837606837654
855,18,19.581186897977812,73.38364530822591,2025-01-20 17:52:27.636363636,17.718121349549925,28,1.8076036289340562,3.959061538461544
856,18,19.581553666183844,73.38391992622844,2025-01-20 17:52:30.666666667,17.55037111111113,25,1.5835032182257682,3.959061538461544
857,18,19.58192568218996,73.38418426737763,2025-01-20 17:52:33.000000000,17.561559073967324,34,4.345157706863303,3.971275213675219
858,18,19.582251102108224,73.38442991857758,2025-01-20 17:52:36.029411765,17.9257372004357,33,3.3752858171921565,3.9552837606837654
859,18,19.58254695110866,73.38467477765796,2025-01-20 17:52:41.794117647,18.130260055304195,27,0.5708410478773605,3.959061538461544
860,18,19.582854183882432,73.38497918388244,2025-01-20 17:53:13.411764706,18.35118072953878,35,6.8497531742202264,3.970548717948724
861,18,19.58316548580115,73.38531577147296,2025-01-20 17:53:23.333333333,18.619639258645783,19,0.3657913107026394,3.973411965811972
862,18,19.58348331475152,73.38562334482407,2025-01-20 17:53:25.727272727,18.805643586278755,31,0.4846684153395463,3.8521470085470138
863,18,19.583791237038895,73.38591752022515,2025-01-20 17:53:28.117647059,19.072774408284026,26,2.8279844034583754,3.973411965811972
864,18,19.584076083490373,73.38625681633746,2025-01-20 17:53:31.636363636,19.473920405748007,18,4.237636673627557,3.935548717948724
865,18,19.58435022567692,73.38663472118374,2025-01-20 17:53:33.217391304,19.465937634192162,36,14.66563542567421,3.959061538461544
866,18,19.58463371245871,73.38697001099594,2025-01-20 17:53:36.406250000,19.433557521486797,19,11.519456477410692,3.9494803418803484
867,18,19.585124438896734,73.38763496621874,2025-01-20 17:53:39.933333333,19.288243258609715,19,10.826430592353036,3.845548717948723
868,18,19.585376280081462,73.38797711812768,2025-01-20 17:53:42.111111111,18.78919841269847,28,7.822014979558766,3.845548717948723
869,18,19.585640361647588,73.38834717549432,2025-01-20 17:53:44.777777778,18.32560931934889,31,15.885028758141114,3.973411965811972
870,18,19.585968695275366,73.3886664036907,2025-01-20 17:53:47.909090909,18.37229626262623,25,9.68696808243254,3.959061538461544
871,18,19.586657291639078,73.38927633375968,2025-01-20 17:53:53.076923077,19.738653356481354,28,4.464677912431813,3.845548717948723
872,18,19.5869964059589,73.38955285454409,2025-01-20 17:53:55.266666667,20.39500793075678,23,1.739541390551238,3.935548717948724
873,18,19.58768996577501,73.39011741142875,2025-01-20 17:53:59.909090909,20.94081083562941,24,1.0617426218504362,3.973411965811972
874,18,19.588063498561354,73.39034010986677,2025-01-20 17:54:01.909090909,20.902020292207784,28,1.3206182880810988,3.845548717948723
875,18,19.588438017439458,73.39053126995918,2025-01-20 17:54:04.363636364,21.256367840971265,29,0.5646876168383222,3.935548717948724
876,18,19.588798483012333,73.39070811671633,2025-01-20 17:54:06.923076923,21.524785570697702,16,1.1400200007249306,3.9384119658119716
877,18,19.589177814237637,73.39087681410815,2025-01-20 17:54:08.578947368,21.71979203638977,26,2.9041805615664837,3.959061538461544
878,18,19.5895901782282,73.39106622900218,2025-01-20 17:54:10.913043478,21.787278218861587,23,0.1904279999125001,3.845548717948723
879,18,19.590000803045694,73.39125704230537,2025-01-20 17:54:13.111111111,21.806181005658562,24,0.43585062241528005,3.959061538461544
880,18,19.59040263936658,73.3914427418477,2025-01-20 17:54:15.416666667,21.653324041413526,27,1.5556951766999432,3.973411965811972
881,18,19.590795156701095,73.39162127075244,2025-01-20 17:54:17.809523810,21.481950148809556,24,0.4740401223245258,3.9384119658119716
882,18,19.59118452894719,73.39177880517244,2025-01-20 17:54:43.600000000,21.335530044030047,26,1.2424387900562541,3.973411965811972
883,18,19.591583776612772,73.39194262552101,2025-01-20 17:55:01.882352941,21.141381119114353,35,2.1593211520707976,3.973411965811972
884,18,19.59198084884464,73.39209620042004,2025-01-20 17:55:04.714285714,21.007905632011077,17,0.27526039915872935,3.973411965811972
885,18,19.59239161084354,73.39217885656491,2025-01-20 17:55:06.608695652,21.088046721877127,28,0.666531370886229,3.9552837606837654
886,18,19.592833055844444,73.39218840362909,2025-01-20 17:55:09.083333333,21.29436751322752,30,1.4355654507786282,3.959061538461544
887,18,19.593247216572244,73.3921789422974,2025-01-20 17:55:11.714285714,21.472106349206406,19,3.24514920142219,3.9384119658119716
888,18,19.59365407565101,73.39211246210432,2025-01-20 17:55:13.904761905,21.6487979448162,18,4.126216443526659,3.973411965811972
889,18,19.594086223370613,73.39198585316251,2025-01-20 17:55:15.636363636,21.6203043541479,24,0.29195525301376135,3.935548717948724
890,18,19.594821526969874,73.39182562458525,2025-01-20 17:55:19.741935484,20.93659052153986,22,0.4789419056169078,3.973411965811972
891,18,19.595222236064757,73.39175289983726,2025-01-20 17:55:21.818181818,20.590449326599476,23,0.508292742679668,3.973411965811972
892,18,19.59560585435087,73.39168926782176,2025-01-20 17:55:23.900000000,20.153228832671818,20,0.9547136834200145,3.973411965811972
893,18,19.595995019604175,73.39168685183938,2025-01-20 17:55:25.514285714,19.1895136688746,31,0.1762941183111123,3.9844803418803485
894,18,19.59644052465344,73.3917419904572,2025-01-20 17:55:28.500000000,18.04149191005441,28,2.6596720549738464,3.9552837606837654
895,18,19.596876170521817,73.3918552265263,2025-01-20 17:55:31.043478261,17.164277170529953,35,0.9378063382166227,3.9552837606837654
896,18,19.597276825715376,73.39202365754693,2025-01-20 17:55:34.400000000,16.325987037036967,27,0.4509139117084077,3.973411965811972
897,18,19.597620912201833,73.39220814228838,2025-01-20 17:55:36.628571429,16.97183482552819,33,1.1974638359356817,3.9552837606837654
898,18,19.59849898959004,73.3928093605605,2025-01-20 17:55:43.300000000,19.115498737373798,33,3.7578405236275754,3.971275213675219
899,18,19.59943814678965,73.39362556061585,2025-01-20 17:55:49.818181818,21.27480429292911,26,1.9892106710944417,3.941352136752142
900,18,19.59971512697118,73.39394124137179,2025-01-20 17:55:51.933333333,21.907193967864867,17,1.639937484801293,3.9384119658119716
901,18,19.60029283010472,73.39460021284586,2025-01-20 17:55:56.000000000,22.03161074513249,23,0.7073286738783016,3.8521470085470138
902,18,19.600599414479433,73.39494915405498,2025-01-20 17:55:58.727272727,22.069123743386225,21,7.8924880589015345,3.959061538461544
904,18,19.60218782913047,73.3965017958632,2025-01-20 17:56:49.304347826,21.778120554823598,25,1.1010983976498847,3.8521470085470138
905,18,19.602572673017708,73.39674687704982,2025-01-20 17:56:52.066666667,21.736709730151787,19,4.327522542059961,3.971275213675219
906,18,19.603380248997432,73.39713452738025,2025-01-20 17:56:55.913043478,21.882825765450598,29,0.752709791879022,3.8521470085470138
907,18,19.604192824564826,73.39736033398773,2025-01-20 17:57:00.391304348,21.913185957599705,25,0.37180870467545324,3.959061538461544
908,18,19.605078974918392,73.39743179339268,2025-01-20 17:57:05.000000000,21.763146751606982,22,0.5734191358731212,3.973411965811972
909,18,19.605513479010845,73.39747667679592,2025-01-20 17:57:07.000000000,21.69135924807516,26,1.3523995721831292,3.973411965811972
910,18,19.606273510800328,73.39758831698592,2025-01-20 17:57:10.750000000,21.138022962963007,25,2.8037052163129372,3.959061538461544
911,18,19.606668203190992,73.39768646283522,2025-01-20 17:57:12.909090909,20.515959209401856,30,2.1609865982760597,3.9845572649572705
912,18,19.607069271368957,73.39781652916757,2025-01-20 17:57:15.400000000,20.43856010954266,28,0.22995174282630562,3.845548717948723
913,18,19.607866948838243,73.39812107674709,2025-01-20 17:57:19.909090909,20.64794511614464,27,0.2127629711221407,3.971275213675219
914,18,19.608257407108653,73.39831678050086,2025-01-20 17:57:21.833333333,20.450508340985593,22,1.003944058315371,3.941352136752142
915,18,19.608618894998077,73.39855176397046,2025-01-20 17:57:24.035714286,20.256120236759116,27,0.850851839121754,3.959061538461544
917,18,19.609238287138677,73.3991245608999,2025-01-20 17:57:28.777777778,19.639698590846795,27,0.32349900816664373,6.163265165912523
918,18,19.609653312979184,73.39960051948472,2025-01-20 17:57:33.888888889,18.185547116402024,20,0.9937525906141564,3.935548717948724
919,18,19.61004639535142,73.40060912981998,2025-01-20 17:57:39.000000000,18.75175,21,4.781884546621811,3.973411965811972
920,18,19.610137954726387,73.40130173423162,2025-01-20 17:58:22.181818182,19.562418251781835,21,0.9854152044944767,3.959061538461544
921,18,19.610222615960843,73.40171890124766,2025-01-20 17:58:24.772727273,19.5747255055734,21,6.610988728105978,3.9384119658119716
922,18,19.610203391077725,73.40210020076873,2025-01-20 17:58:26.800000000,19.473342697157914,28,6.5231721358834935,3.935548717948724
923,18,19.61007193496182,73.40253429584337,2025-01-20 17:58:29.272727273,19.537284317534297,26,1.145006864270106,3.935548717948724
924,18,19.609966067431948,73.40299790032634,2025-01-20 17:58:32.476190476,19.636005598947378,21,9.487540692176113,3.973411965811972
926,18,19.609825139983364,73.40428948407246,2025-01-20 17:58:38.363636364,20.127887339368275,17,4.833664574845728,3.973411965811972
927,18,19.60983259393941,73.40473137214687,2025-01-20 17:58:40.882352941,20.07941378316048,17,2.8299674483123205,3.971275213675219
928,18,19.609907360950594,73.40517412522023,2025-01-20 17:58:42.666666667,19.707457259259286,30,2.9763792343716595,3.959061538461544
930,18,19.610199755297803,73.4059728206413,2025-01-20 17:58:47.173913043,19.07090327563491,29,6.235985781050814,3.407648316762604
931,18,19.61037814993822,73.40633739638784,2025-01-20 17:58:49.545454545,19.027488246097356,33,4.889729399128009,3.9552837606837654
932,18,19.61058997063534,73.40673524263502,2025-01-20 17:58:52.200000000,19.142186909090945,25,0.22277033027325022,3.9384119658119716
933,18,19.610883237277342,73.40708358210165,2025-01-20 17:58:54.826086957,19.56282812499998,24,0.6668992807764502,3.959061538461544
934,18,19.61119752018685,73.40736576383262,2025-01-20 17:58:57.466666667,20.060712395118212,19,2.316043118228764,3.8708478632478687
935,18,19.61152085017794,73.40763737209413,2025-01-20 17:58:59.608695652,20.443530378214984,23,0.38888755891639254,3.973411965811972
936,18,19.611884380342023,73.40789833698915,2025-01-20 17:59:01.545454545,20.834229196181028,31,0.6747976618687804,3.959061538461544
937,18,19.612267142965663,73.40812165101849,2025-01-20 17:59:04.478260870,21.27223576773703,31,1.9207979478391084,3.807634188034192
939,18,19.613015666847335,73.40862076023008,2025-01-20 17:59:08.400000000,21.657733655394644,21,0.971298090320864,3.935548717948724
940,18,19.613351889267612,73.40892651384783,2025-01-20 17:59:10.565217391,21.477848631239947,28,0.7626172052354638,3.327056125014108
941,18,19.61365876560508,73.40926862836267,2025-01-20 17:59:13.733333333,21.148323545199027,17,0.9618743517777126,3.973411965811972
942,18,19.61389727591581,73.40958421950843,2025-01-20 17:59:15.173913043,20.64735220300267,27,0.4003467792848047,3.9552837606837654
943,18,19.614125065321765,73.40991426200146,2025-01-20 17:59:17.222222222,20.27425306180746,19,4.798190610376016,3.973411965811972
944,18,19.614387763004768,73.41030166727778,2025-01-20 17:59:37.260869565,21.14383655170853,27,2.350738504730601,3.973411965811972
945,18,19.614647648833316,73.41069122324997,2025-01-20 18:00:01.733333333,21.7242975878958,18,4.532753671304436,3.973411965811972
946,18,19.61489456743143,73.41099725090763,2025-01-20 18:00:04.130434783,22.053661960459998,23,3.954584101399151,3.935548717948724
947,18,19.61525753781815,73.41157589192844,2025-01-20 18:00:07.062500000,22.35667287412946,27,1.5575628660883634,3.9552837606837654
948,18,19.615750636643284,73.41230986013686,2025-01-20 18:00:11.238095238,22.642697293083838,21,6.106976087450853,3.971275213675219
949,18,19.61601725718141,73.41268973193809,2025-01-20 18:00:13.352941176,22.83587867489945,26,0.6795459693973177,3.970548717948724
950,18,19.61654432913124,73.41345872866948,2025-01-20 18:00:17.583333333,23.38806227819103,27,8.189231476842876,3.973411965811972
951,18,19.6173019653637,73.41452513251583,2025-01-20 18:00:23.800000000,23.334534209199763,23,3.219686346342061,3.845548717948723
952,18,19.617529205574847,73.41492557611298,2025-01-20 18:00:25.913043478,23.0528085745951,25,0.7655897873369363,3.935548717948724
953,18,19.61804393383698,73.41565546980755,2025-01-20 18:00:30.000000000,22.416211956521728,19,1.787135391757704,3.935548717948724
954,18,19.61831487772586,73.41602219363688,2025-01-20 18:00:32.347826087,22.12891835983602,26,3.8876536854077077,3.935548717948724
955,18,19.618563834286924,73.41636210719764,2025-01-20 18:00:34.923076923,22.345063461865028,17,4.5080777767822084,3.845548717948723
956,18,19.619037344980608,73.4171091667295,2025-01-20 18:00:39.062500000,23.17436834131858,17,0.6465536111295964,3.7383662654805563
957,18,19.619551768088503,73.41783067925016,2025-01-20 18:00:42.823529412,22.54310104104769,20,1.2258804049641234,3.9552837606837654
959,18,19.620097677991048,73.41852812639982,2025-01-20 18:00:46.800000000,21.632949600924235,23,1.8567221156887899,3.959061538461544
960,18,19.620424126951967,73.41884646692142,2025-01-20 18:00:48.913043478,21.652695428926954,33,0.9853403832067097,3.959061538461544
961,18,19.620780480796434,73.4191289157828,2025-01-20 18:00:51.434782609,21.70220179961672,22,0.8888083563646537,3.935548717948724
962,18,19.62116373631168,73.4193350833975,2025-01-20 18:00:53.727272727,21.739423857089403,27,1.9253259020937283,3.845548717948723
963,18,19.621566013686618,73.41949640630006,2025-01-20 18:00:55.866666667,21.79685865700481,20,2.0697549980883307,3.959061538461544
964,18,19.621988348743344,73.4196200388713,2025-01-20 18:00:58.130434783,21.938777867239235,27,0.432666699631419,3.9552837606837654
965,18,19.622413367074905,73.41969793064865,2025-01-20 18:01:40.454545455,22.089506444444396,25,0.5398885298831129,3.959061538461544
966,18,19.622826362923888,73.41977540066452,2025-01-20 18:01:42.800000000,22.320429340277705,28,2.456929354969656,3.973411965811972
967,18,19.623230074878876,73.41984468620025,2025-01-20 18:01:44.909090909,22.492387386363546,20,2.9016327843055354,3.959061538461544
968,18,19.623610251508204,73.41992151657278,2025-01-20 18:01:46.800000000,22.6558545486111,20,2.7906475365670502,3.973411965811972
969,18,19.62396163509464,73.41998893729826,2025-01-20 18:01:48.545454545,22.677854386253838,23,0.7046682260330082,3.973411965811972
970,18,19.624808594959394,73.42008029819246,2025-01-20 18:01:52.666666667,22.566359507610603,22,0.7380831827531226,3.845548717948723
971,18,19.62525371555624,73.42014795316501,2025-01-20 18:01:55.190476190,22.23550889850881,19,5.080691825511907,3.845548717948723
972,18,19.625691692478778,73.4202170038065,2025-01-20 18:01:57.000000000,21.95976252605418,24,0.035606826730591325,3.959061538461544
974,18,19.62657514110524,73.42035067742688,2025-01-20 18:02:01.272727273,21.375126446281058,26,0.32018266075357144,3.935548717948724
975,18,19.627012008732024,73.42041336261124,2025-01-20 18:02:03.600000000,20.865176030303278,25,0.8177349952087704,3.845548717948723
976,18,19.627426360750974,73.42047915381073,2025-01-20 18:02:06.363636364,19.986950614095946,22,0.8058982788433193,3.973411965811972
977,18,19.627830225948852,73.42056025496115,2025-01-20 18:02:08.090909091,18.488394965277777,36,0.900059941165862,3.935548717948724
978,18,19.62825140324896,73.42066349120475,2025-01-20 18:02:10.600000000,16.87770345410636,30,0.7446289700129619,3.973411965811972
979,18,19.628619854540524,73.4207450382198,2025-01-20 18:02:13.347826087,14.866818022274424,32,2.9688104685897247,3.6352239316239343
980,18,19.62895570392338,73.42088346779528,2025-01-20 18:02:16.181818182,13.833554618087229,39,4.244260996005239,3.973411965811972
981,18,19.629330078895123,73.42109917941198,2025-01-20 18:02:19.391304348,13.830682263394806,40,3.1435906184935805,3.959061538461544
982,18,19.6296745948868,73.42134444531236,2025-01-20 18:02:23.454545455,14.230419071145985,30,2.164854804306779,3.973411965811972
983,18,19.62999067979546,73.42158437261062,2025-01-20 18:02:25.695652174,14.918258435807205,33,3.122582287256682,3.959061538461544
984,18,19.630292507925148,73.42181796507847,2025-01-20 18:02:29.363636364,16.614615977961396,22,3.6909324918092277,3.845548717948723
985,18,19.630554672464967,73.42210401972967,2025-01-20 18:02:31.347826087,17.52969112554112,28,1.9825041859768566,3.9552837606837654
986,18,19.630802899120646,73.42241232027655,2025-01-20 18:02:33.454545455,18.159553647586858,24,3.3422070955619083,3.935548717948724
987,18,19.631213109749694,73.42306420882161,2025-01-20 18:02:37.565217391,18.920335705459358,24,9.218806652978513,3.917275213675219
988,18,19.63142505672173,73.42345197438381,2025-01-20 18:03:20.000000000,19.40026984126956,21,2.487933550112537,3.959061538461544
989,18,19.631657519188863,73.42416176404063,2025-01-20 18:03:24.090909091,19.191263888888894,32,0.5927023477017357,3.9552837606837654
990,18,19.631714638923587,73.42456358083865,2025-01-20 18:03:26.636363636,19.10170360881557,25,0.48730236316667724,3.9552837606837654
991,18,19.63173251047082,73.42499772605191,2025-01-20 18:03:28.818181818,19.17120276424956,28,0.5179971363496317,3.973411965811972
992,18,19.631739642275186,73.4253923215449,2025-01-20 18:03:30.818181818,18.86673611111113,27,1.3246209695832594,3.8521470085470138
993,18,19.631717599286368,73.42582538868601,2025-01-20 18:03:32.909090909,18.559755248444198,25,3.900384076717294,3.959061538461544
994,18,19.63164326542367,73.4262943158023,2025-01-20 18:03:35.909090909,18.618852318591767,26,0.6941183049972981,3.959061538461544
995,18,19.631545909760966,73.42674968334435,2025-01-20 18:03:38.888888889,19.156823844829102,24,1.0946100090162112,3.959061538461544
996,18,19.631443116550464,73.42719738597648,2025-01-20 18:03:40.869565217,19.858657690701822,21,1.5261547227413317,3.959061538461544
997,18,19.63132936101837,73.42765242251612,2025-01-20 18:03:43.181818182,20.677165146780293,40,0.762339935580138,3.9387794871794917
998,18,19.63126349749754,73.42806384638564,2025-01-20 18:03:45.090909091,21.02861935763882,24,6.5952072163332405,3.8133863247863293
999,18,19.631036685638577,73.42889076717896,2025-01-20 18:03:49.347826087,22.847618702012593,29,1.350192626136956,3.8413948717948774
1000,18,19.63081423924801,73.42980337034327,2025-01-20 18:03:53.545454545,23.891106997416312,21,0.5813587342175982,3.9552837606837654
1001,18,19.630725167127338,73.4302270373982,2025-01-20 18:03:55.217391304,23.82383118625873,25,1.04103441838417,3.218929567724527
1002,18,19.630626976104814,73.430647070686,2025-01-20 18:03:57.555555556,23.78556729407424,21,1.0805552506452125,3.959061538461544
1003,18,19.6305304847312,73.43109315119662,2025-01-20 18:03:59.384615385,23.817394967750875,24,1.9917174339457342,3.5214431885574773
1004,18,19.629993708963127,73.43336488494096,2025-01-20 18:04:09.500000000,23.16478689236114,24,0.6250709262057401,3.9552837606837654
1005,18,19.62989623443771,73.43377120121508,2025-01-20 18:04:11.777777778,22.91571110066833,19,1.5476055690715478,3.971275213675219
1006,18,19.629761822754247,73.43416890288015,2025-01-20 18:04:13.514285714,22.845043650793656,25,1.7351124229026005,3.9552837606837654
1007,18,19.629581751371177,73.43458126938096,2025-01-20 18:04:15.571428571,22.845044147839225,31,0.5613835130109276,3.959061538461544
1009,18,19.62911277930713,73.43528637039194,2025-01-20 18:04:30.181818182,23.1667080606057,25,1.8118909583012908,3.959061538461544
1010,18,19.62885903224288,73.43556957839951,2025-01-20 18:05:01.300000000,23.636392878787888,20,3.246438617439859,3.959061538461544
1011,18,19.62857491417059,73.4358772432524,2025-01-20 18:05:03.000000000,24.1698069444444,24,3.6732730800886126,3.9552837606837654
1012,18,19.628280148009523,73.43621110335901,2025-01-20 18:05:05.083333333,24.351747619047572,21,1.3362132772809165,3.935548717948724
1013,18,19.62807402362294,73.43659568055621,2025-01-20 18:05:06.818181818,24.48495263157891,19,2.6752215268302777,3.935548717948724
1014,18,19.627882618685874,73.43699058052461,2025-01-20 18:05:08.666666667,24.576696888618635,23,2.8645705770493066,3.971275213675219
1015,18,19.62769069862961,73.43736438870997,2025-01-20 18:05:10.461538462,24.458591464862312,22,1.6598898018685706,3.971275213675219
1016,18,19.627527475133384,73.4377167083131,2025-01-20 18:05:12.222222222,24.163932784636497,18,2.0139207027561374,3.935548717948724
1017,18,19.627342651265934,73.43810131480893,2025-01-20 18:05:13.818181818,23.459110936956158,29,0.9073053271244941,3.9552837606837654
1018,18,19.62715599808572,73.43850991388835,2025-01-20 18:05:16.090909091,22.730700757575697,26,0.6000421727389288,3.959061538461544
1019,18,19.627034897560215,73.43894040063367,2025-01-20 18:05:18.363636364,22.015751957985763,23,1.6844057249009186,3.973411965811972
1020,18,19.626966625145634,73.43940903247687,2025-01-20 18:05:20.777777778,20.198601969269976,24,1.3398997924816198,3.935548717948724
1021,18,19.62695635576365,73.43988146890342,2025-01-20 18:05:22.956521739,19.31848230786122,30,0.8310918035772022,3.6352239316239343
1022,18,19.627035899544342,73.44033877749406,2025-01-20 18:05:25.545454545,18.996311568061444,21,1.516229439513001,3.941352136752142
1023,18,19.627185176700237,73.44076983253899,2025-01-20 18:05:27.909090909,16.99262784398612,35,1.9777281048471318,3.935548717948724
1024,18,19.627394044111426,73.44118380191564,2025-01-20 18:05:31.058823529,15.297309343604034,35,0.3436649985769909,3.959061538461544
1025,18,19.627617998478314,73.44154894341533,2025-01-20 18:05:34.900000000,13.550054830246937,36,2.760597855591772,3.971275213675219
1026,18,19.627852229752285,73.4419069601044,2025-01-20 18:05:37.818181818,12.54027120535728,42,0.17852904559880098,3.959061538461544
1027,18,19.62807174677006,73.44228841134155,2025-01-20 18:05:41.909090909,13.370109658229723,34,6.535961684469959,3.970548717948724
1028,18,19.628292253986935,73.44266686656422,2025-01-20 18:05:44.909090909,13.89258230812395,39,3.2278231281314977,3.9384119658119716
1029,18,19.628495803795587,73.4430845180045,2025-01-20 18:05:48.363636364,13.925777296777296,28,1.297715966417564,3.845548717948723
1030,18,19.628605607853437,73.44353999223763,2025-01-20 18:05:52.090909091,16.024230000931453,30,6.1157715880835966,3.9384119658119716
1031,18,19.628652294537325,73.44394788906696,2025-01-20 18:05:54.695652174,16.2933307480213,29,1.0805799845114161,3.9845572649572705
1032,18,19.628601069427205,73.4447204944911,2025-01-20 18:06:04.125000000,16.151887323607937,38,4.850203996674797,3.845548717948723
1033,18,19.62845965844854,73.44516411332842,2025-01-20 18:06:42.652173913,16.167376074091823,33,0.49547216575925496,3.973411965811972
1034,18,19.628255413855488,73.44609391701651,2025-01-20 18:06:48.391304348,15.96864510719839,33,0.4353450892350622,3.9552837606837654
1035,18,19.628173360221204,73.44656278684852,2025-01-20 18:06:51.454545455,14.845900357230953,41,0.6806160855473103,3.9552837606837654
1036,18,19.62812434859472,73.44702339598045,2025-01-20 18:06:54.913043478,14.299974494263306,32,1.8455582144989757,3.973411965811972
1037,18,19.628160098111042,73.44785342912914,2025-01-20 18:07:01.555555556,13.614301188629288,34,1.5732471127072616,3.959061538461544
1038,18,19.62816847985053,73.44870077013957,2025-01-20 18:07:08.272727273,13.012341635216643,39,2.1580103470533487,3.9552837606837654
1039,18,19.62818677097277,73.44915587796265,2025-01-20 18:07:12.100000000,13.242226004464257,32,0.22315689026745555,3.973411965811972
1040,18,19.628232366381532,73.4500968509141,2025-01-20 18:07:18.833333333,14.693780480129403,26,0.010620864687295182,3.845548717948723
1041,18,19.628251817818573,73.45056119783294,2025-01-20 18:07:21.181818182,14.55130750759406,40,0.5380552834005748,3.9552837606837654
1042,18,19.62826625769783,73.45101796985556,2025-01-20 18:07:24.347826087,12.133962885544577,52,9.969661456540559,4.000548717948724
1043,18,19.628277617740032,73.45147484942686,2025-01-20 18:07:31.142857143,9.553512817215754,36,5.954857129660676,3.845548717948723
1044,18,19.62828774470237,73.45194620743155,2025-01-20 18:07:36.111111111,11.1372111474218,34,0.19063933601016397,3.973411965811972
1045,18,19.62828653340172,73.45241074183488,2025-01-20 18:08:20.000000000,12.84439952153109,38,0.431431357293244,3.845548717948723
1046,18,19.6282726598818,73.45286935072212,2025-01-20 18:08:23.181818182,13.514642944977718,35,0.48998030934753894,3.6352239316239343
1047,18,19.628245713924763,73.45331313293838,2025-01-20 18:08:27.173913043,12.371575584650904,40,4.33540702972213,3.973411965811972
1048,18,19.62819936457277,73.4537579091709,2025-01-20 18:08:30.272727273,9.625843903123767,41,2.559962449179075,3.700352136752139
1049,18,19.628120053647265,73.45421796945334,2025-01-20 18:08:34.733333333,1.0804866586641848,777,10.795180979788045,3.845548717948723
1050,18,19.62788247579484,73.45513860053941,2025-01-20 18:10:38.125000000,10.025813773642698,39,1.1298748650191601,3.959061538461544
1051,18,19.627437385238782,73.45687505435862,2025-01-20 18:10:52.695652174,15.574543823326112,28,2.94301097801298,3.9552837606837654
1052,18,19.62730656986804,73.4573170341558,2025-01-20 18:10:55.608695652,16.910014820778702,24,0.7524315712605699,3.973411965811972
1053,18,19.627215745116914,73.4577395468259,2025-01-20 18:10:59.228571429,18.0096115079368,28,2.550264779285582,3.971275213675219
1054,18,19.626948428393774,73.45861125619763,2025-01-20 18:11:43.411764706,20.226536111111102,28,2.599481770255707,3.9845572649572705
1056,18,19.626707035279125,73.45949156416913,2025-01-20 18:11:47.000000000,20.967459647919462,27,0.38711018687075294,3.935548717948724
1057,18,19.62658284233882,73.45994544790756,2025-01-20 18:11:49.777777778,21.436830721145473,29,6.115893951571248,3.973411965811972
1058,18,19.626462223021782,73.46040219259852,2025-01-20 18:11:52.382352941,21.723873880416317,24,0.5013275490420599,3.9552837606837654
1060,18,19.626236745334214,73.4613160403556,2025-01-20 18:11:56.086956522,22.21570415695415,26,0.7588529128087884,3.941352136752142
1061,18,19.626151542134863,73.46177739946938,2025-01-20 18:11:58.363636364,22.582533152641677,28,1.1125142922625813,3.959061538461544
1063,18,19.626095295698427,73.46271405733464,2025-01-20 18:12:02.416666667,22.97950462315462,26,1.406452569685192,3.959061538461544
1064,18,19.626118171831706,73.46316832349184,2025-01-20 18:12:04.727272727,23.011612832405696,21,1.3177956305235132,3.9384119658119716
1065,18,19.62618102837924,73.46360766943198,2025-01-20 18:12:06.523809524,23.039483785055534,23,0.7259486468340928,3.973411965811972
1066,18,19.626293198312624,73.464051920195,2025-01-20 18:12:08.818181818,23.068414393939392,24,1.2223258168859221,3.971275213675219
1067,18,19.626429817777275,73.46449071899812,2025-01-20 18:12:11.000000000,23.089636015211717,20,1.1058443751123064,3.973411965811972
1068,18,19.62661856859576,73.46488559312957,2025-01-20 18:12:12.750000000,23.030244644881787,28,1.9030510076313554,3.959061538461544
1069,18,19.627058022174865,73.46569668593443,2025-01-20 18:12:16.823529412,22.876238869231912,19,0.024943841029794297,3.813635897435903
1070,18,19.62751226308715,73.46652072749622,2025-01-20 18:12:21.304347826,22.235067754355182,22,1.3038519257278929,3.973411965811972
1071,18,19.628171152966395,73.46769649012899,2025-01-20 18:12:27.200000000,21.225042218013446,28,0.8700913962388903,3.845548717948723
1072,18,19.62839520703215,73.46809970753208,2025-01-20 18:12:29.909090909,20.77712055976424,28,1.0414000034629607,3.970548717948724
1073,18,19.62904567332088,73.46921293850917,2025-01-20 18:12:36.466666667,18.927998290598428,26,1.9982375371764014,3.973411965811972
1074,18,19.629261855827895,73.46959861235123,2025-01-20 18:13:10.888888889,18.592836266309018,24,5.466542597974752,3.970548717948724
1075,18,19.629488838237332,73.46997873039555,2025-01-20 18:13:21.666666667,18.523175252434548,29,0.7676966816014467,3.970548717948724
1076,18,19.629739017533254,73.47037390930848,2025-01-20 18:13:24.218750000,18.396869246349727,26,1.4621980019730139,3.970548717948724
1077,18,19.629978233774295,73.47077413823294,2025-01-20 18:13:27.000000000,18.26785416666667,28,0.553497836337365,3.973411965811972
1078,18,19.630219015905716,73.47117122644879,2025-01-20 18:13:29.500000000,17.838155636223355,40,1.7650836964024517,3.970548717948724
1079,18,19.630435461331306,73.47154734767153,2025-01-20 18:13:32.454545455,17.20775100514746,27,3.8196814675915345,3.973411965811972
1080,18,19.630646020374414,73.47193081867162,2025-01-20 18:13:35.391304348,16.378890870803918,39,0.677930366466959,3.9552837606837654
1081,18,19.630891560601427,73.47232509743753,2025-01-20 18:13:37.950000000,15.490595744016433,39,0.9850066724002592,3.4329760683760697
1082,18,19.63113137590164,73.47271401287256,2025-01-20 18:13:42.705882353,15.089737819370173,26,0.8987218976859689,3.592935042735046
1083,18,19.63136922559601,73.47309722460287,2025-01-20 18:13:44.911764706,14.896907966552293,44,1.5596531248835976,3.9272752136752174
1084,18,19.63180016940055,73.47382597027706,2025-01-20 18:13:51.111111111,14.796281692562077,37,0.8389103496094352,3.3303782866992946
1085,18,19.632033112423045,73.47421299895302,2025-01-20 18:13:54.636363636,15.638550307421983,28,1.7879102421001232,3.592935042735046
1086,18,19.632252357223784,73.47459164779112,2025-01-20 18:13:57.086956522,16.612671362058066,32,0.3598593383154939,3.9552837606837654
1087,18,19.63248314934884,73.47494318022805,2025-01-20 18:13:59.818181818,17.877552289562228,30,3.2835718379254364,3.3426961820625705
1088,18,19.632720980371985,73.47532619201792,2025-01-20 18:14:02.200000000,18.943178681657432,21,1.7446524551906295,3.959061538461544
1089,18,19.63295784924256,73.47572938409856,2025-01-20 18:14:04.666666667,19.846564352597458,27,1.612619676751732,3.8521470085470138
1090,18,19.633209513596576,73.47612353162734,2025-01-20 18:14:07.086956522,20.5719297245963,26,0.3737893569016338,3.9552837606837654
1091,18,19.633457487701232,73.47649563738234,2025-01-20 18:14:09.222222222,21.103118175582956,30,0.9318209486398973,3.970548717948724
1092,18,19.633704310828676,73.47686748397818,2025-01-20 18:14:11.913043478,21.451216369379377,26,0.7029397528882931,3.959061538461544
1093,18,19.633957530476145,73.47726022917718,2025-01-20 18:14:14.478260870,21.65477269982426,22,1.544469315004666,3.845548717948723
1094,18,19.63420425981103,73.47765406144866,2025-01-20 18:14:16.000000000,21.793330655324496,23,0.09729033812790719,3.959061538461544
1095,18,19.634449016236626,73.47803437035952,2025-01-20 18:14:18.478260870,21.80345782398656,23,1.5678670447965435,3.9384119658119716
1096,18,19.634675769048528,73.4784082937357,2025-01-20 18:14:52.600000000,21.78954370370371,25,1.4702787738447165,3.959061538461544
1097,18,19.634910158013685,73.47877147566192,2025-01-20 18:15:02.636363636,21.7626130174292,28,2.7208467351013614,3.9552837606837654
1098,18,19.635139493540606,73.47912243623291,2025-01-20 18:15:04.823529412,21.733085511982576,19,4.145802165704189,3.935548717948724
1099,18,19.63534166453288,73.47949334985542,2025-01-20 18:15:07.272727273,21.608379115226143,20,1.8508658291681082,3.935548717948724
1100,18,19.63557432045306,73.47984444077309,2025-01-20 18:15:08.750000000,21.70696414976479,28,3.7459151527199874,3.9552837606837654
1101,18,19.63579443182858,73.48021853193555,2025-01-20 18:15:10.733333333,21.88482191581676,23,3.3337951031131654,3.845548717948723
1102,18,19.636007343205357,73.4806353933142,2025-01-20 18:15:13.166666667,22.11608304287284,28,1.3659606109374076,3.312526146869006
1103,18,19.636248713729792,73.48102837418315,2025-01-20 18:15:15.862068966,22.305425202839725,26,0.8392874677355886,3.9384119658119716
1105,18,19.636923319343115,73.48216366440789,2025-01-20 18:15:22.000000000,21.638312169312446,21,0.6480112886180038,3.9384119658119716
1106,18,19.637192600542043,73.48254475001576,2025-01-20 18:15:24.176470588,21.046243603177977,24,3.1003231480358786,3.855924786324792
1107,18,19.637513279800025,73.48287388999957,2025-01-20 18:15:26.434782609,20.81963539007604,32,1.5536507450582902,3.9552837606837654
1108,18,19.63786158533521,73.4831108698342,2025-01-20 18:15:29.000000000,20.804294042397668,33,2.2431946928561413,3.973411965811972
1110,18,19.638652593140495,73.48333336872007,2025-01-20 18:15:33.600000000,21.07355731188696,25,0.4714597279642232,3.973411965811972
1111,18,19.639057507944344,73.4833631477797,2025-01-20 18:15:35.739130435,21.708257261713335,25,2.318924733410206,3.959061538461544
1112,18,19.639461432504202,73.48333254357557,2025-01-20 18:15:37.761904762,22.36669712828754,23,3.512136731053809,3.959061538461544
1114,18,19.640280583253556,73.4832655239087,2025-01-20 18:15:42.000000000,22.42801038383868,25,2.8486381907193645,3.3047066477873215
1115,18,19.640692691341954,73.48323897555443,2025-01-20 18:15:44.090909091,21.755264444444634,19,1.3631492021964369,3.574749975887794
1116,18,19.64157323672466,73.48320437411186,2025-01-20 18:15:48.043478261,20.196754439185202,27,8.56182983436013,3.959061538461544
1117,18,19.641998447295002,73.48315716977405,2025-01-20 18:15:51.333333333,19.2237511695909,19,1.2471334073484641,3.9384119658119716
1118,18,19.642408852943024,73.48303679488387,2025-01-20 18:15:54.000000000,18.520800245098034,27,7.1992298632171625,3.959061538461544
1119,18,19.64280915746719,73.48282570058254,2025-01-20 18:15:56.382352941,18.481890064305297,31,0.5661436953594466,3.8521470085470138
1120,18,19.643179128682494,73.48259822826981,2025-01-20 18:15:58.733333333,18.29642720204205,26,1.8970906058793833,3.5214431885574773
1121,18,19.64352774931323,73.4823876031372,2025-01-20 18:16:42.000000000,17.522292181069993,27,7.271941543922126,3.971275213675219
1122,18,19.643893902474012,73.48225001089136,2025-01-20 18:16:43.500000000,16.400955178830728,27,0.8002310649124406,3.959061538461544
1123,18,19.644268971213066,73.48227398231155,2025-01-20 18:16:46.147058824,14.682528708242332,45,0.8772933594260434,3.9552837606837654
1124,18,19.64459198810814,73.4824398569802,2025-01-20 18:16:49.882352941,12.468667322009185,34,0.3329441686623589,3.973411965811972
1125,18,19.64485699754218,73.48270599293396,2025-01-20 18:16:52.652173913,12.275178580754677,37,1.9374928828952103,3.973411965811972
1126,18,19.645046736984575,73.48303540350277,2025-01-20 18:16:56.400000000,12.162953842416913,29,4.897317829117511,3.9552837606837654
1127,18,19.64517715016712,73.48343704444251,2025-01-20 18:16:58.913043478,12.021480108486886,44,2.878361207402594,3.9844803418803485
1128,18,19.645389612064296,73.48383469699823,2025-01-20 18:17:02.967741935,11.853139223302605,28,1.7431288272096104,3.845548717948723
1129,18,19.64574678992814,73.48407953542454,2025-01-20 18:17:05.454545455,11.719581362447197,38,1.495290180881528,3.959061538461544
1130,18,19.646173140389813,73.48418874539544,2025-01-20 18:17:09.392857143,11.514184941520428,36,0.34823112528438827,3.959061538461544
1131,18,19.64660985447787,73.48426331421827,2025-01-20 18:17:14.000000000,11.247493713104701,47,1.0808144845161232,2.8761550199567005
1132,18,19.64704004405281,73.48436722065688,2025-01-20 18:17:18.444444444,10.879597762494903,47,2.171986445579271,3.9858564102564156
1133,18,19.647441945124406,73.4845493971223,2025-01-20 18:17:22.727272727,11.279710090169315,44,1.830199898457559,3.982078632478638
1134,18,19.64775805625395,73.48478784344636,2025-01-20 18:17:26.090909091,11.646552948872785,46,1.3849068791860388,3.973411965811972
1135,18,19.647991750704975,73.48509068642578,2025-01-20 18:17:28.909090909,11.908629838118818,48,4.916995993377615,3.998984615384621
1136,18,19.64817729026789,73.48544460169909,2025-01-20 18:17:33.666666667,12.348308962142433,34,2.8168820884231573,3.9384119658119716
1137,18,19.64832885678791,73.48577350751961,2025-01-20 18:17:36.294117647,12.614434826203203,33,0.782374145070547,3.845548717948723
1138,18,19.648470182135284,73.48614361183516,2025-01-20 18:17:39.000000000,13.096727080326913,30,7.106510680511707,3.9384119658119716
1139,18,19.64870202498286,73.48651945720471,2025-01-20 18:18:22.636363636,14.121142749084068,31,9.04079358705058,3.959061538461544
1140,18,19.64904613552062,73.4868058849423,2025-01-20 18:18:26.666666667,15.178376719576699,20,7.493868307724546,3.973411965811972
1141,18,19.64942273294415,73.48703474675777,2025-01-20 18:18:28.777777778,15.719300925925806,28,2.6164617146029334,3.917275213675219
1142,18,19.64978594648205,73.48718288151296,2025-01-20 18:18:31.000000000,16.184956321839074,29,2.066151063513817,3.959061538461544
1143,18,19.65016000844832,73.48732449931435,2025-01-20 18:18:33.800000000,16.379850190674848,30,1.2218146418344562,3.9552837606837654
1144,18,19.65056246155911,73.4875357003364,2025-01-20 18:18:36.454545455,16.363357573352577,35,4.577901455499342,3.973411965811972
1145,18,19.650937908813532,73.48779438491493,2025-01-20 18:18:39.600000000,16.33409161265052,34,1.741521452545883,3.9387794871794917
1146,18,19.651263046939448,73.48810151133816,2025-01-20 18:18:43.363636364,16.72991624860617,26,0.18456911814244287,3.941352136752142
1147,18,19.65153012687839,73.48846554924252,2025-01-20 18:18:45.565217391,16.65653906030856,31,0.8159270027002032,3.9384119658119716
1148,18,19.65173412561831,73.48883358847905,2025-01-20 18:18:48.900000000,16.56954758454094,23,0.9907680760116998,3.855924786324792
1149,18,19.65186082268264,73.48923389356392,2025-01-20 18:18:50.608695652,16.98393447971764,35,0.5657332619122566,3.5214431885574773
1151,18,19.652030216723155,73.49012831288178,2025-01-20 18:18:56.000000000,18.126500628456462,34,0.27129415679688546,3.9552837606837654
1152,18,19.6520998606356,73.49053128934253,2025-01-20 18:18:59.000000000,18.17277083333349,19,1.6112124990002625,3.9354034188034253
1153,18,19.65214920835426,73.49094454540842,2025-01-20 18:19:00.666666667,17.61815296783634,38,0.9763599691378211,3.9552837606837654
1154,18,19.652171058408893,73.49136573075938,2025-01-20 18:19:03.733333333,17.07375574074071,21,1.555928251388928,3.9384119658119716
1155,18,19.65213839653645,73.49179238482091,2025-01-20 18:19:05.833333333,17.25738078703701,38,0.5464049300876956,3.959061538461544
1156,18,19.652072459536377,73.49222906163374,2025-01-20 18:19:08.666666667,17.965564880952098,28,0.5799340621909207,3.9384119658119716
1157,18,19.65200262644549,73.49265278717772,2025-01-20 18:19:11.200000000,18.744490496418496,29,0.9941831859485765,3.973411965811972
1158,18,19.651931603112246,73.49308145989303,2025-01-20 18:19:13.304347826,19.91602306763263,20,0.28439281954256307,3.959061538461544
1159,18,19.651872454456033,73.49351170213606,2025-01-20 18:19:16.090909091,20.78436111111104,19,3.9120562413397533,3.9384119658119716
1160,18,19.651711330709283,73.49440028999226,2025-01-20 19:26:40.173913043,21.284982542819474,24,2.7408261970105885,3.935548717948724
1161,18,19.651561098151205,73.49524412504147,2025-01-20 19:26:44.478260870,20.623428183855065,23,0.7606017366323174,3.959061538461544
1162,18,19.651510220947568,73.49570027112901,2025-01-20 19:26:47.071428571,19.850428362572973,19,3.5004445589765942,3.845548717948723
1163,18,19.65151276236359,73.49615835483883,2025-01-20 19:26:48.800000000,18.31093771862197,32,0.5051417301080838,3.935548717948724
1164,18,19.651615921558204,73.49658481765944,2025-01-20 19:26:52.076923077,16.91120909817469,31,1.1846926692114972,3.971275213675219
1165,18,19.65178864754754,73.4969521968228,2025-01-20 19:26:54.142857143,17.227019281792117,43,0.774257815206021,3.9552837606837654
1166,18,19.652011049989234,73.49724122384549,2025-01-20 19:26:56.750000000,17.460475925925945,30,2.2378335907489704,3.959061538461544
1167,18,19.652337799796854,73.49748454740183,2025-01-20 19:26:59.000000000,18.025238162878885,22,3.402100285342065,3.935548717948724
1168,18,19.652728337919672,73.49765219943359,2025-01-20 19:27:01.323529412,19.253856076521767,28,1.7640045852310062,3.9552837606837654
1169,18,19.653112719792674,73.49773853505434,2025-01-20 19:27:03.454545455,20.497332508116394,28,0.5386864795692657,3.973411965811972
1170,18,19.653516052573764,73.49781387861601,2025-01-20 19:27:06.000000000,21.12747945368868,27,0.16701582075477206,3.959061538461544
1171,18,19.65437059958589,73.49793521196541,2025-01-20 19:27:10.714285714,20.238793876262648,22,1.3794639166001668,3.959061538461544
1172,18,19.654785544295336,73.49789447971038,2025-01-20 19:27:12.833333333,20.058949353448302,29,0.7736647128905428,3.973411965811972
1173,18,19.65521885669316,73.49780430084425,2025-01-20 19:27:15.200000000,19.96649814114677,23,0.5322339993159229,3.8521470085470138
1174,18,19.655650281536936,73.49770068229222,2025-01-20 19:27:17.739130435,20.045671989192346,26,1.1611589746604538,3.895018803418808
1175,18,19.656092786344466,73.4976303078982,2025-01-20 19:27:20.500000000,20.13117164011439,20,1.651219151155737,3.973411965811972
1176,18,19.65654026026749,73.49763636039577,2025-01-20 19:27:22.794117647,20.00943709150328,23,4.608798972619144,3.9384119658119716
1177,18,19.656981092699453,73.4977176468712,2025-01-20 19:27:24.823529412,19.84529281001826,31,1.4977136888718787,3.959061538461544
1178,18,19.657815814776505,73.49799079764684,2025-01-20 19:27:29.652173913,20.057305074683853,34,0.2553154968101747,3.959061538461544
1179,18,19.658220516238696,73.49812614392471,2025-01-20 19:27:31.750000000,20.152143173309177,25,0.10472528509219894,3.7031384615384657
1180,18,19.65864588520767,73.49825072864866,2025-01-20 19:27:34.608695652,20.281229372955906,23,1.1052886979994523,3.959061538461544
1181,18,19.659056438592255,73.49835459103272,2025-01-20 19:27:36.666666667,20.382597393689974,27,1.9818782588506394,3.9552837606837654
1182,18,19.65947797197321,73.4984025442919,2025-01-20 19:27:43.555555555,20.42929492146323,31,1.8556482181501395,3.9552837606837654
1183,18,19.659900025344406,73.49849307205585,2025-01-20 19:28:21.852941176,20.328421408942365,20,3.5512921434792597,3.8521470085470138
1184,18,19.660276237619914,73.4986637672911,2025-01-20 19:28:23.363636364,20.216676474421654,31,0.7736472399923573,3.9552837606837654
1185,18,19.66064117114189,73.49887038698733,2025-01-20 19:28:25.733333333,20.08392542950876,26,0.8761507297048902,3.959061538461544
1186,18,19.661026200612827,73.49910721837536,2025-01-20 19:28:28.454545455,19.932451324661017,31,1.3777689718672688,3.959061538461544
1187,18,19.66138182144875,73.49927587024824,2025-01-20 19:28:30.769230769,19.811828843610087,22,5.346830057390847,3.973411965811972
1188,18,19.661725935809457,73.49946782940611,2025-01-20 19:28:32.821428571,19.656559115312774,34,5.099956578040707,3.9552837606837654
1189,18,19.6620876506747,73.49966398455021,2025-01-20 19:28:35.000000000,19.557029569892435,31,1.410799530673363,3.959061538461544
1190,18,19.66247413702214,73.49979474499287,2025-01-20 19:28:37.400000000,19.35722376543213,36,0.29229666475428234,3.971275213675219
1192,18,19.66325180894634,73.5000197157585,2025-01-20 19:28:41.952380952,19.084674603174626,22,0.6770307729363636,3.7383662654805563
1193,18,19.6636658881715,73.50012071530811,2025-01-20 19:28:43.909090909,18.932762345678974,27,0.6496922876168084,3.935548717948724
1194,18,19.664082188539005,73.50022412701222,2025-01-20 19:28:46.363636364,18.762853448275898,29,0.5023136326767611,3.973411965811972
1195,18,19.664506617037368,73.50032602597926,2025-01-20 19:28:49.100000000,18.601958333333314,18,1.876648706767397,3.9384119658119716
1196,18,19.66494469858387,73.5004331008899,2025-01-20 19:28:50.909090909,18.447480158730173,35,0.3374135031128372,3.9552837606837654
1197,18,19.66538153466918,73.50052072586143,2025-01-20 19:28:53.333333333,17.968109898589915,21,1.6533778061952553,3.8521470085470138
1198,18,19.665822882902912,73.50057870209749,2025-01-20 19:28:56.000000000,14.621559252829618,48,0.8235812109446282,3.834215384615387
1199,18,19.666269458591948,73.50060332076495,2025-01-20 19:29:00.555555556,9.274831267001291,59,0.18820784454230824,3.982078632478638
1200,18,19.666500555535023,73.50063269935214,2025-01-20 19:29:03.294117647,6.9164716134818605,51,2.9040275643481994,3.982078632478638
