ref_idx,driver_key,lat,lon,utc_timestamp,avg_speed_mps,n_samples,snap_distance_m,predicted_iri
47,14,19.361417775889855,73.1654535972061,2024-12-03 16:53:34.000000000,1.2110242008120238,129,17.862763758123805,3.9655743589743637
48,14,19.361472517661525,73.1655534326855,2024-12-03 16:53:34.000000000,1.2110242008120238,129,5.758753269182942,3.9655743589743637
49,14,19.361563073609016,73.16581828313774,2024-12-03 16:53:59.636363636,4.55507206505848,77,1.006393432679757,3.982078632478638
50,14,19.361762717715422,73.16612695083435,2024-12-03 16:54:08.363636364,8.539286754160015,32,3.112421420459976,3.959061538461544
51,14,19.36198171292746,73.16634416920317,2024-12-03 16:54:13.818181818,8.217070217070237,37,6.1952491386032476,3.941352136752142
52,14,19.362131256056053,73.16653261396831,2024-12-03 16:54:14.076923077,8.19509825498571,60,14.433745094656759,3.982078632478638
53,14,19.36223376676198,73.16673512467423,2024-12-03 16:54:31.615384615,9.329572830603084,36,7.767783406402137,3.959061538461544
54,14,19.3623263092948,73.16700657834458,2024-12-03 16:55:00.900000000,10.42422712366995,49,8.82823464354218,3.834215384615387
55,14,19.36246817420599,73.16732229418676,2024-12-03 16:55:04.700000000,12.432987823172283,44,3.5109918330789753,3.9552837606837654
56,14,19.36267336338377,73.16765185445692,2024-12-03 16:55:08.142857143,13.57302671130967,32,6.088472403952761,3.9384119658119716
57,14,19.362847165003537,73.16796135116667,2024-12-03 16:55:10.636363636,14.552008620689572,29,6.6269152162903735,3.845548717948723
58,14,19.362998990657736,73.16825497971149,2024-12-03 16:55:12.461538462,15.499400610500645,35,11.614152657020572,3.9845572649572705
59,14,19.36315632747622,73.16858247596112,2024-12-03 16:55:15.500000000,16.251785640625688,34,13.268476444222737,3.959061538461544
60,14,19.36327678472193,73.16897751441456,2024-12-03 16:55:18.000000000,16.610241319444444,29,13.130097358820754,3.845548717948723
61,14,19.363381146053776,73.16937625451753,2024-12-03 16:55:20.000000000,17.188748978758166,34,12.025671897954657,3.845548717948723
62,14,19.363461944208268,73.16976251839534,2024-12-03 16:55:22.538461538,17.65441220369669,29,9.439533646930153,3.973411965811972
63,14,19.36355,73.17012879946384,2024-12-03 16:55:25.000000000,18.124502873563287,29,10.2876920882494,3.973411965811972
64,14,19.36365,73.17047550633228,2024-12-03 16:55:27.100000000,18.637145699786306,24,6.123896927156512,3.9384119658119716
65,14,19.36371811793532,73.17088271596732,2024-12-03 16:55:29.000000000,18.982152336860718,30,6.38694646998218,3.973411965811972
66,14,19.363818131477814,73.17131055739286,2024-12-03 16:55:31.714285714,19.111335141093555,30,2.4257978608174677,3.845548717948723
67,14,19.36403619404392,73.17207571953567,2024-12-03 16:55:36.000000000,18.772023118279563,31,2.525286198409462,3.973411965811972
68,14,19.364230316601983,73.17277340737525,2024-12-03 16:55:40.187500000,18.545281548255,30,3.410020891212159,3.973411965811972
69,14,19.36433347810931,73.17305545156998,2024-12-03 16:55:42.076923077,18.362795340501798,31,6.485647205967841,3.9552837606837654
70,14,19.36453378323241,73.17377460603007,2024-12-03 16:55:46.000000000,16.65058798439661,36,5.121707340009455,3.959061538461544
71,14,19.364643772199294,73.17411778103076,2024-12-03 16:55:48.615384615,14.278913347070377,28,4.749742453028592,3.9552837606837654
72,14,19.364730608117256,73.17449079516764,2024-12-03 16:55:51.153846154,12.034078236783898,45,3.056092543327206,3.9552837606837654
73,14,19.364848242630842,73.1748628996334,2024-12-03 16:55:54.615384615,11.563806016334071,47,2.4156027904051403,3.958411965811972
74,14,19.36500153114483,73.17517540932376,2024-12-03 16:55:58.272727273,12.829658022533016,39,3.765036318501638,3.970548717948724
75,14,19.3651491282719,73.17548288034493,2024-12-03 16:56:41.636363636,14.156071844374077,31,2.366789948489312,3.973411965811972
76,14,19.365310327937156,73.17587223349028,2024-12-03 16:56:43.800000000,15.01576543209877,36,2.106217342053695,3.9552837606837654
77,14,19.365482317339136,73.17625367159317,2024-12-03 16:56:46.909090909,16.812026551226438,35,0.7708506771483266,3.845548717948723
78,14,19.365641413756144,73.17658049535407,2024-12-03 16:56:49.416666667,18.067827556188423,27,3.0124555627407092,3.973411965811972
79,14,19.36579386264806,73.17689930561926,2024-12-03 16:56:51.461538462,18.958234748010643,29,0.26967816858293464,3.959061538461544
80,14,19.36594604681963,73.17723535073151,2024-12-03 16:56:53.600000000,19.507001424501404,26,0.4377241483735703,3.973411965811972
81,14,19.36612615492204,73.17762189893526,2024-12-03 16:56:55.583333333,19.68400158730157,28,3.704993584328347,3.9494803418803484
82,14,19.366457511256158,73.17833561891999,2024-12-03 16:56:59.636363636,20.70844713369953,28,3.915132398686229,3.941352136752142
83,14,19.366605845253126,73.1787815996997,2024-12-03 16:57:02.384615385,20.74460755175833,31,0.7022192162051397,3.9552837606837654
84,14,19.36678906752264,73.17920407445743,2024-12-03 16:57:05.076923077,20.1104854797979,21,0.44822160974705794,3.9384119658119716
85,14,19.36694297240939,73.17960949213642,2024-12-03 16:57:06.636363636,19.22390459152347,37,1.5705031493464865,3.845548717948723
86,14,19.367102941368408,73.18002411723324,2024-12-03 16:57:09.866666667,18.27365870225705,24,1.6982371771364895,3.973411965811972
87,14,19.36728678845042,73.18045775899367,2024-12-03 16:57:11.750000000,17.176766917082052,31,2.6232558365255114,3.9384119658119716
88,14,19.367450954329286,73.18086887302255,2024-12-03 16:57:14.285714286,15.421143138760662,31,4.5403137019538935,3.959061538461544
89,14,19.36757962401725,73.18124460236177,2024-12-03 16:57:17.363636364,14.199879017816828,43,3.800932763661402,3.9552837606837654
90,14,19.367723057568327,73.18163334598952,2024-12-03 16:57:21.153846154,14.189586275252557,40,3.868542093169286,3.935548717948724
91,14,19.36786238659962,73.1820235543374,2024-12-03 16:57:24.600000000,15.150269704861094,32,4.961102589232739,3.9552837606837654
92,14,19.368005915826096,73.18241484866721,2024-12-03 16:57:26.687500000,16.000931069958675,36,0.4705767062031042,3.935548717948724
93,14,19.36815606041739,73.1828299958812,2024-12-03 16:57:30.166666667,16.570189174058658,33,4.397162302790216,3.845548717948723
94,14,19.368268853935113,73.18326436790699,2024-12-03 16:57:33.000000000,14.694321505376323,31,0.6937429419456824,3.845548717948723
95,14,19.368395355409344,73.18368910344482,2024-12-03 16:57:36.272727273,11.515525021383086,43,1.24212729362784,3.959061538461544
96,14,19.368527257920753,73.1840893181232,2024-12-03 16:58:15.900000000,12.595245704732514,36,0.30677985620643866,3.959061538461544
97,14,19.368649976466543,73.18445970788693,2024-12-03 16:58:22.818181818,14.601389264264249,37,2.1354973862182867,3.973411965811972
98,14,19.368770134855396,73.18483072191748,2024-12-03 16:58:25.600000000,15.648366428571437,35,0.8767826089932169,3.935548717948724
99,14,19.368866974365663,73.1852166535235,2024-12-03 16:58:28.800000000,16.41607357503608,28,5.680726471310023,3.970548717948724
100,14,19.36898618842872,73.18558618842872,2024-12-03 16:58:30.900000000,16.561496326164896,31,1.97821756249705,3.959061538461544
101,14,19.36913445863989,73.18599420822332,2024-12-03 16:58:33.818181818,16.84103641141143,37,0.7785719107564768,3.971275213675219
102,14,19.369267624559928,73.18644422363792,2024-12-03 16:58:36.333333333,17.092064814814808,29,0.06997482163212436,3.9384119658119716
103,14,19.36940708917963,73.18688904051211,2024-12-03 16:58:39.400000000,17.094034766899757,25,1.07887378967174,3.845548717948723
104,14,19.369533904344337,73.18730492705959,2024-12-03 16:58:42.076923077,16.528859833971904,29,1.3568923587094281,3.973411965811972
105,14,19.369650507747018,73.18769593719493,2024-12-03 16:58:44.300000000,16.39484824430204,40,2.0988851975289218,3.970548717948724
106,14,19.369756784680778,73.18809911578253,2024-12-03 16:58:47.600000000,17.212155997474756,24,1.562315431975785,3.845548717948723
107,14,19.369877917578044,73.18853367531227,2024-12-03 16:58:49.545454545,17.59313663458452,28,2.7978943978772532,3.935548717948724
108,14,19.37001786279084,73.18898638274763,2024-12-03 16:58:52.692307692,18.0892629429308,32,0.733184972659218,3.959061538461544
109,14,19.37014806044669,73.1894226534263,2024-12-03 16:58:55.692307692,18.44530738857104,33,1.085138709392771,3.845548717948723
110,14,19.37025644342696,73.18985990322693,2024-12-03 16:58:58.363636364,18.467927915518835,20,4.819116047800102,3.935548717948724
111,14,19.370351029667745,73.19029410835154,2024-12-03 16:59:00.272727273,18.34038461877629,35,4.832010151436259,3.845548717948723
112,14,19.370469891098768,73.19069665051234,2024-12-03 16:59:03.000000000,18.419527396359406,32,5.723188525424913,3.958411965811972
113,14,19.370601054021737,73.19110769976312,2024-12-03 16:59:05.636363636,18.521286745349112,37,2.318659782556636,3.935548717948724
114,14,19.37073853653039,73.19154271361222,2024-12-03 16:59:08.857142857,17.971575396825457,24,0.9573097090677428,3.973411965811972
115,14,19.370880111913703,73.191991367709,2024-12-03 16:59:11.300000000,17.324115674603075,28,1.4928723472873393,3.941352136752142
116,14,19.371020641903044,73.19242952305152,2024-12-03 16:59:13.666666667,17.198250601979208,33,1.160213615678395,3.9552837606837654
117,14,19.37115060274095,73.19283660357556,2024-12-03 16:59:16.636363636,16.359536949354656,24,2.183554633596101,3.959061538461544
118,14,19.371253728811936,73.19324275408025,2024-12-03 16:59:18.909090909,14.859089646464628,34,0.4266454105707352,3.935548717948724
119,14,19.371369071805685,73.19365368019012,2024-12-03 17:00:02.000000000,12.409851362461616,43,0.1773000428420678,3.935548717948724
120,14,19.37150849213317,73.19405910577646,2024-12-03 17:00:05.818181818,10.28466432603622,46,0.3673722916594726,3.9552837606837654
121,14,19.371635475874935,73.19443568347009,2024-12-03 17:00:11.090909091,8.639036015112291,23,2.9288621746686143,3.9384119658119716
122,14,19.371775934348907,73.19467444292357,2024-12-03 17:00:13.153846154,5.986487068616935,57,1.3768689718233298,4.001352136752143
123,14,19.371873974151445,73.19482807424839,2024-12-03 17:00:18.153846154,4.684323965448085,45,0.2446223749128498,3.9445316239316286
124,14,19.37191314562003,73.19504006201875,2024-12-03 17:00:24.100000000,4.468461376319944,34,3.2350767776587697,3.4034678281569035
125,14,19.371947711362388,73.19527800924436,2024-12-03 17:00:27.153846154,5.312864236853017,72,1.0073737627988597,3.845548717948723
126,14,19.37199573772582,73.19548453304232,2024-12-03 17:00:33.769230769,4.563142343304837,36,1.699320188450059,3.56134917146346
127,14,19.372040729841913,73.19571545696712,2024-12-03 17:00:38.250000000,7.812260987484496,35,0.5677164239063214,3.2048415838130135
128,14,19.372087615071717,73.1959371890647,2024-12-03 17:00:40.307692308,8.04387538121593,32,1.8494659810196137,3.291991715660625
129,14,19.3721591834636,73.19612725069571,2024-12-03 17:00:42.909090909,7.665588447852662,44,1.6574226524086741,3.1722285139696895
130,14,19.37223877739916,73.19631845524458,2024-12-03 17:00:45.692307692,6.899447362457157,57,0.09345056886385704,2.957969253342361
131,14,19.37229704585289,73.19653220505404,2024-12-03 17:00:49.100000000,7.1365770773978765,45,2.168913828085023,3.7260074691415026
132,14,19.372401128076728,73.19673096304658,2024-12-03 17:00:53.500000000,5.545149470899428,63,0.40796584953972703,3.982078632478638
133,14,19.372497638022676,73.19691607096499,2024-12-03 17:00:57.476190476,4.411422055137852,57,0.33145589795104347,3.1477364032792603
134,14,19.372489920725226,73.19713277562198,2024-12-03 17:01:42.400000000,4.8214256944444385,52,3.61364603581684,3.982078632478638
135,14,19.37250031324585,73.1973289485222,2024-12-03 17:01:45.400000000,5.27058949275362,46,2.7546955753836424,3.9552837606837654
136,14,19.372579555329878,73.19752050348654,2024-12-03 17:01:51.083333333,5.138092069892568,62,1.570213359285821,3.455984615384618
137,14,19.372662866229426,73.19771075600934,2024-12-03 17:01:56.400000000,4.310177835882454,57,1.407398753271891,3.688941556622649
138,14,19.372743703420177,73.19790867590808,2024-12-03 17:02:01.384615385,5.71609897545478,52,4.943953847848196,2.9695116302931424
139,14,19.3728,73.19814387860485,2024-12-03 17:02:05.800000000,7.119896956646571,43,0.1524423025548458,3.238706145022112
140,14,19.372847689280604,73.19838962112169,2024-12-03 17:02:08.555555556,6.558614776234638,36,0.27077328801891226,6.142657076420317
141,14,19.372888025146885,73.19863884096075,2024-12-03 17:02:12.076923077,5.847655773875848,46,0.9847066838103922,5.531782968828558
142,14,19.37292395988071,73.19890914062535,2024-12-03 17:02:18.384615385,4.977338532763334,60,1.3386064904328288,5.360701361570268
143,14,19.373017470615068,73.1991776277423,2024-12-03 17:02:23.562500000,7.066454375746717,31,5.68059475141177,3.973411965811972
144,14,19.373077446052797,73.1994420378916,2024-12-03 17:02:27.076923077,8.95612951388889,40,3.2300407533730136,3.259654758313581
145,14,19.373117037676344,73.19980608890306,2024-12-03 17:02:31.000000000,10.96321296296327,35,3.062771156394237,3.9552837606837654
146,14,19.37320558283566,73.20026752265963,2024-12-03 17:02:35.300000000,13.612270370370384,36,0.7117004659580187,3.9552837606837654
147,14,19.37333462718878,73.20070506755494,2024-12-03 17:02:38.400000000,14.531968218954244,34,5.476390398304013,3.959061538461544
148,14,19.373495701264854,73.20113060912539,2024-12-03 17:03:21.800000000,15.746479112200472,34,1.672343981259205,3.9552837606837654
149,14,19.37369558755157,73.20155180456561,2024-12-03 17:03:24.600000000,16.91825740600451,30,0.7791213907241584,3.959061538461544
150,14,19.373897696295415,73.20192282014091,2024-12-03 17:03:27.230769231,17.113263406918676,31,2.5575478254585953,3.970548717948724
151,14,19.37410443845089,73.20225777536328,2024-12-03 17:03:29.600000000,16.833324552819874,33,3.417050999988114,3.959061538461544
152,14,19.3743230813386,73.20260158212815,2024-12-03 17:03:32.000000000,16.723017277644246,32,4.761566759735654,3.941352136752142
153,14,19.37457339904796,73.20291178482077,2024-12-03 17:03:34.692307692,16.324230381480277,37,1.2069881308579602,3.935548717948724
154,14,19.374824776588863,73.20323799848451,2024-12-03 17:03:37.857142857,16.026501868919617,31,1.687372985777901,3.959061538461544
155,14,19.375059411998144,73.20362436741006,2024-12-03 17:03:40.400000000,15.854100458553772,30,0.48509640753016653,3.9552837606837654
156,14,19.37530416690076,73.2039989293738,2024-12-03 17:03:43.523809524,16.061755252100962,34,3.485580861759164,3.9552837606837654
157,14,19.375525559467604,73.2043614353623,2024-12-03 17:03:46.300000000,16.697473669467822,34,1.105169324318974,3.959061538461544
158,14,19.375753273385726,73.20474262773635,2024-12-03 17:03:49.000000000,16.969395634920666,35,1.1422924873716116,3.971275213675219
159,14,19.375986715746958,73.20514930233679,2024-12-03 17:03:52.090909091,17.287491467727655,29,2.3663519280952214,3.9552837606837654
160,14,19.376206768429043,73.20554860219076,2024-12-03 17:03:54.769230769,17.315997856549515,29,1.0496244609087075,3.9552837606837654
161,14,19.37641332235467,73.20594269837972,2024-12-03 17:03:57.636363636,16.71596477025159,34,1.5748330323167463,3.959061538461544
162,14,19.376618445183247,73.20633528851937,2024-12-03 17:04:00.700000000,16.355579811637895,32,1.3435526939894133,3.9384119658119716
163,14,19.376806742265785,73.20671838796903,2024-12-03 17:04:03.125000000,16.887467132635777,33,1.8562634762586325,3.4153855224140965
164,14,19.37696461728183,73.20707626298508,2024-12-03 17:04:06.000000000,17.138381512984864,26,3.227959697913143,3.935548717948724
165,14,19.377159560067824,73.20743424344427,2024-12-03 17:04:08.800000000,18.052885864920043,23,5.6609123688532845,3.971275213675219
166,14,19.377384329319987,73.2078158307283,2024-12-03 17:04:10.692307692,19.119983885327706,28,2.4061785247891216,3.959061538461544
167,14,19.377605029715543,73.20819036298863,2024-12-03 17:04:13.000000000,20.241610055015226,29,2.6571176229420663,3.959061538461544
168,14,19.377805199971192,73.20854027393983,2024-12-03 17:04:15.307692308,20.7141043424966,29,4.022284561838335,3.971275213675219
169,14,19.377983837771616,73.20891403067833,2024-12-03 17:04:17.200000000,20.76111929103662,26,3.792376736328829,3.959061538461544
170,14,19.37818361975824,73.20933116932213,2024-12-03 17:04:42.062500000,20.61093433667776,23,2.355600200489842,3.9384119658119716
171,14,19.37839667562703,73.2097333704869,2024-12-03 17:05:02.125000000,20.801140350486666,24,1.851985999874073,3.9552837606837654
172,14,19.378615234184785,73.21012801366007,2024-12-03 17:05:04.230769231,21.240264792899442,26,0.42299694358852585,3.9552837606837654
173,14,19.378854467505064,73.21051440147858,2024-12-03 17:05:06.600000000,21.89800686445644,28,1.41641410785649,3.845548717948723
174,14,19.379095300587217,73.21087460861523,2024-12-03 17:05:08.928571429,21.997502263279053,21,1.2032341601922045,3.973411965811972
175,14,19.379335762556412,73.21123322911745,2024-12-03 17:05:10.909090909,21.877910580512545,23,2.90452561708092,3.973411965811972
176,14,19.37959102655494,73.21160973851258,2024-12-03 17:05:13.000000000,21.37184901819924,29,0.7634517536281228,3.845548717948723
177,14,19.379854789057433,73.21199261092755,2024-12-03 17:05:15.375000000,20.923486210664187,26,2.1136223176139213,3.935548717948724
178,14,19.380111448734155,73.21235865115318,2024-12-03 17:05:18.000000000,21.1238441358024,18,2.1723221664446126,3.973411965811972
179,14,19.380367710213633,73.21271771021364,2024-12-03 17:05:19.666666667,21.314603385040904,28,3.8593916066284364,3.767728205128209
180,14,19.380581542911926,73.21309232370014,2024-12-03 17:05:22.500000000,21.208444628205186,25,4.646758671363226,3.935548717948724
181,14,19.380752221053555,73.21347115772282,2024-12-03 17:05:24.500000000,21.220684860482866,17,4.946900257280483,3.7383662654805563
182,14,19.380909562762547,73.21386107271164,2024-12-03 17:05:26.100000000,19.58790110367042,32,1.903060168019303,3.845548717948723
183,14,19.381043179620555,73.21428134402642,2024-12-03 17:05:29.000000000,17.668311447811444,33,1.036022529175304,3.8521470085470138
184,14,19.381180076366554,73.21472483704503,2024-12-03 17:05:31.923076923,16.47406910315763,24,0.3282057996152976,3.9552837606837654
185,14,19.38132901450589,73.21515204676408,2024-12-03 17:05:34.307692308,15.273725186965867,32,0.3247953069437351,3.9552837606837654
186,14,19.38146763145894,73.21556466140336,2024-12-03 17:05:37.909090909,15.437418838926938,31,5.205955810450444,3.959061538461544
187,14,19.381563592123364,73.21594847146251,2024-12-03 17:05:40.090909091,16.021010766361012,33,2.7412686457172155,3.971275213675219
188,14,19.381679286511314,73.21630793739345,2024-12-03 17:05:43.090909091,16.1304576598453,25,2.4488925508256543,3.959061538461544
189,14,19.381839677375304,73.21669238791941,2024-12-03 17:05:44.923076923,15.808811480186463,33,1.7179393200508588,3.9384119658119716
190,14,19.3819779101907,73.21708476406445,2024-12-03 17:05:48.000000000,14.59727938528778,36,1.860079259060592,3.971275213675219
191,14,19.38212367071359,73.2174455336131,2024-12-03 17:05:51.000000000,11.907878007590456,47,4.363475705043056,3.998984615384621
192,14,19.382343825805968,73.21779382580598,2024-12-03 17:05:54.000000000,10.644196873612549,56,3.8004026092966647,3.2681440432583297
193,14,19.3826029821325,73.21816479094,2024-12-03 17:05:58.900000000,9.145023678325515,67,2.1474151935181167,3.9824205128205175
194,14,19.382827062922416,73.21853325730171,2024-12-03 17:06:44.454545455,8.270306094175632,56,3.1683974311842538,3.987420512820519
195,14,19.383064189647165,73.21885904616514,2024-12-03 17:06:49.600000000,8.3238983869141,66,6.089162795395478,3.2615030176173043
196,14,19.383338016562902,73.21919578334294,2024-12-03 17:06:56.000000000,5.566928967376799,87,6.9064005657336764,3.982078632478638
197,14,19.38359917437841,73.21958111837263,2024-12-03 17:07:05.000000000,6.243099217577455,83,3.44540871100753,3.3284088999702455
198,14,19.38383844694811,73.2199603714875,2024-12-03 17:07:12.636363636,8.998251054778455,50,0.43344128901752554,3.3981007541478134
199,14,19.38406409232615,73.2203285303195,2024-12-03 17:07:17.230769231,11.762754890942475,42,1.1235913079540407,3.941352136752142
200,14,19.384280192273465,73.22069735388779,2024-12-03 17:07:21.600000000,13.588896759259404,40,2.2517390054969737,3.6352239316239343
201,14,19.384448105905047,73.22105083539485,2024-12-03 17:07:24.523809524,14.980918118118186,37,1.6918216790583658,3.9552837606837654
202,14,19.38462866864859,73.22139853235262,2024-12-03 17:07:26.937500000,16.032616515006428,29,1.937830959635273,3.9384119658119716
203,14,19.384854202066265,73.22177444888706,2024-12-03 17:07:29.400000000,16.50136598079562,27,4.105014566531024,3.973411965811972
204,14,19.38504904882864,73.22215991287358,2024-12-03 17:07:32.615384615,17.362933791208814,35,0.22039958486700229,3.935548717948724
205,14,19.385230004551662,73.22253775599003,2024-12-03 17:07:35.500000000,17.504387000000005,25,0.8057740817210226,3.8521470085470138
206,14,19.385431666783845,73.22290930723298,2024-12-03 17:07:37.600000000,17.542112247474748,33,0.9608064548352665,3.8521470085470138
207,14,19.38562921611765,73.22328456448889,2024-12-03 17:08:20.181818182,17.33425230046678,33,0.4518867439314424,3.9552837606837654
208,14,19.385779965761486,73.22365767368359,2024-12-03 17:08:22.312500000,17.1951462292885,38,1.533832322984028,3.9552837606837654
209,14,19.385969781266382,73.22402494151211,2024-12-03 17:08:25.300000000,16.908643663194443,32,1.365817305368139,3.959061538461544
210,14,19.386172400422037,73.22441232783423,2024-12-03 17:08:27.923076923,16.63258313688997,31,2.9344911532331976,3.959061538461544
211,14,19.386338077259232,73.22482809525181,2024-12-03 17:08:30.600000000,16.48538007463929,33,0.6131644795466245,3.941352136752142
212,14,19.3865312840637,73.22525596057338,2024-12-03 17:08:33.900000000,16.004458422460004,34,0.9057618007734302,3.807634188034192
213,14,19.386731869792047,73.22566779490725,2024-12-03 17:08:37.000000000,15.47448493771347,41,0.8302032388379307,3.9552837606837654
214,14,19.386913861899355,73.226030361331,2024-12-03 17:08:39.625000000,16.455948206018515,30,1.1806689916669675,3.941352136752142
215,14,19.387083989706213,73.22639647351875,2024-12-03 17:08:42.600000000,17.843941845878238,31,1.6205636801387255,3.959061538461544
216,14,19.38727902120805,73.22678909472985,2024-12-03 17:08:45.300000000,18.945878890081808,27,2.1897730957731047,3.8521470085470138
217,14,19.387513165071187,73.22717058302604,2024-12-03 17:08:47.434782609,19.529073091787378,30,0.8614764441540089,3.9552837606837654
218,14,19.38778093019166,73.22752150747468,2024-12-03 17:08:50.400000000,20.16252652046785,19,0.6072835889036607,3.855924786324792
219,14,19.38806821328562,73.22783829589305,2024-12-03 17:08:52.000000000,20.579650629447098,29,1.775346818016677,3.9552837606837654
220,14,19.388378920032963,73.22816237956079,2024-12-03 17:08:54.400000000,20.4835527203065,29,0.2918544893473125,3.7383662654805563
221,14,19.38870146277393,73.22849452213654,2024-12-03 17:08:57.000000000,20.392043385758647,29,0.23068031720432627,3.959061538461544
222,14,19.389023608302693,73.22882688132412,2024-12-03 17:08:59.615384615,20.574053678253254,24,0.23009815237637346,3.312526146869006
223,14,19.389344107694903,73.22914874675327,2024-12-03 17:09:02.000000000,20.304980215878153,29,3.1627425807226652,3.970548717948724
224,14,19.389661007052467,73.22947449064715,2024-12-03 17:09:03.687500000,19.624073857060186,24,3.124482411266811,3.973411965811972
225,14,19.38997016154235,73.22978728112217,2024-12-03 17:09:06.454545455,19.06615522432124,33,0.8536827864435508,3.959061538461544
226,14,19.390253717049752,73.23009785708646,2024-12-03 17:09:09.100000000,19.36243871252213,27,0.20840161200517593,3.971275213675219
227,14,19.390516000637945,73.23040620524779,2024-12-03 17:09:11.238095238,19.751136845863957,28,5.167951954680842,3.959061538461544
228,14,19.390802673990805,73.23071442247377,2024-12-03 17:09:13.363636364,20.166054439773173,24,0.5909180908288768,3.9552837606837654
229,14,19.391084690438944,73.23105818266939,2024-12-03 17:09:15.923076923,20.43875236097915,27,4.236877238318948,3.8521470085470138
230,14,19.391343334901467,73.23140821496293,2024-12-03 17:09:18.307692308,20.723560916041038,28,0.25082501661865625,3.941352136752142
231,14,19.391613821226734,73.23177064540322,2024-12-03 17:10:00.818181818,20.72232719461761,23,2.796235483837661,3.959061538461544
232,14,19.391878280610204,73.23214449092865,2024-12-03 17:10:02.818181818,20.264886911699456,28,4.546120207385807,3.959061538461544
233,14,19.392137390634414,73.2325030970595,2024-12-03 17:10:05.230769231,19.798223883396258,29,0.3374045471420677,3.971275213675219
234,14,19.392414558349724,73.23284912739796,2024-12-03 17:10:07.909090909,19.24611944879842,29,3.593312340007599,3.959061538461544
235,14,19.392695340013894,73.23317267234081,2024-12-03 17:10:10.363636364,18.75043943602694,24,1.788152156650928,3.935548717948724
236,14,19.392995342946218,73.23348550138854,2024-12-03 17:10:12.500000000,18.65299760536402,29,0.6852493045694006,3.9552837606837654
237,14,19.393294337125408,73.23378638516537,2024-12-03 17:10:15.636363636,19.205983850119768,24,1.5598169183348434,3.973411965811972
238,14,19.393566976195906,73.2340648130414,2024-12-03 17:10:17.400000000,19.1991926637069,28,1.6176138415304449,3.917275213675219
239,14,19.393827686025084,73.23437629417558,2024-12-03 17:10:19.347826087,18.44568629227062,27,2.3239711510820613,3.8521470085470138
240,14,19.39429549871151,73.23499885196838,2024-12-03 17:10:24.000000000,15.097149565972494,36,1.8849080162204237,3.9552837606837654
241,14,19.394516457699233,73.23538225082147,2024-12-03 17:10:27.000000000,16.618899918300656,34,0.8569891307064389,3.9552837606837654
242,14,19.39474715011885,73.23576483503265,2024-12-03 17:10:30.000000000,17.985762045332805,32,0.7535214757583772,3.959061538461544
243,14,19.394977645052176,73.23615585416704,2024-12-03 17:10:32.800000000,17.92246863071815,32,1.0421911460395556,3.959061538461544
244,14,19.39521675643247,73.23654496554734,2024-12-03 17:10:35.818181818,16.27839188535497,31,0.4035571866781139,3.959061538461544
245,14,19.395468805275875,73.23691934438386,2024-12-03 17:10:38.538461538,16.08066086203223,31,0.6258712329135775,3.9552837606837654
246,14,19.395676342374816,73.23727714345299,2024-12-03 17:10:41.500000000,16.545700906500855,33,4.701742392567254,3.2381049383856113
247,14,19.395865575788246,73.23765128572737,2024-12-03 17:10:43.909090909,16.661838286609022,31,3.279623792904969,3.971275213675219
248,14,19.39607334104158,73.23805321213604,2024-12-03 17:10:46.900000000,17.96958573573566,37,1.0694907916788565,3.935548717948724
249,14,19.396243793169404,73.23845231294428,2024-12-03 17:10:49.583333333,18.742633650781972,28,2.318414086754126,3.959061538461544
250,14,19.396420093232585,73.23885977221178,2024-12-03 17:10:52.307692308,16.094849083786443,33,1.2373916746059759,3.941352136752142
251,14,19.396586148950213,73.2392863417129,2024-12-03 17:10:55.181818182,14.76500378787868,30,0.8481542282371791,3.970548717948724
252,14,19.396749778242118,73.2397150868945,2024-12-03 17:10:58.181818182,14.637492136191984,37,0.4932049346856656,3.941352136752142
253,14,19.39694672234856,73.24014242166764,2024-12-03 17:11:41.500000000,15.933546373456775,36,0.1416967073653303,3.959061538461544
254,14,19.397140639061153,73.24056354100262,2024-12-03 17:11:45.076923077,17.311965461062304,31,3.8759536610503487,3.973411965811972
255,14,19.397336859616097,73.24097993277903,2024-12-03 17:11:47.454545455,18.19747924096741,26,0.8100936839908126,3.9384119658119716
256,14,19.397532085526226,73.24138807350676,2024-12-03 17:11:50.363636364,18.58339074551296,30,0.6329943741041791,3.9552837606837654
257,14,19.397720059438036,73.24177222519235,2024-12-03 17:11:52.379310345,19.0920523804457,27,3.248231850185925,3.9384119658119716
258,14,19.397890455805303,73.24214966510434,2024-12-03 17:11:54.846153846,19.64731842087127,31,2.0710136321473778,3.973411965811972
259,14,19.398075753672607,73.24255019812915,2024-12-03 17:11:57.400000000,20.260196180555543,24,3.173216998862101,3.845548717948723
260,14,19.39829570847234,73.24295094775945,2024-12-03 17:11:59.700000000,20.61866963247863,25,0.5133084198220712,3.9384119658119716
261,14,19.39852177601398,73.24332344874956,2024-12-03 17:12:01.846153846,20.85392087853387,26,1.3030619148461937,3.845548717948723
262,14,19.3987788122024,73.24368852009508,2024-12-03 17:12:04.230769231,20.972077254870793,23,0.42246666905995817,3.973411965811972
263,14,19.399026532278604,73.24405171478554,2024-12-03 17:12:06.142857143,21.0542598251916,33,2.1586331466152884,3.971275213675219
264,14,19.399252178345982,73.24436756185182,2024-12-03 17:12:08.923076923,20.91602174459524,17,2.485059443738482,3.971275213675219
265,14,19.399500645944375,73.24467177620421,2024-12-03 17:12:10.300000000,20.656436250712257,25,4.012755943225721,3.959061538461544
266,14,19.399753007780028,73.2450087745506,2024-12-03 17:12:12.307692308,20.27957000830958,36,0.8424505398911009,3.959061538461544
267,14,19.40001981419737,73.2453624289914,2024-12-03 17:12:14.937500000,19.919064504419175,22,1.8236502790296658,3.9552837606837654
268,14,19.4003026906598,73.24570875601412,2024-12-03 17:12:17.500000000,19.486106288580157,24,5.85891979789242,3.970548717948724
269,14,19.400573635379892,73.24606504199208,2024-12-03 17:12:19.500000000,18.872135667600343,34,1.116578867656807,3.9552837606837654
270,14,19.400812850362733,73.24643970059446,2024-12-03 17:12:22.400000000,19.207313541666675,32,2.1330871786722923,3.9384119658119716
271,14,19.401075268263845,73.24678938693492,2024-12-03 17:12:24.625000000,19.66993434343433,26,2.4094708747809097,3.959061538461544
272,14,19.40135575656495,73.24715199009822,2024-12-03 17:12:27.181818182,20.430156430895433,32,1.6748527263578032,3.959061538461544
273,14,19.40161981712153,73.24753448157549,2024-12-03 17:12:30.181818182,20.489435290404035,20,0.92138174984861,3.959061538461544
274,14,19.401880297511788,73.24789005342609,2024-12-03 17:12:32.000000000,19.893439423076952,26,0.47200476821168286,3.7276141287284195
275,14,19.402127716908026,73.2482136204246,2024-12-03 17:12:34.000000000,18.4165126633987,34,1.3596246875979972,3.9552837606837654
276,14,19.402377016489503,73.24855368703706,2024-12-03 17:12:36.692307692,17.640052428329977,32,1.239727182721398,3.5214431885574773
277,14,19.40263563271197,73.24891644774308,2024-12-03 17:13:05.090909091,19.04066083676258,27,2.727132178089698,3.9552837606837654
278,14,19.402902685650194,73.24926998418829,2024-12-03 17:13:21.769230769,20.464767315353093,29,0.6225208088505881,3.959061538461544
279,14,19.40316468098192,73.24961618850314,2024-12-03 17:13:24.307692308,20.990913026402538,24,1.0535805721961897,3.971275213675219
280,14,19.403411317398955,73.24996951561202,2024-12-03 17:13:26.090909091,20.763022148526105,35,1.001440998782601,3.959061538461544
281,14,19.403661915399972,73.250319293561,2024-12-03 17:13:28.928571429,20.72810816068852,28,0.5518146880561974,3.9384119658119716
282,14,19.403933954663835,73.25067247433503,2024-12-03 17:13:31.545454545,20.35821565656573,18,0.772707929810411,3.9384119658119716
283,14,19.404207314695988,73.25103802463858,2024-12-03 17:13:32.923076923,19.933094337606803,31,0.2162678348778083,3.845548717948723
284,14,19.40448891223795,73.25137691223665,2024-12-03 17:13:35.437500000,19.323816010802467,27,1.0017515507711163,3.935548717948724
285,14,19.404761807909317,73.25173003310007,2024-12-03 17:13:38.000000000,17.848507201646093,27,2.1306796741079532,3.9384119658119716
286,14,19.40502708516583,73.25211156087242,2024-12-03 17:13:40.700000000,16.15681404586393,37,2.654907476338246,3.845548717948723
287,14,19.405305243780283,73.25247149429613,2024-12-03 17:13:44.100000000,15.271397859225132,33,5.150634770043956,3.9844803418803485
288,14,19.405568747155705,73.25283723016312,2024-12-03 17:13:47.000000000,16.324791305916424,28,1.5635801703581358,3.9384119658119716
289,14,19.405819688128293,73.2531963667578,2024-12-03 17:13:49.909090909,18.027173286789385,34,2.22305709079459,3.9552837606837654
290,14,19.406078651388594,73.25354882181588,2024-12-03 17:13:52.500000000,18.74299221173256,25,2.842505230980991,3.973411965811972
291,14,19.40631694554252,73.25384338622679,2024-12-03 17:13:54.272727273,18.587718718434346,30,2.1524826193665114,3.9384119658119716
292,14,19.40654527405131,73.25414250548971,2024-12-03 17:13:56.900000000,17.294944063619717,31,1.1646112323677738,3.959061538461544
293,14,19.406805409385125,73.25451318040713,2024-12-03 17:13:59.600000000,12.458883219954222,42,0.7645778923037593,3.845548717948723
294,14,19.40707148356654,73.25480602662,2024-12-03 17:14:03.047619048,7.052630056631586,73,5.035869141802631,3.727061538461541
295,14,19.407290930325964,73.25500953759077,2024-12-03 17:14:09.300000000,9.21984538113697,43,1.420029687764987,3.2128929725736453
296,14,19.40748554521341,73.25528357395875,2024-12-03 17:14:13.000000000,10.83473262626266,25,2.763630276467489,3.8521470085470138
297,14,19.40770447763397,73.25561725234385,2024-12-03 17:14:15.818181818,12.528746210808592,37,0.9151852532503121,3.2981270538984844
298,14,19.407916969083836,73.25590264405452,2024-12-03 17:14:35.400000000,13.475317893477966,32,3.393669735711616,3.9552837606837654
299,14,19.408161290197462,73.25617314952956,2024-12-03 17:15:02.272727273,12.415902080010527,38,2.81772222468127,3.8521470085470138
300,14,19.40842209122169,73.2564720912217,2024-12-03 17:15:05.636363636,8.603022065897145,56,6.513979540427671,3.982078632478638
301,14,19.40861483513997,73.25673424599447,2024-12-03 17:15:10.100000000,3.7728685659384857,102,1.7535486564757736,5.28866831854109
302,14,19.40879401018306,73.2570074684933,2024-12-03 17:15:19.090909091,8.593707621082475,39,1.5663397392237024,3.3719457136700832
303,14,19.40903966478495,73.2573637502549,2024-12-03 17:15:24.090909091,11.889956040564405,42,0.9762218764525652,3.9552837606837654
304,14,19.409308283933054,73.25768832194724,2024-12-03 17:15:27.400000000,13.047509325114333,36,2.981111487259742,3.312526146869006
305,14,19.409547432689664,73.25802240626965,2024-12-03 17:15:30.818181818,12.397825140493515,39,1.315974977439014,3.959061538461544
306,14,19.40974490444452,73.25838956693346,2024-12-03 17:15:33.769230769,8.614128594640611,64,1.7696607329662297,3.3313538461538474
307,14,19.409913173307594,73.2586881301535,2024-12-03 17:15:39.692307692,4.436551960008603,81,5.718662221158433,2.9521049383856104
308,14,19.41010471771694,73.25892188881662,2024-12-03 17:15:45.928571429,9.044845227072324,54,2.353534055229436,3.9858564102564156
309,14,19.41030686268222,73.2592147306662,2024-12-03 17:15:50.100000000,12.167793703703692,45,4.586855907543085,3.845548717948723
310,14,19.410488925958965,73.25953489078022,2024-12-03 17:15:53.454545455,14.191871197089867,42,2.86945377503772,3.959061538461544
311,14,19.41069305129889,73.25984292713443,2024-12-03 17:15:56.153846154,15.476564152256062,43,2.403115051401121,3.959061538461544
312,14,19.41093529210938,73.26019288472523,2024-12-03 17:16:40.142857143,16.61192205412264,27,5.184759427780091,3.9552837606837654
313,14,19.41144606475704,73.26095486007023,2024-12-03 17:16:45.100000000,17.07453913855756,34,1.060537668916785,3.9387794871794917
314,14,19.411679619004605,73.26135152185503,2024-12-03 17:16:48.100000000,16.915768984487666,28,1.5838689904583898,3.9384119658119716
315,14,19.411888057937993,73.26174353113558,2024-12-03 17:16:50.923076923,16.632282751760005,33,4.2748935788522555,3.845548717948723
316,14,19.412101283188754,73.26213796625933,2024-12-03 17:16:53.363636364,16.35082705308273,32,3.982076801537967,3.973411965811972
317,14,19.412311128035807,73.26252572319794,2024-12-03 17:16:56.100000000,14.313940377443414,36,2.7085893920167217,3.970548717948724
318,14,19.412484135334857,73.26291383605852,2024-12-03 17:16:59.000000000,11.541874305555554,50,0.5420504772433445,3.9552837606837654
319,14,19.412659316210434,73.2633306846762,2024-12-03 17:17:02.937500000,7.2834262278895325,73,1.3912412538673211,3.1383110721211556
320,14,19.412834196176433,73.26375603121943,2024-12-03 17:17:10.153846154,9.480143730849909,53,6.1873886551930894,3.982078632478638
321,14,19.41299623686968,73.26418767563838,2024-12-03 17:17:16.181818182,13.848567755681431,32,1.2576800600414748,3.971275213675219
322,14,19.413153249285962,73.26462862135888,2024-12-03 17:17:19.900000000,16.64265977272731,22,4.00389141856079,3.8521470085470138
323,14,19.4132956681523,73.26504425766555,2024-12-03 17:17:21.900000000,17.493845956541445,31,1.6627776623482227,3.9552837606837654
324,14,19.413432772383562,73.26546746611061,2024-12-03 17:17:24.125000000,17.26833662605697,31,3.1590628464286756,3.9552837606837654
325,14,19.413563735527205,73.26592344429079,2024-12-03 17:17:27.100000000,16.251742430559535,41,0.3270456945571382,3.9552837606837654
326,14,19.413677162717626,73.2663774523514,2024-12-03 17:17:30.800000000,16.610438217511792,32,1.6602851062533583,3.959061538461544
327,14,19.413768968847123,73.26681500999393,2024-12-03 17:17:33.600000000,17.860029019360297,24,3.804886704133516,3.845548717948723
328,14,19.413859385139922,73.26723671960761,2024-12-03 17:17:35.545454545,18.703471777964857,32,1.5680843852855502,3.845548717948723
329,14,19.413964362634214,73.26765744337635,2024-12-03 17:17:37.888888889,19.659706548051304,34,1.4788328810510802,3.959061538461544
330,14,19.414046046323655,73.2681058396565,2024-12-03 17:18:21.090909091,20.45399902731005,27,1.3916043752057654,3.973411965811972
331,14,19.414102751660785,73.2685760051614,2024-12-03 17:18:23.636363636,20.449506339436002,24,1.112117509918865,3.845548717948723
332,14,19.414162690396836,73.2689772153404,2024-12-03 17:18:25.300000000,20.106792853835906,30,1.3420333264987463,3.935548717948724
333,14,19.414204623244274,73.26937437306017,2024-12-03 17:18:27.142857143,19.86380203740441,27,1.6676519905616285,3.845548717948723
334,14,19.414248435147694,73.26979250193119,2024-12-03 17:18:29.300000000,19.442751736111113,26,2.0663217598642927,3.959061538461544
335,14,19.41428700547567,73.27016735619654,2024-12-03 17:18:31.800000000,19.046615594806706,23,0.07356013070609117,3.973411965811972
336,14,19.414296804990045,73.27058881672563,2024-12-03 17:18:33.400000000,18.398680607604767,39,1.7485080089712564,3.9552837606837654
337,14,19.41431629623058,73.27106174649927,2024-12-03 17:18:36.923076923,16.258199934710138,24,0.5416021583653096,3.845548717948723
338,14,19.41436371000922,73.27146544042125,2024-12-03 17:18:38.545454545,13.878491224178818,37,2.240227372865947,3.959061538461544
339,14,19.414388840451608,73.27186838358584,2024-12-03 17:18:41.700000000,12.127272826922866,50,1.5340065844584923,2.8112919116364505
340,14,19.41439142667297,73.27233245432953,2024-12-03 17:18:46.100000000,10.493726235538814,53,1.2605935366120788,3.982078632478638
341,14,19.41444255316515,73.2726974877679,2024-12-03 17:18:49.833333333,5.701344454305095,70,0.6702854270228683,3.114753560911542
342,14,19.414488335273308,73.27304427784601,2024-12-03 17:18:58.692307692,6.024999919460943,65,0.27007569261708547,3.982078632478638
343,14,19.41454578210816,73.27345643750532,2024-12-03 17:19:04.400000000,10.681499193019926,50,2.2933961257647346,3.4329760683760697
344,14,19.414633053853514,73.27386287809782,2024-12-03 17:19:08.538461538,13.455042450951856,44,2.563402862850813,3.9552837606837654
345,14,19.414712023396042,73.27427756802862,2024-12-03 17:19:12.100000000,14.640968608031075,37,1.037189334002626,3.959061538461544
346,14,19.414833207808528,73.27469255010062,2024-12-03 17:19:15.384615385,15.519459263854417,31,3.2334106662832762,3.971275213675219
347,14,19.415015355937122,73.27506956162918,2024-12-03 17:19:18.230769231,16.334677868427853,33,2.1419414355665363,3.935548717948724
348,14,19.415215972127957,73.27542871282157,2024-12-03 17:20:01.636363636,15.983506843122727,27,5.412362451820598,3.5214431885574773
349,14,19.415433544183507,73.27579463706647,2024-12-03 17:20:04.000000000,16.675875373931596,30,2.9679480175977906,3.959061538461544
350,14,19.415685396734133,73.27614275331722,2024-12-03 17:20:06.538461538,17.325513270839068,31,1.551913837794274,3.973411965811972
351,14,19.415926255467078,73.27647485182828,2024-12-03 17:20:09.083333333,17.726698564814743,30,0.5033306122831416,3.973411965811972
352,14,19.416217146438385,73.27676714643837,2024-12-03 17:20:11.437500000,18.115399641927045,32,4.277432084311874,3.959061538461544
353,14,19.416554465001088,73.2770266059043,2024-12-03 17:20:13.833333333,18.565770634505945,29,0.5713054720922256,3.9552837606837654
354,14,19.416896413376193,73.27729348130032,2024-12-03 17:20:16.800000000,18.76106782329462,27,1.2674323454316998,3.971275213675219
355,14,19.417242769557753,73.27755463365231,2024-12-03 17:20:19.000000000,18.50035146604938,30,0.4880620719974601,3.8805487179487237
356,14,19.41755796297752,73.27781369573574,2024-12-03 17:20:21.250000000,18.335019453687252,26,2.2350937990435327,3.935548717948724
357,14,19.41788736884953,73.27805616453412,2024-12-03 17:20:23.818181818,18.290806653322896,29,0.27223452157271155,3.973411965811972
358,14,19.418217117187293,73.2783171171873,2024-12-03 17:20:26.200000000,17.864144857549952,30,0.3323101146305919,3.312526146869006
359,14,19.418552045395053,73.27859677820996,2024-12-03 17:20:28.769230769,17.856776732947214,33,3.710804892776244,3.9552837606837654
360,14,19.41890935122055,73.27884782535793,2024-12-03 17:20:31.636363636,18.126785963168725,28,0.7953947325230977,3.9552837606837654
361,14,19.419254392947213,73.27912243572862,2024-12-03 17:20:34.000000000,18.610339964157692,31,0.2073913574537848,3.935548717948724
362,14,19.419598028592027,73.27941291756224,2024-12-03 17:20:36.500000000,18.942069139895786,29,1.2491703947908517,3.845548717948723
363,14,19.41992639813984,73.27970662578585,2024-12-03 17:20:39.923076923,18.239584017255865,22,2.7837588366263097,3.971275213675219
364,14,19.420216064475852,73.27999809124228,2024-12-03 17:20:41.500000000,17.632423134451148,26,1.316955669424263,3.9384119658119716
365,14,19.420825571986768,73.28056611461204,2024-12-03 17:20:46.904761905,17.735829857884962,26,2.5832058972041585,3.935548717948724
366,14,19.421113079313074,73.28085850505875,2024-12-03 17:20:48.923076923,18.07742042543527,34,0.4911884819857686,3.845548717948723
367,14,19.42137591559873,73.28115149600208,2024-12-03 17:20:51.380952381,18.35638513398131,31,3.3324183710572743,3.935548717948724
368,14,19.421657535298884,73.28146420092455,2024-12-03 17:20:54.000000000,17.69803762344116,29,2.7377419172143815,3.973411965811972
369,14,19.42196377556751,73.28178074063948,2024-12-03 17:20:57.000000000,17.707552716363118,31,0.8566828266887608,3.959061538461544
370,14,19.422234140624195,73.2821030072303,2024-12-03 17:21:30.888888889,18.504110351377037,26,2.6473809683065026,3.845548717948723
371,14,19.422491862661847,73.28243271234867,2024-12-03 17:21:41.727272727,19.148021144781104,30,0.6301089823375278,3.845548717948723
372,14,19.422778579280326,73.28276086180736,2024-12-03 17:21:44.300000000,19.736685602697765,23,2.701956345732687,3.935548717948724
373,14,19.423049900128714,73.2831189103344,2024-12-03 17:21:46.307692308,19.808320195456904,30,0.40807048243181676,3.970548717948724
374,14,19.423290970589328,73.2834803420777,2024-12-03 17:21:48.769230769,20.290452670940084,35,1.0806357027607683,3.9384119658119716
375,14,19.42351642403219,73.28382104734077,2024-12-03 17:21:51.437500000,20.848547562767088,20,2.740519015838832,3.9384119658119716
376,14,19.423713177888157,73.28417806006367,2024-12-03 17:21:53.000000000,21.12635728458051,35,1.5580333731112883,3.9552837606837654
378,14,19.424087204287154,73.28487772608224,2024-12-03 17:21:56.900000000,21.236472363053615,26,1.2356519496877219,3.845548717948723
379,14,19.424269315206775,73.28523220972181,2024-12-03 17:21:58.909090909,21.23751589887843,34,1.216242090304019,3.845548717948723
380,14,19.424478620352694,73.28556706675619,2024-12-03 17:22:01.000000000,20.969942634290387,27,1.2508550093300093,3.959061538461544
381,14,19.424675128300066,73.28590776429948,2024-12-03 17:22:03.000000000,20.30804729166649,25,2.4013592064130576,3.9844803418803485
382,14,19.424822237282562,73.2862293020552,2024-12-03 17:22:04.700000000,19.72626006741373,27,1.0547436705807782,3.973411965811972
383,14,19.424974023040825,73.2865696526091,2024-12-03 17:22:06.714285714,19.141232007575532,22,2.7196302395884344,3.973411965811972
384,14,19.42505115606943,73.28692168406451,2024-12-03 17:22:08.684210526,18.39198516095872,36,3.3312516846007614,3.9384119658119716
385,14,19.42511350533949,73.28728403333456,2024-12-03 17:22:11.551724138,17.887816787366248,22,4.17310875175315,3.973411965811972
386,14,19.425197777756736,73.28766475014639,2024-12-03 17:22:13.333333333,18.40490707675331,26,4.884270730677677,3.845548717948723
387,14,19.425338049830714,73.2880523160035,2024-12-03 17:22:16.000000000,19.45425208333308,20,2.0164019724205327,3.845548717948723
388,14,19.425601788735527,73.28840060058636,2024-12-03 17:22:18.000000000,19.997322892851617,27,2.427382752230735,3.959061538461544
389,14,19.425932553798383,73.28868407186607,2024-12-03 17:22:20.444444444,20.523722166105557,25,1.3551049164995865,3.970548717948724
390,14,19.42630032455402,73.2889281197229,2024-12-03 17:22:23.000000000,21.193596916881233,27,1.639770924471461,3.845548717948723
391,14,19.426679465942478,73.28914575354574,2024-12-03 17:22:25.200000000,20.713655303030297,22,6.110055327864196,3.9384119658119716
392,14,19.427032099020515,73.28936682600921,2024-12-03 17:22:27.500000000,19.87779438405797,23,2.3986961961056044,3.935548717948724
393,14,19.427346670417112,73.28964320165366,2024-12-03 17:22:29.400000000,19.440412656347863,41,0.5856295466781551,3.935548717948724
394,14,19.42763727118688,73.28998272669762,2024-12-03 17:22:32.923076923,17.147577526639655,21,0.776977383843596,3.971275213675219
395,14,19.427889753080077,73.29033491190859,2024-12-03 17:22:34.909090909,15.463195314632866,37,0.852947986591694,3.845548717948723
396,14,19.428132253715233,73.29070001024013,2024-12-03 17:22:38.000000000,14.412102428279193,32,2.170567152539904,3.958411965811972
397,14,19.42838088877277,73.29104864529768,2024-12-03 17:23:20.700000000,14.571553235038364,44,1.1211064413625353,3.9552837606837654
398,14,19.42868492119097,73.29133492119097,2024-12-03 17:23:24.600000000,16.052079663693746,23,0.3388216934637785,3.845548717948723
399,14,19.429050466162906,73.29159052795839,2024-12-03 17:23:27.000000000,17.37108953168046,33,1.3072335851228662,3.959061538461544
400,14,19.4298290413487,73.29202029947795,2024-12-03 17:23:32.384615385,17.332692216117174,35,1.292541653199975,3.959061538461544
401,14,19.430186847645388,73.29222741732517,2024-12-03 17:23:35.230769231,16.745808553901313,31,4.5094709686970225,3.959061538461544
402,14,19.430536776679915,73.29244827945372,2024-12-03 17:23:37.692307692,16.354501008932612,38,0.9869941725205161,3.941352136752142
403,14,19.430903496279427,73.2926362046031,2024-12-03 17:23:40.928571429,16.266633439153438,30,0.1827905288478498,3.959061538461544
404,14,19.43128964484705,73.29279661605301,2024-12-03 17:23:43.600000000,16.584669766631823,29,2.796701020000714,3.9552837606837654
405,14,19.4316929397721,73.29296136193187,2024-12-03 17:23:46.090909091,17.198029569892476,31,0.6942491234778455,3.845548717948723
406,14,19.43209226577101,73.29315695571339,2024-12-03 17:23:49.000000000,18.025146901709395,30,3.2426236671689805,3.959061538461544
407,14,19.432469217897005,73.29339726868571,2024-12-03 17:23:51.769230769,18.500265904234624,22,3.1325868042568534,3.9384119658119716
408,14,19.432824841093208,73.29367303034738,2024-12-03 17:23:54.500000000,19.043440873015868,35,3.2796601487331722,3.959061538461544
409,14,19.433175438087297,73.29397150236531,2024-12-03 17:23:56.937500000,19.238421624599358,24,2.8212016917405993,3.935548717948724
410,14,19.433502678605528,73.29423839620571,2024-12-03 17:23:59.692307692,19.313985769230772,25,1.7257859502542585,3.845548717948723
411,14,19.43403262773058,73.29473450133173,2024-12-03 17:24:03.500000000,20.047255429292925,28,0.9461962821650465,3.941352136752142
412,14,19.43433226293351,73.29502192445881,2024-12-03 17:24:05.818181818,20.470404128982054,25,3.84924962931028,3.9384119658119716
413,14,19.43465378413252,73.29533551716383,2024-12-03 17:24:08.000000000,20.801475325670502,29,0.7373418967121137,3.971275213675219
414,14,19.43496444885653,73.29561949050705,2024-12-03 17:24:10.400000000,20.98269144300151,22,2.4359367654106143,3.9384119658119716
415,14,19.43527641040711,73.29589812443325,2024-12-03 17:24:12.200000000,20.776369300144278,28,1.327433515855551,3.973411965811972
416,14,19.435579768008907,73.29615290603782,2024-12-03 17:24:14.636363636,20.402139959866556,28,2.988796001175349,3.9494803418803484
417,14,19.43586846230655,73.29643423300455,2024-12-03 17:24:16.437500000,19.98723615056813,24,2.9979558676665623,3.9384119658119716
418,14,19.43617225518024,73.29677043796232,2024-12-03 17:24:22.153846154,19.000989696969636,30,3.174477969479711,3.973411965811972
419,14,19.436801502851246,73.29736391727516,2024-12-03 17:25:04.090909091,16.96859803921569,34,3.4292699127017983,3.959061538461544
420,14,19.43707205538185,73.29762988333538,2024-12-03 17:25:06.454545455,15.338897413322487,37,1.5981975546566345,3.959061538461544
421,14,19.437373358183443,73.29790778191433,2024-12-03 17:25:09.400000000,12.917938412698446,35,2.0742037049518705,3.374335904618257
422,14,19.437702539526956,73.29820743594436,2024-12-03 17:25:13.923076923,9.607867948718045,46,0.37798299188689527,2.9740789872359192
423,14,19.43799724890409,73.29849704007273,2024-12-03 17:25:18.230769231,9.83214849490172,57,0.1624339455338705,2.829532395522311
424,14,19.438293969595243,73.298780822809,2024-12-03 17:25:23.000000000,9.523576096597399,53,1.6911845574407935,3.22485460030166
425,14,19.438617061623702,73.2990790304116,2024-12-03 17:25:27.538461538,10.591598958333323,52,0.29227035333905194,3.701394871794875
426,14,19.43890063651886,73.299375752093,2024-12-03 17:25:31.937500000,10.63726899801585,42,5.729218707873944,3.83564273504274
427,14,19.43918069003333,73.29963494473151,2024-12-03 17:25:35.769230769,10.937347825491837,46,3.6052429746603645,4.041950190589054
428,14,19.43945981567785,73.299893384223,2024-12-03 17:25:39.727272727,11.145576476007118,45,2.5932028565090426,3.2208796462174623
429,14,19.439712985745857,73.30018030480684,2024-12-03 17:25:43.000000000,12.285834777084876,37,5.279542547844427,3.910770940170943
430,14,19.440025207753763,73.30045224346324,2024-12-03 17:25:46.700000000,12.819952290618733,38,2.8176306665417643,3.9552837606837654
431,14,19.440353803265005,73.30071949032441,2024-12-03 17:25:49.916666667,13.473574666235999,43,1.1157682249824634,3.218093321431137
432,14,19.440654719743335,73.30101012153096,2024-12-03 17:25:53.692307692,14.029797924448392,41,2.927806366314462,3.7383606837606864
433,14,19.440964955426736,73.30131076129925,2024-12-03 17:25:57.333333333,13.22387387874952,37,3.0824579518094213,3.9552837606837654
434,14,19.44128046813574,73.301605619974,2024-12-03 17:26:34.875000000,11.243405872729738,40,0.43440426975578844,3.3303782866992946
435,14,19.441607625148126,73.30191608714061,2024-12-03 17:26:44.100000000,12.365955365201756,44,0.344509456436952,3.9552837606837654
436,14,19.441936250812653,73.3022403027067,2024-12-03 17:26:48.391304348,12.888627717391234,38,1.1648611394749955,3.9552837606837654
437,14,19.44225635368482,73.30256194042869,2024-12-03 17:26:52.500000000,14.044326086808935,31,1.2995491237006789,3.959061538461544
438,14,19.442560023785823,73.30290098846055,2024-12-03 17:26:56.200000000,14.865973991432913,34,7.3131128911607854,3.973411965811972
439,14,19.44285560435118,73.30324642443077,2024-12-03 17:26:59.727272727,16.184971266580455,28,1.7746275885326532,3.204268934240364
440,14,19.44339430998737,73.30398656810158,2024-12-03 17:27:05.076923077,18.844121901709393,26,1.9489813192505705,3.9384119658119716
441,14,19.443651073821663,73.30434430235152,2024-12-03 17:27:07.200000000,19.24558302724206,33,0.6967281984183618,3.9495316239316285
442,14,19.443861517781045,73.30468469193578,2024-12-03 17:27:09.692307692,18.59319448128498,29,2.322668736619155,3.9845572649572705
443,14,19.444055135806217,73.30504850281409,2024-12-03 17:27:12.307692308,17.908530025051547,29,0.7043353897785543,3.9552837606837654
444,14,19.44425162417669,73.30546498420256,2024-12-03 17:27:15.076923077,16.825835122937754,34,5.571160037609081,3.9552837606837654
445,14,19.444431634020276,73.30590146641148,2024-12-03 17:27:17.095238095,16.00362806637798,30,6.572016477221766,3.9384119658119716
446,14,19.444598421810497,73.3062997855912,2024-12-03 17:27:20.818181818,14.990048528362326,39,4.261559628549131,3.970548717948724
447,14,19.444733685680262,73.30669109841077,2024-12-03 17:27:23.900000000,12.620797029722075,37,3.4810946565516954,3.5749444967730715
448,14,19.444841251191384,73.3071026851637,2024-12-03 17:27:27.000000000,10.145494893790852,51,2.0323143130910397,3.5142295133438024
449,14,19.444903302379522,73.30749926142295,2024-12-03 17:27:31.400000000,8.973860347902106,50,0.3752796079195807,3.1024488913514103
450,14,19.44494282974299,73.30784424704964,2024-12-03 17:27:36.000000000,8.426781780372355,56,1.0901767619650935,3.9003094017094044
451,14,19.44498963554704,73.30811682307112,2024-12-03 17:27:46.687500000,8.815415288360732,53,3.5898218693617103,3.9440700854700905
452,14,19.44506589104577,73.30857142427817,2024-12-03 17:28:27.100000000,7.459813027871622,37,6.7008350480316805,3.9552837606837654
453,14,19.44503309952149,73.30907370149876,2024-12-03 17:28:33.909090909,3.7621401789235667,88,2.9197128352631894,3.685206837606839
454,14,19.44506892844832,73.30933891569023,2024-12-03 17:28:41.272727273,4.722670219140561,59,4.588211342722421,3.685206837606839
455,14,19.445086873239887,73.30954559322151,2024-12-03 17:28:47.100000000,5.43818653799904,33,3.5491776142145697,3.370414241594073
456,14,19.445110878599323,73.30974184587649,2024-12-03 17:28:49.000000000,5.475587279902836,61,5.674587667716202,2.8793628528334416
457,14,19.445116957829836,73.31001864966993,2024-12-03 17:28:55.714285714,4.962118085001611,55,3.7520127107815338,3.9168136752136786
458,14,19.44511305353941,73.31034992292243,2024-12-03 17:29:02.500000000,6.45081866386753,86,1.4677243478068942,2.9598368680805645
459,14,19.445161261485715,73.31069643313091,2024-12-03 17:29:06.523809524,8.818003766766205,92,4.426904784119872,3.9168136752136786
460,14,19.445200816050274,73.31112891193175,2024-12-03 17:29:12.909090909,11.770060532133636,53,0.427701599974568,3.834215384615387
461,14,19.445205286460542,73.31159602248962,2024-12-03 17:29:17.714285714,15.080274907690429,34,0.34707273807441064,3.9552837606837654
462,14,19.445208220948935,73.31205507743181,2024-12-03 17:30:00.818181818,16.29081674821109,36,4.660452699782137,3.959061538461544
463,14,19.445214840508783,73.31250611651018,2024-12-03 17:30:03.545454545,17.224912359811324,34,0.720053292709375,3.9552837606837654
464,14,19.44523534570273,73.31296505084474,2024-12-03 17:30:06.400000000,18.00340488683127,27,0.49828332066588155,3.2056463631606498
465,14,19.44526768484839,73.31338033573317,2024-12-03 17:30:09.062500000,18.091784432187108,21,1.482382520399645,3.973411965811972
466,14,19.44528988874996,73.31374850115985,2024-12-03 17:30:11.000000000,17.821070408730716,29,0.6446332852919852,3.3175120181405915
467,14,19.445290554205776,73.31415442397949,2024-12-03 17:30:13.300000000,17.62336156321255,31,1.0599927718611832,3.8521470085470138
468,14,19.445292587584227,73.31498816430761,2024-12-03 17:30:18.000000000,17.9597224025974,37,0.9028357107668065,3.959061538461544
469,14,19.445297236469344,73.31541388235894,2024-12-03 17:30:21.095238095,17.87323100048099,23,1.5051784680668319,3.959061538461544
470,14,19.445292327083436,73.31586600249722,2024-12-03 17:30:23.000000000,17.800643939393964,36,0.8546395748915643,3.9552837606837654
471,14,19.44528829724657,73.31634265874396,2024-12-03 17:30:26.200000000,17.733668648854124,31,0.4784247783084409,3.9384119658119716
472,14,19.44529259569621,73.31681949789103,2024-12-03 17:30:28.666666667,17.54578177560385,33,0.052631865402748765,3.283264109746462
473,14,19.44529649515372,73.31729634067965,2024-12-03 17:30:31.923076923,16.34253996489658,21,3.12279491167322,3.959061538461544
474,14,19.445298966823955,73.31777318320573,2024-12-03 17:30:33.900000000,14.112089760981771,43,0.5750652778325257,3.2386775879582608
475,14,19.445296538426007,73.31824827697628,2024-12-03 17:30:37.800000000,10.311079704520994,68,0.16693127262564067,3.9858564102564156
476,14,19.445295718839205,73.31871304047587,2024-12-03 17:30:43.583333333,4.077688257688495,144,0.558995975110759,3.9855487179487237
477,14,19.44529702565307,73.31916921734549,2024-12-03 17:30:56.500000000,4.810549627407913,109,0.42973112201650426,3.8963179487179516
478,14,19.44529720937656,73.31963226480852,2024-12-03 17:31:47.200000000,5.18157659709297,108,0.36606744990856455,3.9205487179487237
479,14,19.445296798533818,73.32010061675973,2024-12-03 17:31:57.000000000,7.629884735112002,74,0.4518357879037079,3.987420512820519
480,14,19.445292710127625,73.32056516965596,2024-12-03 17:32:03.727272727,6.597052343090047,71,0.33392448763351035,3.875548717948724
481,14,19.44528769624207,73.3210347466381,2024-12-03 17:32:11.090909091,4.727005746462523,114,1.3697030928436433,3.845548717948723
482,14,19.445282501729707,73.32151157309106,2024-12-03 17:32:21.625000000,4.640546961290287,108,2.292888155081202,4.0022666666666735
483,14,19.44528552137706,73.3219770320246,2024-12-03 17:32:31.900000000,3.6129456633660717,137,0.41485421081888435,3.845548717948723
484,14,19.44529338416932,73.32243034825584,2024-12-03 17:33:26.083333333,3.875984627016113,124,0.7694442764692565,3.845548717948723
485,14,19.44529794136973,73.3228841657229,2024-12-03 17:33:37.200000000,4.315720540536876,126,0.22995787169234289,3.845548717948723
486,14,19.445313998301433,73.32334607226528,2024-12-03 17:33:49.363636364,5.993567016488404,75,3.9531371396761186,3.845548717948723
487,14,19.445350090798353,73.32378707008041,2024-12-03 17:33:56.400000000,7.709193792634197,56,0.492128215772446,3.845548717948723
488,14,19.445386678669717,73.32419799558771,2024-12-03 17:34:01.636363636,9.067161444320941,57,1.4960898421045317,3.9384119658119716
489,14,19.445461509023893,73.32461358056034,2024-12-03 17:34:06.666666667,10.332840546166723,50,3.43142077664281,2.8590303198202367
490,14,19.445567202064336,73.32503512160628,2024-12-03 17:34:11.363636364,9.7573879866932,47,1.2735252350288369,4.017266666666674
491,14,19.445790105684296,73.32587270555847,2024-12-03 17:35:00.250000000,9.499628013624525,60,2.577249605344393,3.845548717948723
492,14,19.445911178542218,73.32630771477386,2024-12-03 17:35:05.909090909,8.619237335085504,49,0.9056055737608002,3.845548717948723
493,14,19.446058854629264,73.32672169319798,2024-12-03 17:35:10.900000000,6.372512000487345,76,0.5467188773862629,3.845548717948723
494,14,19.446366300172222,73.32741257659308,2024-12-03 17:35:26.181818182,4.862318856030244,83,7.207079993912121,3.845548717948723
495,14,19.446617922278072,73.32780406370267,2024-12-03 17:35:34.857142857,3.7700318446905676,137,1.433441577664636,3.845548717948723
496,14,19.44681902675556,73.32821179344484,2024-12-03 17:35:48.181818182,4.039183204685171,95,1.306715378547349,3.845548717948723
497,14,19.44705042942,73.32859762975355,2024-12-03 17:35:58.538461538,5.149492492174097,91,3.6847694447225394,3.845548717948723
498,14,19.447324629581146,73.32896136290651,2024-12-03 17:36:47.076923077,5.418426641173308,121,1.3023249439230067,3.845548717948723
499,14,19.44760637597097,73.32930536518833,2024-12-03 17:36:57.800000000,6.178946277527526,74,0.9049310208762221,3.875548717948724
500,14,19.44788931649653,73.32960430940706,2024-12-03 17:37:03.727272727,6.60928037618946,77,0.8746068855781677,3.875548717948724
501,14,19.448161439850374,73.32990867845396,2024-12-03 17:37:10.454545455,6.0101635952451575,76,0.9369326815816347,3.845548717948723
502,14,19.448404271788633,73.33024250502976,2024-12-03 17:37:18.800000000,0.38424499638734827,1234,3.218570795185302,3.845548717948723
503,14,19.448693699177447,73.33053814641767,2024-12-03 17:41:43.000000000,2.0573062555065635,138,3.4032678803238174,3.845548717948723
504,14,19.449050111780572,73.33082453833792,2024-12-03 17:42:00.000000000,7.797519517065975,68,5.681522420674423,3.9168136752136786
505,14,19.449399286983883,73.33111039921306,2024-12-03 17:42:06.333333333,9.494079594016982,52,0.684771123461561,3.9858564102564156
506,14,19.449753273324813,73.33135991135585,2024-12-03 17:42:11.153846154,10.355624953548883,46,0.6698348033074134,3.959061538461544
507,14,19.450094671241914,73.33159719634433,2024-12-03 17:42:15.000000000,10.647265895061834,45,2.100190769932349,3.9552837606837654
508,14,19.45044224853147,73.33179949794845,2024-12-03 17:42:18.692307692,10.155220990532113,54,4.7460616077604465,3.935548717948724
509,14,19.450816494569473,73.33198072110011,2024-12-03 17:42:23.181818182,10.475530765572394,50,0.9352783463469878,3.9858564102564156
510,14,19.45119624654606,73.33216341011105,2024-12-03 17:42:27.937500000,10.479263650584924,48,2.5063607804441386,3.9681470085470134
511,14,19.451578663221106,73.33232448180186,2024-12-03 17:42:32.347826087,10.517590160701955,49,0.5719794951046187,3.845548717948723
512,14,19.451982437486812,73.3324757318889,2024-12-03 17:42:37.000000000,10.977693811212449,47,6.647515514009427,3.935548717948724
513,14,19.4523852855856,73.3325980633048,2024-12-03 17:43:21.400000000,11.28128407521417,46,0.3857302124468847,3.982078632478638
514,14,19.452773744029418,73.33269480949227,2024-12-03 17:43:25.545454545,10.74147826759311,51,1.5307126445169985,3.700352136752139
515,14,19.453164156546308,73.33278658260691,2024-12-03 17:43:28.523809524,10.75178880902466,53,0.5758711298138464,3.982078632478638
516,14,19.453535036595053,73.33286745526277,2024-12-03 17:43:33.173913043,10.731681216931241,57,0.597513162536875,3.7105572649572673
517,14,19.45393006651742,73.332936452892,2024-12-03 17:43:37.857142857,10.874788030263376,35,2.0146065268657076,3.941352136752142
518,14,19.45478650913099,73.33307171983148,2024-12-03 17:43:46.615384615,9.947908315776063,52,2.60831996269693,3.9858564102564156
519,14,19.455211660257657,73.33314748156194,2024-12-03 17:43:50.909090909,9.021723721770021,61,1.3144170747452968,3.845548717948723
520,14,19.45563708106652,73.33322373396804,2024-12-03 17:43:56.384615385,9.134649452406808,57,0.479704049295403,3.935548717948724
521,14,19.456063898709147,73.33331507683862,2024-12-03 17:44:01.500000000,8.582439399289605,59,0.5158423301346396,3.982078632478638
522,14,19.45645861412513,73.3333890953667,2024-12-03 17:44:07.300000000,7.033362585470084,65,1.70214741769256,3.845548717948723
523,14,19.457206245205576,73.33354832161514,2024-12-03 17:45:17.857142857,4.076271878762291,88,4.160074646303589,3.875548717948724
524,14,19.457599758412506,73.33360081962552,2024-12-03 17:45:25.384615385,5.615695835538257,82,0.09001289554409386,3.845548717948723
525,14,19.45796858128936,73.33364722698434,2024-12-03 17:45:33.272727273,6.975774813565339,64,0.8204294003750302,3.845548717948723
526,14,19.4583199815504,73.33371062851518,2024-12-03 17:45:38.461538462,8.570269425953333,52,1.1318834787914374,3.845548717948723
527,14,19.458715945645576,73.33377389402719,2024-12-03 17:45:43.923076923,10.639853905379113,46,4.411876752211107,3.971275213675219
528,14,19.459458894177104,73.33395744751812,2024-12-03 17:45:51.000000000,11.49734084745223,39,2.821793207028283,3.959061538461544
529,14,19.459836367588505,73.33400862160275,2024-12-03 17:45:53.818181818,11.363531155253462,42,2.1463672916263783,3.5214290598290625
530,14,19.46022537059932,73.33406069736415,2024-12-03 17:45:57.545454545,11.423057306014623,44,4.7077802028728435,3.959061538461544
531,14,19.460608134910427,73.3341534549408,2024-12-03 17:46:41.500000000,12.387699066332143,46,4.167134463888356,3.806275213675217
532,14,19.460995897917037,73.33422607575946,2024-12-03 17:46:44.900000000,13.262897529347569,37,0.8970357106331681,3.9552837606837654
533,14,19.46182260167304,73.33436578399068,2024-12-03 17:46:52.000000000,13.103414277284989,42,0.9336700749973995,3.959061538461544
534,14,19.46221708410513,73.33441103338328,2024-12-03 17:46:55.000000000,13.038757178151705,52,0.4561423393548784,3.9858564102564156
535,14,19.46260261213998,73.33444799899216,2024-12-03 17:46:59.250000000,13.001309925690673,40,0.1864942678882931,3.390462899005758
536,14,19.462980962856452,73.33448190096101,2024-12-03 17:47:02.615384615,13.234379391771068,43,0.32963551944347186,3.8413948717948774
537,14,19.463411492976032,73.33449852001792,2024-12-03 17:47:06.200000000,13.689229611111113,40,0.7637563300698449,3.9387794871794917
538,14,19.463854119919283,73.33450365022524,2024-12-03 17:47:09.800000000,13.998033220720723,37,0.18886393970169923,3.9552837606837654
539,14,19.464299648593055,73.33450310344159,2024-12-03 17:47:13.000000000,14.25191036216576,38,1.0398342964795257,3.973411965811972
540,14,19.46473338423372,73.33450459318001,2024-12-03 17:47:16.900000000,14.072643731197365,40,3.6655001340323836,3.9552837606837654
541,14,19.465158072245952,73.33450722900491,2024-12-03 17:47:19.500000000,14.154661328042298,50,0.26471691582698476,3.9681470085470134
542,14,19.46558614551481,73.33451160259969,2024-12-03 17:47:23.714285714,14.35703566423568,37,0.4885351622529907,3.9552837606837654
543,14,19.46599886915891,73.33452109824664,2024-12-03 17:47:27.000000000,14.559238998999014,37,0.7235692334657495,3.959061538461544
544,14,19.46639795986182,73.33453223910553,2024-12-03 17:47:30.000000000,14.748728629431572,34,1.5508736932529779,3.959061538461544
545,14,19.46677609914017,73.33454331991722,2024-12-03 17:47:33.636363636,15.052091110535514,27,2.4847170351743757,3.845548717948723
546,14,19.46711672656801,73.33457737182022,2024-12-03 17:47:35.615384615,15.396964154892741,28,2.029144819432275,3.973411965811972
547,14,19.46750297335003,73.334604431918,2024-12-03 17:47:37.545454545,15.800047391037635,41,1.0008769783436573,3.9552837606837654
548,14,19.46794472778008,73.33461005568847,2024-12-03 17:48:21.275862069,16.43194823329081,30,0.31408097328292917,3.9494803418803484
549,14,19.468379374669585,73.33460309044187,2024-12-03 17:48:24.000000000,16.93950779857409,34,1.2732144286736344,3.959061538461544
550,14,19.468782696461403,73.33456322316982,2024-12-03 17:48:26.388888889,16.55191385327638,30,4.332441484566782,3.959061538461544
551,14,19.469168852328416,73.33451535532993,2024-12-03 17:48:29.230769231,16.12957955955334,31,0.7804028496370616,3.8708649572649603
552,14,19.469558153338024,73.33447343956442,2024-12-03 17:48:31.800000000,15.901608494959456,39,0.7884081088877152,3.970548717948724
553,14,19.469949270740756,73.33442621696244,2024-12-03 17:48:34.692307692,15.77576711667961,30,1.918508893819013,3.845548717948723
554,14,19.47033776801645,73.33435,2024-12-03 17:48:37.818181818,15.659627394916944,31,2.323733870159811,3.9552837606837654
555,14,19.470727573614298,73.33428470669895,2024-12-03 17:48:40.700000000,15.422603086419805,27,1.7098822659298185,3.941352136752142
556,14,19.471116796040413,73.33423320395958,2024-12-03 17:48:43.000000000,15.16924189814815,30,1.6841867348332433,3.959061538461544
557,14,19.471495557037372,73.33412273743028,2024-12-03 17:48:45.625000000,14.89045627011545,34,1.4268969195418948,3.958411965811972
558,14,19.471883438184108,73.33399825917672,2024-12-03 17:48:48.545454545,15.229531313131279,35,1.2319685098001303,3.935548717948724
559,14,19.472271177807887,73.33387401900708,2024-12-03 17:48:51.666666667,15.788848530870188,27,3.2216593813432155,3.935548717948724
560,14,19.47264045116146,73.33374134276033,2024-12-03 17:48:54.181818182,16.59636556637808,30,4.0487811577034005,3.845548717948723
561,14,19.472988935322117,73.33359382946173,2024-12-03 17:48:56.500000000,17.412412918871155,30,2.9021189691637317,3.845548717948723
562,14,19.47331247809833,73.33344004286766,2024-12-03 17:48:58.800000000,18.26956895899459,40,2.263798759822606,3.9552837606837654
563,14,19.47367411198409,73.33328915026884,2024-12-03 17:49:02.280000000,18.91675814611626,18,1.5415930037096268,3.845548717948723
564,14,19.474027016450723,73.33315827367734,2024-12-03 17:49:04.137931034,19.02467779556861,29,4.175467841406068,3.971275213675219
565,14,19.474377225061247,73.3330335322297,2024-12-03 17:49:05.862068966,18.72391929094211,26,1.7504368894408406,3.9384119658119716
566,14,19.47475587590234,73.33287818812323,2024-12-03 17:49:08.500000000,18.24880213675214,26,1.315161539801184,3.971275213675219
567,14,19.475132958111992,73.3327424726429,2024-12-03 17:49:11.000000000,17.413914551404886,29,4.540712801095104,3.9494803418803484
568,14,19.475470871165523,73.33259113717459,2024-12-03 17:49:12.846153846,16.80960917225135,32,3.328898249980039,3.9552837606837654
569,14,19.47577538244581,73.3324485331504,2024-12-03 17:49:15.363636364,16.676976332237274,31,2.457438402541982,3.959061538461544
570,14,19.476109505069203,73.33231274214985,2024-12-03 17:49:17.565217391,16.996943075684353,36,3.3743517998955883,3.941352136752142
571,14,19.476435791000533,73.33219572029229,2024-12-03 17:49:49.066666667,17.277280443322095,24,0.8765343996780336,3.959061538461544
572,14,19.476788323798836,73.33208502670823,2024-12-03 17:50:02.272727273,17.64134131222188,33,1.7333209680179518,3.970548717948724
573,14,19.477157557465425,73.33195084407282,2024-12-03 17:50:04.826086957,17.97807807923086,30,1.0612358830098223,3.9494803418803484
574,14,19.477560445969758,73.33185717668408,2024-12-03 17:50:07.000000000,18.530180964052285,34,2.063753186635571,3.9552837606837654
575,14,19.477990892975328,73.33180218415842,2024-12-03 17:50:09.533333332,19.158780206904378,27,1.0382111629057023,3.959061538461544
576,14,19.478402951603478,73.33178727539328,2024-12-03 17:50:12.000000000,19.814031157142896,35,0.42653632676067194,3.9552837606837654
577,14,19.47882032564568,73.33179493926153,2024-12-03 17:50:14.800000000,20.292698558310367,22,2.4671844110136476,3.971275213675219
578,14,19.479234117967984,73.3318,2024-12-03 17:50:16.545454545,20.681534436363616,25,2.0471945793078654,3.959061538461544
579,14,19.47962178854553,73.33183322319604,2024-12-03 17:50:18.800000000,20.998938875114742,22,1.1875736403881971,3.935548717948724
580,14,19.479967962302773,73.33188322319606,2024-12-03 17:50:20.272727273,20.99667011241447,31,1.9135474659043494,3.970548717948724
581,14,19.480312111530417,73.33191125480455,2024-12-03 17:50:23.000000000,20.95290075757576,22,1.7304491916403952,3.973411965811972
582,14,19.480652378028537,73.33196118473437,2024-12-03 17:50:24.909090909,20.916941498316493,24,1.6719158940706296,3.971275213675219
583,14,19.48102554718642,73.33199992992982,2024-12-03 17:50:26.000000000,20.872256503527336,18,0.838552344792954,3.973411965811972
584,14,19.481459313515767,73.33200654523787,2024-12-03 17:50:28.285714286,20.82058035714285,38,2.004355952063641,3.959061538461544
585,14,19.48185165589993,73.33195654523789,2024-12-03 17:50:30.857142857,20.762308344155862,20,7.32384696660654,3.845548717948723
586,14,19.482250273259574,73.33191002328113,2024-12-03 17:50:32.666666667,20.725869764957267,26,4.567186315610222,3.9845572649572705
587,14,19.482647895631125,73.3318667104651,2024-12-03 17:50:35.000000000,20.685200969827644,29,1.6130201582917048,3.935548717948724
588,14,19.483044470063522,73.33177629357057,2024-12-03 17:50:37.636363636,20.765928615702478,22,1.491208565965645,3.973411965811972
589,14,19.48347848302589,73.33169935167285,2024-12-03 17:50:39.363636364,20.890221865881056,30,0.9092328622579416,3.935548717948724
590,14,19.483892588541806,73.33161681272163,2024-12-03 17:50:41.666666667,21.052839938739268,18,1.6822532484988644,3.973411965811972
591,14,19.484293928302662,73.33152817149215,2024-12-03 17:50:43.454545455,21.19314048174047,39,0.80125242358005,3.9552837606837654
592,14,19.484679503453965,73.3314405638501,2024-12-03 17:50:45.937500000,21.342213388480364,17,3.0611798920009647,3.921052991452997
593,14,19.484997286668897,73.33135035945894,2024-12-03 17:50:47.500000000,21.29343908699062,29,2.9782936344649933,3.8521470085470138
594,14,19.4853455990718,73.33127885198327,2024-12-03 17:50:49.500000000,20.802160083333508,20,2.371603895421232,3.845548717948723
595,14,19.485738172279877,73.33117900642605,2024-12-03 17:50:51.300000000,20.381444598884475,37,3.493837934010084,3.959061538461544
596,14,19.486122882095692,73.33108920997194,2024-12-03 17:50:54.000000000,19.842430138888858,16,3.667928780227191,3.845548717948723
597,14,19.486511907328698,73.33103208828693,2024-12-03 17:50:55.700000000,19.428733182234474,28,2.8949817468163066,3.9384119658119716
598,14,19.486852041222193,73.33094467051033,2024-12-03 17:50:57.800000000,18.686363152292238,30,2.7552809687353106,3.973411965811972
599,14,19.487219766455,73.33091363169598,2024-12-03 17:51:40.153846154,18.385473745909,33,1.520876505663907,3.675129914529917
600,14,19.48762786209894,73.33097031975568,2024-12-03 17:51:43.000000000,18.661303508771926,19,1.1487965352759917,3.971275213675219
601,14,19.48801291459598,73.33108585460607,2024-12-03 17:51:45.000000000,19.129803968253945,35,6.064616381101513,3.431306889935464
602,14,19.488346534768574,73.33123703523475,2024-12-03 17:51:46.869565217,19.547441048637292,27,1.6557562370342578,3.9384119658119716
603,14,19.48886670387457,73.33159764036363,2024-12-03 17:51:50.500000000,20.243934837962964,26,1.6631047925929225,3.973411965811972
604,14,19.48959446991885,73.33218656598876,2024-12-03 17:51:55.818181818,21.509086833074242,18,1.0521658370561071,3.9384119658119716
605,14,19.48994439507056,73.33247167364664,2024-12-03 17:51:57.769230769,21.955742660720947,23,0.6366570805980644,3.973411965811972
606,14,19.49032500509123,73.33272502937083,2024-12-03 17:51:59.769230769,22.097932931314443,28,0.9405155212719679,3.845548717948723
607,14,19.4907165052321,73.332958992832,2024-12-03 17:52:02.187500000,22.171706123062904,26,1.4318807676532515,3.935548717948724
608,14,19.491111429943288,73.3331635479424,2024-12-03 17:52:04.909090909,22.254649410774412,18,0.582910061531842,3.9384119658119716
609,14,19.491508535521692,73.33334393770315,2024-12-03 17:52:06.545454545,22.300484261191865,28,1.7217574246945495,3.970548717948724
610,14,19.49186883429086,73.33351696522249,2024-12-03 17:52:08.857142857,22.21187265974769,17,2.9699508126103926,3.845548717948723
611,14,19.49223232559276,73.33365310919825,2024-12-03 17:52:10.384615385,21.97760340297551,30,3.597742521536873,3.971275213675219
613,14,19.493035764279686,73.33382799912556,2024-12-03 17:52:14.173913043,21.300414475001542,29,2.5481836128973288,3.959061538461544
614,14,19.493471576790636,73.33387799219817,2024-12-03 17:52:16.818181818,20.819574421096956,23,0.96850174865687,3.973411965811972
615,14,19.494174754428066,73.33396592589924,2024-12-03 17:52:20.272727273,20.978311483011932,33,3.3292876348368163,3.970548717948724
617,14,19.495255833057882,73.33391560878928,2024-12-03 17:52:26.461538462,21.62261547602078,30,4.231466615773153,3.9445316239316286
618,14,19.49569466069477,73.33381153415442,2024-12-03 17:52:28.916666667,21.877515967592593,20,0.7121313068397508,3.845548717948723
619,14,19.496133488388303,73.33370745950612,2024-12-03 17:52:30.800000000,22.098252736985224,22,6.3374305706889915,3.845548717948723
620,14,19.496571369919945,73.33359955707479,2024-12-03 17:52:32.923076923,22.36034575610464,29,1.5771266697868134,3.845548717948723
621,14,19.497004278513437,73.33347216085362,2024-12-03 17:52:35.000000000,22.415907264391823,20,1.3954919260547232,3.9552837606837654
622,14,19.497396950932394,73.33333208082826,2024-12-03 17:52:37.000000000,22.023504852207807,26,2.1966855349967878,3.970548717948724
623,14,19.497738735165903,73.3331898164268,2024-12-03 17:52:39.000000000,21.3340296402724,29,0.9734756206427426,3.959061538461544
624,14,19.49806051841135,73.33304796850052,2024-12-03 17:53:20.833333333,21.417240287842198,23,3.8718304610416343,3.935548717948724
625,14,19.498372072731257,73.33287790447307,2024-12-03 17:53:22.615384615,21.78114079772084,25,5.066669154677206,3.845548717948723
626,14,19.498700998422137,73.3326352837315,2024-12-03 17:53:24.600000000,22.295513034188023,26,0.960770805044631,3.973411965811972
627,14,19.499068412653514,73.33237018111394,2024-12-03 17:53:26.900000000,22.380607164750963,29,0.887586822498619,3.845548717948723
628,14,19.500401494793934,73.33156615661999,2024-12-03 17:53:34.375000000,22.359373836328675,31,2.6781860776084776,3.845548717948723
629,14,19.50147852145144,73.33093600034283,2024-12-03 17:53:41.000000000,21.66633764665278,23,0.997746996364965,3.8521470085470138
630,14,19.501801001812265,73.33072033311866,2024-12-03 17:53:42.857142857,21.484282269841305,25,0.978687967609291,3.9384119658119716
631,14,19.5021831154953,73.33051533603478,2024-12-03 17:53:45.000000000,21.258641586538467,26,0.13040354153510467,3.9384119658119716
632,14,19.502574207182075,73.33030054259224,2024-12-03 17:53:46.937500000,20.862354354816308,29,0.10095403334150953,3.9494803418803484
633,14,19.502976581648674,73.33008768422377,2024-12-03 17:53:49.928571429,19.20126943709591,27,0.4190983234214898,3.973411965811972
634,14,19.50335748652173,73.32988375233182,2024-12-03 17:53:51.937500000,17.81833231769317,27,1.801045054352794,3.973411965811972
635,14,19.5037246608835,73.32973543671346,2024-12-03 17:53:54.100000000,18.140195410518896,41,2.7052860747434972,3.973411965811972
636,14,19.504063597997614,73.32957835453297,2024-12-03 17:53:56.875000000,18.667072108088984,30,3.927457742742839,3.9552837606837654
637,14,19.504375334847765,73.32939363067312,2024-12-03 17:53:59.370370370,19.11192300740164,30,1.5021768824870614,3.845548717948723
638,14,19.504734200371235,73.32920371595151,2024-12-03 17:54:01.187500000,19.55519986954808,27,1.182973001882303,3.845548717948723
639,14,19.505133377032305,73.32898704923358,2024-12-03 17:54:04.272727273,20.064150490411343,18,0.4340870531894261,3.9384119658119716
640,14,19.505538881424243,73.32879510144815,2024-12-03 17:54:06.130434783,20.219466360591376,37,1.12188569519339,3.959061538461544
641,14,19.50594450831414,73.32864063132763,2024-12-03 17:54:08.875000000,20.260299508692555,21,2.6740195638455733,3.845548717948723
642,14,19.506352742637524,73.32849787824904,2024-12-03 17:54:10.928571429,20.95616220390712,25,1.7270285163156887,3.845548717948723
643,14,19.506774681508837,73.32837643306658,2024-12-03 17:54:13.461538462,21.838588380369632,22,0.907555400260346,3.9384119658119716
644,14,19.50719589207072,73.32830025490716,2024-12-03 17:54:15.461538462,22.39596355311354,30,0.36060004244451405,3.959061538461544
645,14,19.507559602589176,73.32824932735961,2024-12-03 17:54:17.913043478,22.735717458817287,23,1.1647210985203418,3.959061538461544
646,14,19.507888842415717,73.32822364996724,2024-12-03 17:54:18.904761905,23.097559517579924,21,3.1237065759803095,3.959061538461544
647,14,19.508551866931327,73.3282468843733,2024-12-03 17:55:02.000000000,23.60011749482391,24,7.1108975822442915,3.6596995988138885
648,14,19.50886230786988,73.32829558016348,2024-12-03 17:55:04.000000000,23.942334886128343,22,6.6475338083543685,3.971275213675219
649,14,19.50920090583257,73.32840330885357,2024-12-03 17:55:05.652173913,24.248609222213283,21,4.032525312802689,3.845548717948723
650,14,19.509575438965737,73.32854431932806,2024-12-03 17:55:06.909090909,24.49643506582947,22,1.4490258858460505,3.845548717948723
651,14,19.5099854997211,73.3286567292411,2024-12-03 17:55:09.000000000,24.631595657751312,26,0.14432324528175489,3.845548717948723
652,14,19.51042050254722,73.32877707365594,2024-12-03 17:55:11.200000000,24.388,17,1.5804964908194004,3.971275213675219
653,14,19.51084493907216,73.32887829519048,2024-12-03 17:55:12.800000000,24.138311267006724,28,5.7552932949943445,3.9552837606837654
654,14,19.511257038908003,73.32899827455437,2024-12-03 17:55:14.952380952,23.687952990605112,24,4.494425116427467,3.959061538461544
655,14,19.511636816431338,73.32914141401375,2024-12-03 17:55:16.600000000,23.666976061527556,26,3.761938152186267,3.959061538461544
656,14,19.511973259510253,73.32930230015955,2024-12-03 17:55:18.312500000,23.808334005115245,21,1.4522282047469801,3.935548717948724
657,14,19.512602716180716,73.32966590480486,2024-12-03 17:55:21.800000000,23.586450961538354,26,0.7881508724255681,3.959061538461544
658,14,19.51291565621064,73.32986086286422,2024-12-03 17:55:23.700000000,22.90445707502373,21,2.633076930764157,3.973411965811972
659,14,19.513795346025173,73.33047571581295,2024-12-03 17:55:28.619047619,22.577347205245744,17,3.9413688206024413,3.935548717948724
660,14,19.51408421598922,73.3307014221746,2024-12-03 17:55:30.181818182,22.59960996250152,23,5.469231944985861,3.845548717948723
661,14,19.51436318011922,73.33102747939019,2024-12-03 17:55:32.384615385,22.28479046231552,30,2.5331725543658696,3.9384119658119716
662,14,19.514614705713278,73.33135674839541,2024-12-03 17:55:34.909090909,21.845874212824203,21,0.4038239781027425,3.959061538461544
663,14,19.515119356221405,73.33208106644646,2024-12-03 17:55:38.812500000,21.966202770146662,21,1.7430393214116062,3.970548717948724
664,14,19.51559991534483,73.33286598621626,2024-12-03 17:55:43.400000000,20.648661714975304,23,2.7532441770668847,3.971275213675219
665,14,19.516018666668966,73.33350096888859,2024-12-03 17:55:47.000000000,16.057666729492325,39,1.6811232393680207,3.941352136752142
666,14,19.516269685437802,73.33385674964231,2024-12-03 17:55:50.545454545,14.689338466672572,40,1.2306567050349586,3.941352136752142
667,14,19.516560219270797,73.33416673398187,2024-12-03 17:55:53.142857143,15.719343987494092,36,1.3220565291507083,3.973411965811972
668,14,19.51687326611299,73.33447707047854,2024-12-03 17:55:56.090909091,16.889527006172848,36,2.170248048464846,3.970548717948724
669,14,19.517509039986432,73.33513231953698,2024-12-03 17:56:42.083333333,17.332980363984632,29,0.4307493733745604,3.973411965811972
670,14,19.517842907525452,73.33543952284809,2024-12-03 17:56:44.600000000,17.444911024305554,32,0.5746049019910402,3.973411965811972
671,14,19.518481428865915,73.33597162257713,2024-12-03 17:56:49.545454545,18.297902877302416,34,1.9957706362554952,3.971275213675219
672,14,19.51882268081509,73.33628207266622,2024-12-03 17:56:52.600000000,19.02316977162934,23,4.169708310304919,3.9384119658119716
673,14,19.519165193604486,73.33657670153178,2024-12-03 17:56:55.000000000,19.48306502389487,31,1.1554503455269098,3.959061538461544
674,14,19.519495514068943,73.33684364116263,2024-12-03 17:56:57.200000000,19.9548651368761,23,4.0244107150580595,3.9384119658119716
675,14,19.519804198240045,73.33710465403755,2024-12-03 17:56:59.300000000,20.52834349636192,32,1.1962674027686468,3.9552837606837654
676,14,19.520118968196993,73.33737361416368,2024-12-03 17:57:02.000000000,20.7950537910975,25,0.7112838656513728,3.971275213675219
677,14,19.5204485200915,73.3376300877146,2024-12-03 17:57:04.100000000,21.3108988294314,23,2.2811641036556045,3.973411965811972
678,14,19.52112829508114,73.33809101402659,2024-12-03 17:57:07.636363636,22.440070518549426,31,3.3378284229006967,3.973411965811972
679,14,19.521539771407603,73.33828040551691,2024-12-03 17:57:10.300000000,22.455950243055554,20,0.9737123673551786,3.971275213675219
680,14,19.522750200436377,73.3387894292196,2024-12-03 17:57:16.900000000,22.28944795080117,23,2.500260304278748,3.935548717948724
681,14,19.523914416380087,73.33914572521113,2024-12-03 17:57:22.500000000,21.412228472222225,27,3.3305589670418088,3.973411965811972
682,14,19.52431760889639,73.33922097630835,2024-12-03 17:57:24.375000000,21.09293477132437,27,2.9441523671465095,3.935548717948724
683,14,19.524760748498473,73.33928983489828,2024-12-03 17:57:27.857142857,21.22013652915712,17,0.6961878588937671,3.845548717948723
684,14,19.525192865404648,73.33936865689134,2024-12-03 17:57:29.363636364,21.472435666278173,26,1.2456514591101528,3.971275213675219
685,14,19.525606114758506,73.33946727561128,2024-12-03 17:57:31.800000000,21.573924383379136,25,2.9417029744442886,3.845548717948723
686,14,19.526019628095867,73.33957394172174,2024-12-03 17:57:34.000000000,21.027434343434315,21,3.821598696681132,3.845548717948723
687,14,19.526435100204473,73.33965958988048,2024-12-03 17:57:35.818181818,20.484442141137976,32,0.8454481110933459,3.973411965811972
688,14,19.526827789166752,73.33970616158845,2024-12-03 17:57:38.375000000,20.047215457810715,19,2.706425523406308,3.973411965811972
689,14,19.527217002567646,73.33975706683682,2024-12-03 17:58:20.153846154,19.971985292142787,36,5.454865716066862,3.9552837606837654
690,14,19.527621204653688,73.33986743263071,2024-12-03 17:58:22.571428571,20.16812699850471,23,2.1038162918729046,3.9845572649572705
691,14,19.528019857857828,73.33996586535912,2024-12-03 17:58:24.500000000,20.367045577905493,29,3.663570783608985,3.8521470085470138
692,14,19.52842825070568,73.34005510335058,2024-12-03 17:58:27.100000000,20.60049652777782,32,0.7947506995792332,3.959061538461544
693,14,19.528839828070048,73.34015856835703,2024-12-03 17:58:30.000000000,20.844085233918122,19,1.426669816497027,3.971275213675219
694,14,19.529220426856845,73.34024463686723,2024-12-03 17:58:31.900000000,20.94621637440845,22,0.7027501568690894,3.973411965811972
695,14,19.529581211457,73.34035454594013,2024-12-03 17:58:33.636363636,20.913976473279828,25,2.3336794855798484,3.9552837606837654
696,14,19.529939053339152,73.34047585316699,2024-12-03 17:58:35.615384615,20.710858567358624,28,4.227949706150488,3.973411965811972
697,14,19.530298213519615,73.34064439745612,2024-12-03 17:58:37.909090909,20.480803591470195,24,5.718058203454662,3.935548717948724
698,14,19.530640060143572,73.34083536012758,2024-12-03 17:58:39.500000000,20.155702311177688,27,8.070386479064789,3.973411965811972
699,14,19.530947839544893,73.34106428888184,2024-12-03 17:58:42.000000000,19.92600413413748,21,3.8719844292005026,3.973411965811972
700,14,19.531278020229607,73.34135393451322,2024-12-03 17:58:44.230769231,20.185872211906666,34,0.6308360657562474,3.959061538461544
701,14,19.532407056121247,73.34236274398549,2024-12-03 17:58:52.909090909,20.946855394219977,18,2.9692230675252484,3.973411965811972
702,14,19.532683248816227,73.34263697007788,2024-12-03 17:58:54.000000000,21.028043502554297,29,3.3123884609955274,3.959061538461544
703,14,19.53297342812845,73.34293935849375,2024-12-03 17:58:56.300000000,21.245176851851856,27,0.4990655671081664,3.971275213675219
704,14,19.533301841574165,73.34323377086156,2024-12-03 17:58:59.076923077,21.41509444273046,34,4.386112317378284,3.971275213675219
705,14,19.53363301512168,73.3435364403919,2024-12-03 17:59:00.809523810,21.411277548839923,17,1.336817782014186,3.9384119658119716
706,14,19.533965608481488,73.3438137358525,2024-12-03 17:59:03.307692308,21.50320495726497,25,1.5383808009819069,3.935548717948724
707,14,19.534299969956322,73.34408948502346,2024-12-03 17:59:05.600000000,21.68880563686106,22,1.5056746669663696,3.971275213675219
708,14,19.53463871915087,73.3444031622538,2024-12-03 17:59:07.454545455,21.900377274418346,32,0.9181645270988986,3.973411965811972
709,14,19.53498513050868,73.34470516683172,2024-12-03 17:59:09.857142857,22.179479310254823,19,0.897871428814741,3.845548717948723
710,14,19.535324956653007,73.3449721008759,2024-12-03 17:59:11.900000000,22.387482759661857,23,3.3112846567958822,3.9384119658119716
711,14,19.535661715623363,73.34523919810893,2024-12-03 17:59:14.181818182,22.570984449760793,19,1.7868282256543508,3.9384119658119716
712,14,19.536011006651172,73.34552262537278,2024-12-03 17:59:16.230769231,22.825571534021556,25,0.30911716826477237,3.845548717948723
713,14,19.536353809930816,73.34578642431408,2024-12-03 17:59:18.727272727,23.136747033948833,26,5.488200195568188,3.941352136752142
715,14,19.537065688683523,73.34627951769914,2024-12-03 18:00:01.923076923,23.390087431012994,25,4.965403859998859,3.9384119658119716
716,14,19.53741223987464,73.34653503906735,2024-12-03 18:00:04.200000000,22.883162359788592,25,2.242365894982348,3.9845572649572705
717,14,19.537750852543002,73.34679582670461,2024-12-03 18:00:06.333333333,22.34096122325756,23,0.48311867134649583,3.9384119658119716
718,14,19.53810468871447,73.34707487889739,2024-12-03 18:00:08.187500000,21.880231052253393,25,1.8687719494285542,3.973411965811972
719,14,19.53846270332024,73.34736022296767,2024-12-03 18:00:10.769230769,21.89999777034561,23,0.7989586370789213,3.9845572649572705
720,14,19.53879713884679,73.34763212363092,2024-12-03 18:00:12.900000000,22.178598739625915,23,2.822855806356022,3.973411965811972
721,14,19.539092700326858,73.34788108720329,2024-12-03 18:00:14.692307692,22.342673350865656,26,0.9807400489096872,3.9384119658119716
722,14,19.539374368460543,73.34806853408537,2024-12-03 18:00:16.615384615,22.499699746755308,27,2.788007473404166,3.973411965811972
723,14,19.539670614763587,73.34827553010192,2024-12-03 18:00:18.923076923,22.597389811253578,20,5.189721203026412,3.9384119658119716
724,14,19.539996895823307,73.3485277765221,2024-12-03 18:00:20.200000000,22.666405263297356,22,2.7090611149860186,3.973411965811972
725,14,19.540354726604118,73.34873368217845,2024-12-03 18:00:22.700000000,22.540404983502846,23,0.6452115288835651,3.971275213675219
726,14,19.54073733254245,73.34888628237395,2024-12-03 18:00:24.000000000,22.289461323302316,24,3.7141222731703953,3.9384119658119716
727,14,19.541145625036812,73.34903120724405,2024-12-03 18:00:26.833333333,21.485047581018573,20,1.5148727663865424,3.971275213675219
728,14,19.541549287469188,73.34917585442876,2024-12-03 18:00:28.800000000,21.135132966820972,24,3.9352917365293623,3.9384119658119716
729,14,19.542252441963,73.34953123320126,2024-12-03 18:00:32.615384615,20.70875402039033,33,4.3478238672153,3.959061538461544
730,14,19.54254651442908,73.34978696532909,2024-12-03 18:00:35.090909091,20.649876009021835,24,1.579102299373837,3.973411965811972
731,14,19.542814531549062,73.3500343981388,2024-12-03 18:00:37.000000000,20.718102958937198,23,0.8020681763361901,3.9552837606837654
732,14,19.543045060102724,73.35030442702889,2024-12-03 18:00:38.300000000,20.806300619185325,27,1.1765704171375517,3.7383662654805563
733,14,19.543272995725566,73.35063636109938,2024-12-03 18:00:40.500000000,20.745058095608094,27,4.23702303095972,3.4275850688993574
734,14,19.543464871133807,73.35102026588851,2024-12-03 18:00:42.583333333,20.38499561571947,31,0.9209444940179536,3.959061538461544
735,14,19.543613389839543,73.35145890648346,2024-12-03 18:00:45.916666667,19.910967992550358,22,1.1097694582260251,3.845548717948723
736,14,19.543740721123605,73.35189487775207,2024-12-03 18:00:47.700000000,19.945529196266783,27,1.7124657477848315,3.9384119658119716
737,14,19.5437961050914,73.35234199234341,2024-12-03 18:00:50.923076923,20.815441025641224,20,2.05577272777729,3.845548717948723
738,14,19.54383405635417,73.35316292765,2024-12-03 18:00:54.200000000,22.05802913797066,22,0.27772828378428993,3.959061538461544
739,14,19.543880527176967,73.35363716069558,2024-12-03 18:00:56.636363636,22.67277097362509,24,3.551942990639039,3.845548717948723
740,14,19.543949673652058,73.35410815069498,2024-12-03 18:00:58.400000000,22.745440321109207,29,1.190022691967608,3.973411965811972
741,14,19.544046386192104,73.3545732735137,2024-12-03 18:01:41.000000000,22.18775037202358,32,0.9548330500163867,3.935548717948724
742,14,19.54416254463453,73.35498838241308,2024-12-03 18:01:43.000000000,21.394163888888738,30,2.585417938569311,3.959061538461544
743,14,19.544315133519397,73.35535625492628,2024-12-03 18:01:44.900000000,20.501229754273314,24,4.10340055972092,3.959061538461544
744,14,19.544655315178552,73.35617378443445,2024-12-03 18:01:49.000000000,21.44089429012345,30,0.2839161943129645,3.959061538461544
745,14,19.544855807959443,73.35653217844444,2024-12-03 18:01:51.800000000,22.137288522300373,23,5.822890631472011,3.9384119658119716
746,14,19.545059133796155,73.35688420708661,2024-12-03 18:01:53.090909091,22.63932347020944,28,1.1482145233192576,3.845548717948723
747,14,19.545266643689608,73.35724219563573,2024-12-03 18:01:55.347826087,23.275733997584478,24,2.5607438512620995,3.935548717948724
748,14,19.54549418891579,73.35760326596116,2024-12-03 18:01:57.500000000,23.985870236823363,26,0.7312427546329188,3.845548717948723
749,14,19.54574036373414,73.35796185420055,2024-12-03 18:01:59.562500000,24.457734031452176,24,1.7787612282432892,3.9384119658119716
751,14,19.54646223200419,73.35907907746815,2024-12-03 18:02:05.000000000,23.084942708333337,23,2.3900926579791117,3.845548717948723
752,14,19.54690660540797,73.35980041963612,2024-12-03 18:02:09.000000000,21.846551504629645,24,0.4964588794421245,3.845548717948723
753,14,19.54712045841744,73.36013546228665,2024-12-03 18:02:10.909090909,20.700897384237383,28,0.46739122775135156,3.973411965811972
754,14,19.54729123168822,73.36044617092483,2024-12-03 18:02:12.769230769,19.101334884856765,28,3.4707105031938994,3.973411965811972
755,14,19.54743796848026,73.36077106706611,2024-12-03 18:02:14.904761905,18.281679675417088,26,2.6221492845575174,3.973411965811972
756,14,19.54756281962066,73.3610864029224,2024-12-03 18:02:16.500000000,18.244920810485773,30,2.6133195754294465,3.935548717948724
757,14,19.547696721776425,73.36145246328107,2024-12-03 18:02:18.714285714,18.130313537003136,36,0.9242037168773559,3.845548717948723
758,14,19.54785090334486,73.36185757626976,2024-12-03 18:02:21.923076923,17.978747442372587,21,1.882331740013815,3.935548717948724
759,14,19.548006267422394,73.3622677861165,2024-12-03 18:02:24.055555556,18.4263418934241,35,0.2481005055250336,3.973411965811972
760,14,19.548190273889617,73.36268178896341,2024-12-03 18:02:26.928571429,19.25615173594478,23,0.7156950799405931,3.845548717948723
761,14,19.54839624780464,73.36305673665304,2024-12-03 18:02:28.800000000,20.516581308251528,33,0.3255545397747191,3.959061538461544
762,14,19.548626887987346,73.3633980613879,2024-12-03 18:02:31.304347826,21.85000973534969,23,0.5536008199003252,3.9384119658119716
763,14,19.548905117031417,73.36374218526889,2024-12-03 18:02:33.700000000,23.194614545454623,20,2.4231884496355858,3.973411965811972
764,14,19.549199331482974,73.36405632635208,2024-12-03 18:02:35.181818182,24.043806511878074,27,1.8339321220550733,3.845548717948723
766,14,19.54979775937425,73.36464471721851,2024-12-03 18:02:38.818181818,25.094384040404023,25,2.87559672307034,3.9384119658119716
767,14,19.55010723735429,73.36493300876192,2024-12-03 18:03:20.769230769,24.564968559218414,21,1.56115033070037,3.935548717948724
768,14,19.55040467087601,73.36522442701738,2024-12-03 18:03:22.818181818,23.598688850308694,27,5.237951451473874,3.9552837606837654
769,14,19.550735734900705,73.36553393114939,2024-12-03 18:03:25.343750000,22.861313371983414,17,1.5440233036394702,3.973411965811972
770,14,19.551069867802806,73.36585184194742,2024-12-03 18:03:27.000000000,22.76156741898151,24,1.7427372899270936,3.9845572649572705
771,14,19.55140478240887,73.36617019163519,2024-12-03 18:03:29.000000000,22.71502139336917,31,0.6886105901083425,3.9384119658119716
772,14,19.551724309367465,73.36648430936746,2024-12-03 18:03:30.904761905,22.673736266121033,16,0.9641360080198851,3.9384119658119716
773,14,19.552041377614707,73.366801269067,2024-12-03 18:03:32.900000000,22.63149565972222,24,3.564544423271333,3.9384119658119716
774,14,19.552355679030335,73.36712877008614,2024-12-03 18:03:35.444444444,22.547460971898467,22,3.548510288264533,3.845548717948723
775,14,19.5526724090941,73.36744530788991,2024-12-03 18:03:37.692307692,22.453078047683224,19,3.4706781012297676,3.9384119658119716
776,14,19.5529842767793,73.36776017615475,2024-12-03 18:03:39.818181818,21.69052816358041,27,2.087951453113666,3.971275213675219
777,14,19.553287231367317,73.36808415851971,2024-12-03 18:03:42.083333333,19.971437051971375,31,3.922645708024803,3.959061538461544
778,14,19.553883768236993,73.36868364756056,2024-12-03 18:03:46.538461538,17.228887144355916,37,1.418913242443792,3.959061538461544
779,14,19.5541523310751,73.36900941434781,2024-12-03 18:03:49.500000000,15.463468776304742,20,2.3305248516028176,3.973411965811972
780,14,19.55442675381981,73.36931711283314,2024-12-03 18:03:51.818181818,13.819068983100323,48,1.1178493616465695,3.935548717948724
781,14,19.55466262374849,73.36957958218349,2024-12-03 18:03:55.230769231,12.28630508348243,43,0.8699377234158003,3.941352136752142
782,14,19.55489590818202,73.36986992568683,2024-12-03 18:03:58.923076923,10.617758903620953,43,3.578411409116024,3.959061538461544
783,14,19.555135510475793,73.37013933419402,2024-12-03 18:04:00.904761905,8.600378011803157,65,2.562340824899909,3.994634188034193
784,14,19.555380189875557,73.3703964489928,2024-12-03 18:04:05.764705882,6.880886666443769,76,6.575016454079399,3.982078632478638
785,14,19.55563569444477,73.37070195356202,2024-12-03 18:04:13.444444444,9.738926920768263,49,3.1031442091428625,3.9858564102564156
786,14,19.555894115572887,73.37105204325653,2024-12-03 18:04:17.647058824,11.947008521241866,40,3.056242570480739,3.807634188034192
787,14,19.556140504060238,73.37135767473413,2024-12-03 18:05:00.761904762,12.677193650793575,35,5.419882368652139,3.9552837606837654
788,14,19.556403885932873,73.37162393399242,2024-12-03 18:05:04.952380952,13.946041651793097,29,2.899286317115762,3.973411965811972
789,14,19.556691070284554,73.37195017936236,2024-12-03 18:05:07.608695652,15.434637195699262,34,0.3031242743532112,3.970548717948724
790,14,19.556981421758998,73.37225599657282,2024-12-03 18:05:10.608695652,16.71963798309151,34,0.8192101798495324,3.935548717948724
791,14,19.55728094788446,73.37255867885034,2024-12-03 18:05:13.750000000,17.744998611110933,25,1.6109283074488516,3.973411965811972
792,14,19.557586288370196,73.3728935427045,2024-12-03 18:05:16.391304348,18.860694810660735,22,1.2556589130778952,3.973411965811972
793,14,19.557881655197466,73.37318744937122,2024-12-03 18:05:18.476190476,18.96421441613944,20,1.8027990313565934,3.845548717948723
794,14,19.558174350300725,73.373491150701,2024-12-03 18:05:20.769230769,19.088579284056124,27,0.09949920099179255,3.9552837606837654
795,14,19.558499338257413,73.3737661386577,2024-12-03 18:05:23.111111111,19.238649641577073,31,4.1872644809420505,3.9552837606837654
796,14,19.55885871862917,73.37399618729883,2024-12-03 18:05:26.000000000,19.497972916666683,20,2.793154830414925,3.9384119658119716
797,14,19.55923812317701,73.37421408979958,2024-12-03 18:05:27.818181818,19.802252721088408,35,0.9473491726491095,3.959061538461544
798,14,19.559614862761038,73.37435303018589,2024-12-03 18:05:31.000000000,20.28994661955698,17,2.144401466479354,3.973411965811972
799,14,19.560005629147938,73.37445268368447,2024-12-03 18:05:32.454545455,20.74055202932006,26,1.7292751671496018,3.9384119658119716
800,14,19.560403999167,73.37455646093943,2024-12-03 18:05:34.571428571,21.275345918367226,25,4.369505268764449,3.9552837606837654
801,14,19.560789299309274,73.37469314863455,2024-12-03 18:05:37.000000000,21.729867552334916,23,2.777485590393979,3.941352136752142
802,14,19.561169474676483,73.37483253561028,2024-12-03 18:05:38.826086957,22.028542844660176,22,0.7199628720703658,3.973411965811972
803,14,19.56155449397802,73.37495550435982,2024-12-03 18:05:40.916666667,22.44036983758039,22,0.7042027601980603,3.959061538461544
804,14,19.561969555247828,73.37507314319217,2024-12-03 18:05:43.000000000,22.90359503968254,21,0.5930800412618655,3.845548717948723
805,14,19.56238359522014,73.37516995825035,2024-12-03 18:05:44.909090909,23.33703135704886,23,0.1523062687620739,3.5214431885574773
806,14,19.56279000545978,73.37526469126269,2024-12-03 18:05:46.904761905,23.7756067460319,23,0.4439523998922582,3.845548717948723
807,14,19.56322107908148,73.37536039854163,2024-12-03 18:05:48.904761905,24.0442956011981,22,3.6503566063823256,3.973411965811972
808,14,19.564100067656398,73.37553384464275,2024-12-03 18:05:53.000000000,23.089085622710478,26,0.7028797051267222,3.970548717948724
809,14,19.564543340952582,73.37556816065856,2024-12-03 18:05:55.333333333,22.711185008818394,21,1.1405057287140852,3.959061538461544
810,14,19.564988379113412,73.37552977707881,2024-12-03 18:05:57.666666667,22.662327547452666,28,2.104479818805911,3.973411965811972
812,14,19.565786099655742,73.37534473270333,2024-12-03 18:06:41.555555556,23.595056172839385,25,6.633423384629017,3.973411965811972
813,14,19.566181361875024,73.37520743268328,2024-12-03 18:06:43.666666667,23.82851014047838,17,2.1054076879936536,3.845548717948723
814,14,19.566938365291893,73.37493612678801,2024-12-03 18:06:47.000000000,23.77755134081071,27,3.049209722012259,3.970548717948724
816,14,19.567785033795936,73.37473068774554,2024-12-03 18:06:50.911764706,24.25630261344625,33,0.6236026715973413,3.516443188557477
818,14,19.568658608712404,73.37463302090384,2024-12-03 18:06:55.222222222,24.116804133136764,19,1.2221381127503868,3.9384119658119716
819,14,19.569483556459737,73.37454119065418,2024-12-03 18:06:58.809523810,23.674339668274644,27,0.9623547649501202,3.9552837606837654
821,14,19.570299057846473,73.37448120816441,2024-12-03 18:07:02.529411765,21.950424700435814,27,1.9462079805891417,3.959061538461544
822,14,19.57071405915813,73.37445155278468,2024-12-03 18:07:05.411764706,20.3674787581699,21,2.3161774601165335,3.971275213675219
823,14,19.571124585611507,73.37446824521692,2024-12-03 18:07:06.911764706,19.423393424471605,23,3.916143234508999,3.973411965811972
824,14,19.571511544692235,73.3745425277504,2024-12-03 18:07:09.000000000,19.513239844877376,28,1.432056057951181,3.935548717948724
825,14,19.571855363636068,73.37467509884144,2024-12-03 18:07:11.363636364,19.984556120023775,34,1.0168720955642843,3.959061538461544
826,14,19.57217424361056,73.37482485430857,2024-12-03 18:07:13.454545455,20.597346490996873,23,2.2796066187685926,3.935548717948724
827,14,19.572451474846336,73.37500519339062,2024-12-03 18:07:15.700000000,21.51434514161221,17,7.018566174982522,3.973411965811972
828,14,19.572704378175548,73.37524458930423,2024-12-03 18:07:16.727272727,22.1225017707508,25,5.245166063840219,3.935548717948724
829,14,19.572975311869058,73.3754917579669,2024-12-03 18:07:18.695652174,22.61283870711937,22,4.884618617712758,3.845548717948723
830,14,19.573491828005512,73.37599459600588,2024-12-03 18:07:21.956521739,22.892311968919426,34,3.159199007519687,3.973411965811972
832,14,19.574106807932512,73.37661066519408,2024-12-03 18:07:26.111111111,22.75519875775802,33,0.49599486617647004,3.959061538461544
833,14,19.57469941452512,73.3771224129894,2024-12-03 18:07:30.000000000,22.879665595868005,28,9.58466267853365,3.973411965811972
834,14,19.575052075159086,73.37778117070138,2024-12-03 18:07:33.523809524,23.002501786997374,21,3.589412940818447,3.845548717948723
835,14,19.575203001012397,73.37807840334047,2024-12-03 18:07:35.111111111,23.14437472432172,22,2.288166252413245,3.971275213675219
836,14,19.57540318519885,73.37883680318427,2024-12-03 18:07:38.700000000,23.110468959435643,21,1.042600032672429,3.971275213675219
837,14,19.575542603950836,73.37925322208656,2024-12-03 18:08:20.666666667,22.551022834138543,25,1.1871426201701962,3.973411965811972
838,14,19.575662661272894,73.37960398513606,2024-12-03 18:08:22.652173913,21.478202940666584,25,2.0699789667796433,3.8098581196581254
839,14,19.57576797525716,73.37995993004394,2024-12-03 18:08:24.923076923,20.624805804842943,20,4.537364300024195,3.959061538461544
840,14,19.575911297422458,73.3803294142308,2024-12-03 18:08:26.789473684,19.890158918834462,23,1.3250712432153997,3.935548717948724
841,14,19.57608643658798,73.38071743389045,2024-12-03 18:08:28.857142857,18.972776972102046,20,1.753832389128593,3.9384119658119716
842,14,19.576273652410563,73.38110921881207,2024-12-03 18:08:30.636363636,18.049618449293224,26,0.5596703506603292,3.9552837606837654
843,14,19.57649436914809,73.3814346886832,2024-12-03 18:08:33.117647059,17.46988775292314,28,1.8533726053168305,3.8521470085470138
844,14,19.576785118545498,73.38171643234213,2024-12-03 18:08:35.454545455,17.13589428670765,30,2.277617414312951,3.9552837606837654
845,14,19.577132698748777,73.38195026676067,2024-12-03 18:08:39.043478261,15.44604213554989,34,1.223267183160881,3.1095745682888545
846,14,19.577503383316966,73.38213114827886,2024-12-03 18:08:41.818181818,14.662029693298674,33,1.174072525085853,3.9552837606837654
847,14,19.577912580159293,73.38226636387296,2024-12-03 18:08:45.000000000,15.929555371352688,29,2.254263180589455,3.959061538461544
848,14,19.578344353628076,73.38238267033599,2024-12-03 18:08:47.769230769,16.91370779914542,33,0.8343135665730921,3.9552837606837654
849,14,19.578769730575193,73.38251293204891,2024-12-03 18:08:50.888888889,17.6560333794292,27,1.1398656214837561,3.935548717948724
850,14,19.57918886630823,73.38266020044733,2024-12-03 18:08:53.272727273,18.458022300262233,28,0.4519327985300399,3.9552837606837654
851,14,19.579606625670984,73.38282360835399,2024-12-03 18:08:56.000000000,19.22993307512915,29,0.926418013520191,3.973411965811972
852,14,19.580016556650527,73.38300896986223,2024-12-03 18:08:58.782608696,19.190412970611508,28,0.5956523708607218,3.9845572649572705
853,14,19.580420559455266,73.38321620198121,2024-12-03 18:09:01.294117647,19.208559586926707,23,0.5203265920626478,3.845548717948723
854,14,19.580813920209273,73.38341346872508,2024-12-03 18:09:03.272727273,19.604192077020194,29,6.597037343052391,3.959061538461544
855,14,19.581186897977812,73.38364530822591,2024-12-03 18:09:06.090909091,20.04790397970082,26,1.9340058799502755,3.8521470085470138
856,14,19.581553666183844,73.38391992622844,2024-12-03 18:09:09.000000000,20.16650964699715,26,4.155372718856074,3.9552837606837654
857,14,19.58192568218996,73.38418426737763,2024-12-03 18:09:11.666666667,19.97232365990371,24,2.69580886178125,3.959061538461544
858,14,19.582251102108224,73.38442991857758,2024-12-03 18:09:13.333333333,20.186758847413483,21,3.9328367212968867,3.9552837606837654
859,14,19.58254695110866,73.38467477765796,2024-12-03 18:09:15.666666667,20.319742155067143,25,2.18400936373081,3.971275213675219
860,14,19.582854183882432,73.38497918388244,2024-12-03 18:09:17.923076923,20.832740544129948,32,2.8905048930222166,3.973411965811972
861,14,19.58316548580115,73.38531577147296,2024-12-03 18:10:00.923076923,20.995537051875594,16,1.4722729899137839,3.845548717948723
862,14,19.58348331475152,73.38562334482407,2024-12-03 18:10:02.777777778,20.888801529790662,23,1.5655752312406053,3.935548717948724
863,14,19.583791237038895,73.38591752022515,2024-12-03 18:10:04.500000000,20.6500782314505,23,2.5426649076547725,3.9552837606837654
864,14,19.584076083490373,73.38625681633746,2024-12-03 18:10:06.846153846,20.72816550476278,27,1.7725591483998975,3.9552837606837654
865,14,19.58435022567692,73.38663472118374,2024-12-03 18:10:09.363636364,20.932148687633877,33,0.5424477593265918,3.6352239316239343
866,14,19.58463371245871,73.38697001099594,2024-12-03 18:10:12.200000000,21.13982541666667,30,2.8072381487297386,3.845548717948723
867,14,19.585124438896734,73.38763496621874,2024-12-03 18:10:16.181818182,21.37545333543765,24,4.4415055304249895,3.941352136752142
868,14,19.585376280081462,73.38797711812768,2024-12-03 18:10:19.111111111,20.886825331927177,26,3.5258388930966875,3.959061538461544
869,14,19.585640361647588,73.38834717549432,2024-12-03 18:10:21.000000000,21.23239019097193,24,1.9362338930020238,3.971275213675219
870,14,19.585968695275366,73.3886664036907,2024-12-03 18:10:23.111111111,22.366818576388855,32,0.5172831677750309,3.9552837606837654
871,14,19.586657291639078,73.38927633375968,2024-12-03 18:10:27.666666667,23.54698057731873,24,1.4540924757606506,3.9552837606837654
872,14,19.5869964059589,73.38955285454409,2024-12-03 18:10:29.800000000,23.001828219697007,22,1.679276392788936,3.9384119658119716
873,14,19.58768996577501,73.39011741142875,2024-12-03 18:10:34.000000000,20.79227290607134,26,1.3534186432104183,3.845548717948723
874,14,19.588063498561354,73.39034010986677,2024-12-03 18:10:36.545454545,20.624603263952526,30,0.8412708743063171,3.935548717948724
875,14,19.588438017439458,73.39053126995918,2024-12-03 18:10:38.800000000,21.215107529239415,19,0.36006166614218565,3.973411965811972
876,14,19.588798483012333,73.39070811671633,2024-12-03 18:10:40.466666667,21.917877673682845,35,1.2074225036303257,3.9552837606837654
877,14,19.589177814237637,73.39087681410815,2024-12-03 18:10:42.888888889,22.437115590706412,24,0.8998149636768056,3.959061538461544
878,14,19.5895901782282,73.39106622900218,2024-12-03 18:10:45.000000000,23.15098582175886,20,0.31013379452654327,3.845548717948723
879,14,19.590000803045694,73.39125704230537,2024-12-03 18:10:47.000000000,23.922134066357856,20,1.163928664322607,3.9384119658119716
880,14,19.59040263936658,73.3914427418477,2024-12-03 18:10:49.000000000,24.210806725467247,20,1.1930594730540973,3.971275213675219
881,14,19.590795156701095,73.39162127075244,2024-12-03 18:10:51.173913043,23.919788846228485,22,3.293408226295935,3.973411965811972
882,14,19.59118452894719,73.39177880517244,2024-12-03 18:10:52.913043478,23.187127706208667,27,1.6771964228780378,3.971275213675219
883,14,19.591583776612772,73.39194262552101,2024-12-03 18:10:54.941176471,22.79457728561573,17,1.9687615692482927,3.971275213675219
884,14,19.59198084884464,73.39209620042004,2024-12-03 18:10:56.818181818,22.45634580176772,32,0.2307131416329712,3.9387794871794917
886,14,19.592833055844444,73.39218840362909,2024-12-03 18:11:41.083333333,21.997657066993586,36,0.7292654217858063,3.9552837606837654
887,14,19.593247216572244,73.3921789422974,2024-12-03 18:11:43.882352941,22.023815108094464,18,3.119838483307001,3.9384119658119716
888,14,19.59365407565101,73.39211246210432,2024-12-03 18:11:45.730769231,22.248650072150127,21,1.7405964421731215,3.959061538461544
889,14,19.594086223370613,73.39198585316251,2024-12-03 18:11:48.000000000,22.184415879016953,23,0.8998990299373959,3.973411965811972
890,14,19.594821526969874,73.39182562458525,2024-12-03 18:11:51.652173913,20.962067489073156,21,1.5547166393335645,3.935548717948724
891,14,19.595222236064757,73.39175289983726,2024-12-03 18:11:53.833333333,20.384984532828366,17,1.8781340696396105,3.971275213675219
892,14,19.59560585435087,73.39168926782176,2024-12-03 18:11:56.058823529,19.97831620672953,27,8.649596060178165,3.959061538461544
893,14,19.595995019604175,73.39168685183938,2024-12-03 18:11:58.058823529,19.52712125658519,23,1.1717679032494717,3.973411965811972
894,14,19.59644052465344,73.3917419904572,2024-12-03 18:12:00.846153846,19.366996781921788,22,2.6596720549738464,3.917275213675219
895,14,19.596876170521817,73.3918552265263,2024-12-03 18:12:02.833333333,19.344185751028807,36,0.5641715385486387,3.9552837606837654
896,14,19.597276825715376,73.39202365754693,2024-12-03 18:12:05.666666667,19.318703056607742,24,0.34530786508780886,3.941352136752142
897,14,19.597620912201833,73.39220814228838,2024-12-03 18:12:08.090909091,19.339039230541033,25,1.0134192386538272,3.9552837606837654
898,14,19.59849898959004,73.3928093605605,2024-12-03 18:12:14.000000000,21.558778935185174,24,4.104729740270336,3.959061538461544
899,14,19.59943814678965,73.39362556061585,2024-12-03 18:12:20.117647059,22.640757797270993,19,2.499959143161715,3.8521470085470138
900,14,19.59971512697118,73.39394124137179,2024-12-03 18:12:22.222222222,23.28707438271602,20,1.9349702479316016,3.959061538461544
901,14,19.60029283010472,73.39460021284586,2024-12-03 18:12:26.000000000,24.80489641203688,24,0.5183647991779508,3.959061538461544
902,14,19.600599414479433,73.39494915405498,2024-12-03 18:12:28.333333333,25.317654449588417,18,3.258633200627214,3.9384119658119716
903,14,19.601829810688287,73.39623312572365,2024-12-03 18:12:36.190476190,24.586210317460374,16,1.6020188121538692,3.973411965811972
904,14,19.60218782913047,73.3965017958632,2024-12-03 18:12:37.714285714,24.729324275063497,21,1.0024100632377797,3.959061538461544
905,14,19.602572673017708,73.39674687704982,2024-12-03 18:13:20.000000000,24.70078933768637,28,1.9561085067097947,3.959061538461544
906,14,19.603380248997432,73.39713452738025,2024-12-03 18:13:23.903225806,24.240344067353703,16,1.2489837733636844,3.973411965811972
907,14,19.604192824564826,73.39736033398773,2024-12-03 18:13:27.400000000,21.60109962822689,22,0.7307507896608072,3.9384119658119716
908,14,19.605078974918392,73.39743179339268,2024-12-03 18:13:32.363636364,20.11117653958943,31,0.23983224103737033,3.959061538461544
909,14,19.605513479010845,73.39747667679592,2024-12-03 18:13:35.000000000,20.309786363912924,29,1.3434364900922524,3.9845572649572705
910,14,19.606273510800328,73.39758831698592,2024-12-03 18:13:39.333333333,22.032677157862956,16,2.6160710788295862,3.845548717948723
911,14,19.606668203190992,73.39768646283522,2024-12-03 18:13:41.363636364,23.065691306787595,30,1.2307782631187707,3.9384119658119716
913,14,19.607866948838243,73.39812107674709,2024-12-03 18:13:47.941176471,23.37089898989899,18,0.5251281306481664,3.935548717948724
914,14,19.608257407108653,73.39831678050086,2024-12-03 18:13:49.818181818,23.373695412774364,19,5.753932131777859,3.9384119658119716
915,14,19.608618894998077,73.39855176397046,2024-12-03 18:13:51.523809524,23.37363474294293,22,0.7334795458880373,3.845548717948723
916,14,19.608946304354586,73.39882568680486,2024-12-03 18:13:53.777777778,23.0018317689886,28,3.017647711178416,3.973411965811972
917,14,19.609238287138677,73.3991245608999,2024-12-03 18:13:55.500000000,21.601716775599208,18,0.9103164261752363,4.3115241347821165
918,14,19.609653312979184,73.39960051948472,2024-12-03 18:13:59.545454545,20.08853096102221,21,2.6568812083451805,3.845548717948723
919,14,19.61004639535142,73.40060912981998,2024-12-03 18:14:05.000000000,20.06261352157946,24,4.781884546621811,3.959061538461544
920,14,19.610137954726387,73.40130173423162,2024-12-03 18:14:08.666666667,19.969378758169924,25,4.4529183986371494,3.959061538461544
921,14,19.610222615960843,73.40171890124766,2024-12-03 18:14:10.500000000,20.037035016025612,16,6.57976961090894,3.973411965811972
922,14,19.610203391077725,73.40210020076873,2024-12-03 18:14:13.133333333,20.131459273033332,22,3.3600540558475287,3.9845572649572705
923,14,19.61007193496182,73.40253429584337,2024-12-03 18:14:15.090909091,20.202052718040584,31,1.5382120652771276,3.9552837606837654
924,14,19.609966067431948,73.40299790032634,2024-12-03 18:14:18.166666667,20.10916239711938,18,1.5600088983436318,3.7449303680446593
925,14,19.60986937832159,73.40346366709566,2024-12-03 18:14:51.800000000,19.9746811965813,16,1.2853520341247011,3.973411965811972
926,14,19.609825139983364,73.40428948407246,2024-12-03 18:15:04.363636364,18.093560650976187,33,4.8094190411312,3.959061538461544
927,14,19.60983259393941,73.40473137214687,2024-12-03 18:15:08.043478261,17.220741590497312,16,3.0656241725157956,3.855924786324792
928,14,19.609907360950594,73.40517412522023,2024-12-03 18:15:09.545454545,16.793634616051147,34,2.832941637679982,3.941352136752142
929,14,19.610019539374807,73.40561141352053,2024-12-03 18:15:12.700000000,17.026237448937902,32,6.033627137548189,3.973411965811972
930,14,19.610199755297803,73.4059728206413,2024-12-03 18:15:15.588235294,17.113290305010906,21,5.54688654330121,3.959061538461544
931,14,19.61037814993822,73.40633739638784,2024-12-03 18:15:17.411764706,17.1731231774761,27,4.994455303785877,3.959061538461544
932,14,19.61058997063534,73.40673524263502,2024-12-03 18:15:20.692307692,17.401437264957057,25,4.8308265553495024,3.935548717948724
933,14,19.610883237277342,73.40708358210165,2024-12-03 18:15:22.750000000,18.19662390313383,39,0.5586466699687441,3.959061538461544
934,14,19.61119752018685,73.40736576383262,2024-12-03 18:15:26.000000000,18.63165479302829,24,2.4861428302820165,3.959061538461544
935,14,19.61152085017794,73.40763737209413,2024-12-03 18:15:27.823529412,18.88128424897542,26,2.406429920736024,3.9384119658119716
936,14,19.611884380342023,73.40789833698915,2024-12-03 18:15:30.409090909,19.04827177328839,25,0.17987036398610803,3.973411965811972
937,14,19.612267142965663,73.40812165101849,2024-12-03 18:15:33.000000000,19.23494798811157,27,0.30060207443875603,3.9552837606837654
938,14,19.612648846306023,73.40835826929336,2024-12-03 18:15:35.600000000,19.394828610175846,24,0.4736584845715189,3.4829334400426863
939,14,19.613015666847335,73.40862076023008,2024-12-03 18:15:37.727272727,19.392217964971923,36,0.6590965745753995,3.917275213675219
940,14,19.613351889267612,73.40892651384783,2024-12-03 18:15:41.133333333,18.99671049382713,19,0.30458882388079084,3.959061538461544
941,14,19.61365876560508,73.40926862836267,2024-12-03 18:15:42.822222222,18.604252641482926,27,0.6705705404955504,3.9552837606837654
942,14,19.61389727591581,73.40958421950843,2024-12-03 18:15:45.153846154,18.33933547008551,30,3.7476221881593936,3.9552837606837654
943,14,19.614125065321765,73.40991426200146,2024-12-03 18:15:47.166666667,18.36770171543029,29,0.32351017335007526,3.935548717948724
944,14,19.614387763004768,73.41030166727778,2024-12-03 18:15:50.500000000,19.43124492466048,21,1.3350213812196554,3.971275213675219
945,14,19.614647648833316,73.41069122324997,2024-12-03 18:15:52.695652174,20.2239514224368,24,0.5940342902926208,3.935548717948724
946,14,19.61489456743143,73.41099725090763,2024-12-03 18:15:54.666666667,20.763930801066,22,3.7130776996566794,3.935548717948724
947,14,19.61525753781815,73.41157589192844,2024-12-03 18:15:58.222222222,22.028625891419527,23,1.064288388417551,3.959061538461544
948,14,19.615750636643284,73.41230986013686,2024-12-03 18:16:42.238095238,23.11811000090006,23,6.106976087450853,3.845548717948723
949,14,19.61601725718141,73.41268973193809,2024-12-03 18:16:44.652173913,23.518417445312576,27,1.036025626906406,3.845548717948723
950,14,19.61654432913124,73.41345872866948,2024-12-03 18:16:48.909090909,23.539030921964756,17,1.9977003593550815,3.935548717948724
951,14,19.6173019653637,73.41452513251583,2024-12-03 18:16:54.666666667,23.39525704966345,22,3.3671911275214743,3.959061538461544
952,14,19.617529205574847,73.41492557611298,2024-12-03 18:16:57.166666667,23.01930317982467,19,1.4860806360055123,3.935548717948724
953,14,19.61804393383698,73.41565546980755,2024-12-03 18:17:00.833333333,22.931269469046327,24,1.9455559877778152,3.959061538461544
954,14,19.61831487772586,73.41602219363688,2024-12-03 18:17:03.130434783,23.026307102296794,19,3.7635511678309475,3.973411965811972
955,14,19.618563834286924,73.41636210719764,2024-12-03 18:17:05.083333333,23.15279571826531,23,2.5962038259246176,3.973411965811972
956,14,19.619037344980608,73.4171091667295,2024-12-03 18:17:09.000000000,22.114494579081338,28,1.0606766807314278,3.6352239316239343
957,14,19.619551768088503,73.41783067925016,2024-12-03 18:17:13.272727273,20.600804912884538,29,1.1571829291318059,3.959061538461544
958,14,19.61980558763741,73.41819470266447,2024-12-03 18:17:16.217391304,20.1176954325867,18,0.9519958386394043,3.973411965811972
959,14,19.620097677991048,73.41852812639982,2024-12-03 18:17:17.727272727,19.708118725130138,33,2.1699004942568245,3.9552837606837654
960,14,19.620424126951967,73.41884646692142,2024-12-03 18:17:20.500000000,18.933139517396288,25,2.260827242208453,3.2203069966448123
961,14,19.620780480796434,73.4191289157828,2024-12-03 18:17:23.363636364,19.031903750776085,29,1.692471840816705,3.959061538461544
962,14,19.62116373631168,73.4193350833975,2024-12-03 18:17:25.826086957,19.745345850778286,25,1.9253259020937283,3.971275213675219
963,14,19.621566013686618,73.41949640630006,2024-12-03 18:17:28.333333333,20.542345481165075,26,5.379226320924048,3.973411965811972
964,14,19.621988348743344,73.4196200388713,2024-12-03 18:17:30.666666667,21.18539942964386,19,1.898650921502544,3.903343589743595
965,14,19.622413367074905,73.41969793064865,2024-12-03 18:17:32.555555556,21.81122686614084,24,1.3359977985462788,3.959061538461544
966,14,19.622826362923888,73.41977540066452,2024-12-03 18:17:34.600000000,22.440204615384538,25,2.710333845867337,3.959061538461544
967,14,19.623230074878876,73.41984468620025,2024-12-03 18:17:36.846153846,22.872201272432584,20,1.8714674184920197,3.959061538461544
968,14,19.623610251508204,73.41992151657278,2024-12-03 18:17:38.666666667,22.995816168405533,23,1.1529567087537715,3.959061538461544
969,14,19.62396163509464,73.41998893729826,2024-12-03 18:18:06.391304348,22.792677676258528,23,3.8836479173150074,3.959061538461544
970,14,19.624808594959394,73.42008029819246,2024-12-03 18:18:24.476190476,22.81185356672304,23,0.21745856004362873,3.845548717948723
971,14,19.62525371555624,73.42014795316501,2024-12-03 18:18:26.666666667,22.891795501599873,23,0.7514586509587181,3.935548717948724
972,14,19.625691692478778,73.4202170038065,2024-12-03 18:18:29.047619048,22.951834391534426,25,0.4390291415864593,3.971275213675219
973,14,19.626129662908205,73.42028595673212,2024-12-03 18:18:31.523809524,23.03643834509115,18,0.9485876927157795,3.845548717948723
974,14,19.62657514110524,73.42035067742688,2024-12-03 18:18:33.619047619,22.531775953293305,29,3.952903685746424,3.971275213675219
976,14,19.627426360750974,73.42047915381073,2024-12-03 18:18:37.095238095,18.657940972221827,35,0.5426622812354526,3.9552837606837654
977,14,19.627830225948852,73.42056025496115,2024-12-03 18:18:39.600000000,16.479315277778547,25,1.4072854645901898,3.9844803418803485
978,14,19.62825140324896,73.42066349120475,2024-12-03 18:18:42.166666667,11.335673032408982,48,1.8204985035953307,3.845548717948723
979,14,19.628619854540524,73.4207450382198,2024-12-03 18:18:46.750000000,3.6255559089542095,134,1.8026731593983487,5.072836845336423
980,14,19.62895570392338,73.42088346779528,2024-12-03 18:18:58.636363636,7.945335397484139,65,3.809977483461518,3.9384119658119716
981,14,19.629330078895123,73.42109917941198,2024-12-03 18:19:04.400000000,11.256042161182389,37,1.9726185237148495,3.9552837606837654
982,14,19.6296745948868,73.42134444531236,2024-12-03 18:19:08.086956522,12.834461639788753,46,1.7182529580103219,3.9445316239316286
983,14,19.62999067979546,73.42158437261062,2024-12-03 18:19:11.764705882,13.278438168076613,39,2.788402242149847,3.9552837606837654
984,14,19.630292507925148,73.42181796507847,2024-12-03 18:19:14.888888889,13.444192355465239,41,2.9358550147844,3.941352136752142
985,14,19.630554672464967,73.42210401972967,2024-12-03 18:19:18.000000000,13.558902788371956,38,3.575591587558675,3.9552837606837654
986,14,19.630802899120646,73.42241232027655,2024-12-03 19:26:41.521739130,14.741372818596794,43,2.463177775689633,3.973411965811972
987,14,19.631213109749694,73.42306420882161,2024-12-03 19:26:46.727272727,16.747501702290585,28,1.866027983416405,3.959061538461544
988,14,19.63142505672173,73.42345197438381,2024-12-03 19:26:49.272727273,17.53255002066701,34,2.256404972603283,3.9552837606837654
989,14,19.631657519188863,73.42416176404063,2024-12-03 19:26:53.826086957,18.151940539194396,30,0.45344754417830807,3.9552837606837654
990,14,19.631714638923587,73.42456358083865,2024-12-03 19:26:56.384615385,18.239886389416498,27,0.6423567082067114,3.784232478632483
991,14,19.63173251047082,73.42499772605191,2024-12-03 19:26:58.333333333,17.95226702404164,30,3.324449935055852,3.971275213675219
992,14,19.631739642275186,73.4253923215449,2024-12-03 19:27:01.736842105,16.591089303119166,23,2.119746590888468,3.973411965811972
993,14,19.631717599286368,73.42582538868601,2024-12-03 19:27:03.571428571,17.033224895374378,28,1.5390561502245628,3.9552837606837654
994,14,19.63164326542367,73.4262943158023,2024-12-03 19:27:06.300000000,18.206028993055543,24,1.0573822327622073,3.9552837606837654
995,14,19.631545909760966,73.42674968334435,2024-12-03 19:27:08.700000000,19.391220305555652,25,0.3244016556366172,3.8521470085470138
996,14,19.631443116550464,73.42719738597648,2024-12-03 19:27:11.700000000,20.52638492063499,21,1.4429193707723675,3.7383662654805563
997,14,19.63132936101837,73.42765242251612,2024-12-03 19:27:13.636363636,20.998515128968272,28,0.6479451092464212,3.917275213675219
998,14,19.63126349749754,73.42806384638564,2024-12-03 19:27:15.642857143,21.255236259446008,19,4.6091982809591485,3.941352136752142
999,14,19.631036685638577,73.42889076717896,2024-12-03 19:27:19.800000000,21.324303339993282,21,1.407434066649742,3.959061538461544
1000,14,19.63081423924801,73.42980337034327,2024-12-03 19:27:25.000000000,21.686463793042506,18,4.654867399786798,3.959061538461544
1001,14,19.630725167127338,73.4302270373982,2024-12-03 19:27:26.888888889,21.835235985338272,26,3.627181329965136,6.45241731439585
1002,14,19.630626976104814,73.430647070686,2024-12-03 19:27:29.117647059,22.17858434109275,29,0.5849081015694236,3.9552837606837654
1003,14,19.6305304847312,73.43109315119662,2024-12-03 19:27:30.850000000,22.463342634090527,17,1.9172814464924135,3.959061538461544
1004,14,19.629993708963127,73.43336488494096,2024-12-03 19:28:21.900000000,21.89399976851853,22,1.713245824513467,3.959061538461544
1005,14,19.62989623443771,73.43377120121508,2024-12-03 19:28:23.882352941,21.307090277777778,25,1.3263759291796922,3.959061538461544
1006,14,19.629761822754247,73.43416890288015,2024-12-03 19:28:25.735294118,20.852530924668056,29,0.7221014574547807,3.9552837606837654
1007,14,19.629581751371177,73.43458126938096,2024-12-03 19:28:28.272727273,21.169210998877467,21,0.3801219064324078,3.973411965811972
1008,14,19.629364978694927,73.43497010235178,2024-12-03 19:28:30.333333333,21.786911612095047,23,1.116442938428649,3.9552837606837654
1009,14,19.62911277930713,73.43528637039194,2024-12-03 19:28:32.444444444,22.079282147867605,25,1.074812163928722,3.9552837606837654
1010,14,19.62885903224288,73.43556957839951,2024-12-03 19:28:34.250000000,21.768418064574544,21,3.205820029891053,3.8521470085470138
1011,14,19.62857491417059,73.4358772432524,2024-12-03 19:28:36.636363636,21.245835492499108,26,5.108742399512666,3.9552837606837654
1012,14,19.628280148009523,73.43621110335901,2024-12-03 19:28:38.454545455,21.366470989057223,30,0.03904508414063543,3.959061538461544
1013,14,19.62807402362294,73.43659568055621,2024-12-03 19:28:41.000000000,21.526301671607385,22,2.6544566074532376,3.959061538461544
1014,14,19.627882618685874,73.43699058052461,2024-12-03 19:28:43.782608696,21.808591091317687,16,0.13847750391366107,3.935548717948724
1015,14,19.62769069862961,73.43736438870997,2024-12-03 19:28:45.000000000,21.98417514853687,29,2.439642770777887,3.9552837606837654
1016,14,19.627527475133384,73.4377167083131,2024-12-03 19:28:47.478260870,21.933940005902123,17,1.8112453058825062,3.845548717948723
1017,14,19.627342651265934,73.43810131480893,2024-12-03 19:28:49.000000000,21.573487499999995,29,1.2281217694594373,3.8521470085470138
1018,14,19.62715599808572,73.43850991388835,2024-12-03 19:28:51.593750000,20.92491167154005,19,1.4345575798018744,3.959061538461544
1019,14,19.627034897560215,73.43894040063367,2024-12-03 19:28:53.222222222,20.429460481956312,26,5.2880496669804335,3.959061538461544
1020,14,19.626966625145634,73.43940903247687,2024-12-03 19:28:55.764705882,20.048792777777756,25,2.3378637701214435,3.973411965811972
1021,14,19.62695635576365,73.43988146890342,2024-12-03 19:28:58.444444444,19.60144013409976,29,3.0560464385940884,3.973411965811972
1022,14,19.627035899544342,73.44033877749406,2024-12-03 19:29:01.000000000,19.263632897603532,26,0.056621014240640824,3.9384119658119716
1023,14,19.627185176700237,73.44076983253899,2024-12-03 19:29:03.294117647,18.833341872860295,28,0.322113305252794,3.959061538461544
1024,14,19.627394044111426,73.44118380191564,2024-12-03 19:29:06.000000000,18.47838073881189,24,1.7850308202712635,3.9845572649572705
1025,14,19.627617998478314,73.44154894341533,2024-12-03 19:29:08.111111111,18.135074970131438,31,2.3743847971992356,3.9723435897435952
1026,14,19.627852229752285,73.4419069601044,2024-12-03 19:29:11.111111111,18.101477984630666,29,3.4658323036072347,3.9552837606837654
1027,14,19.62807174677006,73.44228841134155,2024-12-03 19:29:13.700000000,18.32545442054958,31,2.067878372489096,3.845548717948723
1028,14,19.628292253986935,73.44266686656422,2024-12-03 19:29:16.500000000,18.749887786595973,28,4.811185008062385,3.9552837606837654
1029,14,19.628495803795587,73.4430845180045,2024-12-03 19:29:51.250000000,19.182889450055953,22,1.667007738106634,3.845548717948723
1030,14,19.628605607853437,73.44353999223763,2024-12-03 19:30:01.333333333,19.579231302558494,23,1.0545544858910954,3.959061538461544
1031,14,19.628652294537325,73.44394788906696,2024-12-03 19:30:03.888888889,19.81945099333051,29,1.3531054700526923,3.959061538461544
1032,14,19.628601069427205,73.4447204944911,2024-12-03 19:30:08.000000000,19.822804152731326,23,2.1514654434428357,3.9552837606837654
1033,14,19.62845965844854,73.44516411332842,2024-12-03 19:30:10.190476190,19.81231726358473,24,0.8024497540592019,3.971275213675219
1034,14,19.628255413855488,73.44609391701651,2024-12-03 19:30:15.000000000,20.159927372183457,28,1.6875780247403391,3.959061538461544
1035,14,19.628173360221204,73.44656278684852,2024-12-03 19:30:17.285714286,20.194766785776487,29,0.7094891954653912,3.9552837606837654
1036,14,19.62812434859472,73.44702339598045,2024-12-03 19:30:20.500000000,20.354026649305517,20,0.5576958739080862,3.959061538461544
1037,14,19.628160098111042,73.44785342912914,2024-12-03 19:30:24.583333333,20.59846513319383,26,1.9313402749263038,3.959061538461544
1038,14,19.62816847985053,73.44870077013957,2024-12-03 19:30:29.000000000,20.143663602941164,26,3.0271419657877745,3.971275213675219
1039,14,19.62818677097277,73.44915587796265,2024-12-03 19:30:31.294117647,20.090136403348637,25,1.1325700807941101,3.971275213675219
1040,14,19.628232366381532,73.4500968509141,2024-12-03 19:30:35.818181818,20.08607378106465,25,0.9284055134450683,3.9552837606837654
1041,14,19.628251817818573,73.45056119783294,2024-12-03 19:30:38.444444444,19.819896620188207,23,4.613768876853018,3.959061538461544
1042,14,19.62826625769783,73.45101796985556,2024-12-03 19:30:40.777777778,18.262093926617467,28,2.5300225757518153,3.973411965811972
1043,14,19.628277617740032,73.45147484942686,2024-12-03 19:30:43.181818182,15.072773256761884,31,0.8577224631468428,3.973411965811972
1044,14,19.62828774470237,73.45194620743155,2024-12-03 19:30:46.222222222,11.108443529747067,56,0.10297525143727054,3.9168136752136786
1045,14,19.62828653340172,73.45241074183488,2024-12-03 19:30:51.521739130,9.906768997776304,48,0.220355714513254,3.935548717948724
1046,14,19.6282726598818,73.45286935072212,2024-12-03 19:30:55.833333333,9.713035263406779,56,1.1585971775863415,3.685206837606839
1047,14,19.628245713924763,73.45331313293838,2024-12-03 19:31:40.833333333,10.873366195687137,56,0.2422617649289845,3.935548717948724
1048,14,19.62819936457277,73.4537579091709,2024-12-03 19:31:46.166666667,10.676452803498059,42,1.1158274170538574,3.9552837606837654
1049,14,19.628120053647265,73.45421796945334,2024-12-03 19:31:49.826086957,9.12342563712404,56,1.4181769483013598,3.9681470085470134
1050,14,19.62788247579484,73.45513860053941,2024-12-03 19:31:59.000000000,14.822726643990885,35,1.1000331677331108,3.973411965811972
1051,14,19.627437385238782,73.45687505435862,2024-12-03 19:32:09.913043478,19.943182390023324,22,5.7008110827527805,3.959061538461544
1052,14,19.62730656986804,73.4573170341558,2024-12-03 19:32:12.000000000,20.243810688405784,30,3.373406932318686,3.9384119658119716
1053,14,19.627215745116914,73.4577395468259,2024-12-03 19:32:14.739130435,20.677448802114096,29,3.436071214689964,3.9552837606837654
1054,14,19.626948428393774,73.45861125619763,2024-12-03 19:32:19.461538462,20.972874265394932,21,0.6832240727975684,3.973411965811972
1055,14,19.62682795064049,73.4590510800601,2024-12-03 19:32:21.238095238,20.410756428960457,34,0.9107996460647495,3.917275213675219
1056,14,19.626707035279125,73.45949156416913,2024-12-03 19:32:23.941176471,19.003855781577894,18,0.889575924134922,3.973411965811972
1057,14,19.62658284233882,73.45994544790756,2024-12-03 19:32:26.782608696,17.71705123793876,37,1.1271762708173196,3.906523076923082
1058,14,19.626462223021782,73.46040219259852,2024-12-03 19:32:29.823529412,17.426336879012975,16,0.4152331533188468,3.959061538461544
1059,14,19.626343371808233,73.46086084386204,2024-12-03 19:32:31.777777778,17.47812461175545,44,0.3502924217339333,3.9552837606837654
1060,14,19.626236745334214,73.4613160403556,2024-12-03 19:32:35.538461538,18.289652952602594,22,0.9943239535684448,3.959061538461544
1061,14,19.626151542134863,73.46177739946938,2024-12-03 19:32:37.333333333,20.05189167877006,36,1.011446478326254,3.959061538461544
1062,14,19.626098320208353,73.46224832854975,2024-12-03 19:33:20.235294118,20.808030315947157,23,1.691068817662579,3.8521470085470138
1063,14,19.626095295698427,73.46271405733464,2024-12-03 19:33:22.363636364,21.344153643097588,25,1.406452569685192,3.959061538461544
1064,14,19.626118171831706,73.46316832349184,2024-12-03 19:33:24.777777778,21.83482226213281,29,1.0574780479016481,3.971275213675219
1066,14,19.626293198312624,73.464051920195,2024-12-03 19:33:28.888888889,22.605196618967543,25,0.5292080645297049,3.8133863247863293
1067,14,19.626429817777275,73.46449071899812,2024-12-03 19:33:31.000000000,22.424019149831647,22,0.7586741997088374,3.845548717948723
1068,14,19.62661856859576,73.46488559312957,2024-12-03 19:33:33.000000000,22.21923267396183,24,1.620785769031876,3.9845572649572705
1069,14,19.627058022174865,73.46569668593443,2024-12-03 19:33:37.565217391,20.543132798949145,33,1.1375550527793443,3.8521470085470138
1070,14,19.62751226308715,73.46652072749622,2024-12-03 19:33:42.333333333,20.49796683149261,27,3.797723868774893,3.959061538461544
1071,14,19.628171152966395,73.46769649012899,2024-12-03 19:33:49.608695652,20.881048376274986,22,2.5871493080221444,3.959061538461544
1072,14,19.62839520703215,73.46809970753208,2024-12-03 19:33:51.777777778,20.275886031092902,27,1.8365629096260345,3.935548717948724
1073,14,19.62904567332088,73.46921293850917,2024-12-03 19:33:58.555555556,18.71929494937291,25,0.9465248236132932,3.959061538461544
1074,14,19.629261855827895,73.46959861235123,2024-12-03 19:34:00.888888889,18.67262408063925,38,0.1156330729092577,3.9552837606837654
1075,14,19.629488838237332,73.46997873039555,2024-12-03 19:34:04.000000000,18.260740382566215,34,1.4482026613262828,3.973411965811972
1076,14,19.629739017533254,73.47037390930848,2024-12-03 19:34:07.217391304,17.28724993806474,26,0.8196056016201576,3.973411965811972
1077,14,19.629978233774295,73.47077413823294,2024-12-03 19:34:09.761904762,16.08020390011237,33,1.4349610640609785,3.959061538461544
1078,14,19.630219015905716,73.47117122644879,2024-12-03 19:34:12.500000000,15.094073117284049,30,1.7734488215914272,3.935548717948724
1079,14,19.630435461331306,73.47154734767153,2024-12-03 19:34:15.888888889,14.426078890608599,31,0.8940804193649794,3.845548717948723
1080,14,19.630646020374414,73.47193081867162,2024-12-03 19:34:18.777777778,14.720996518493498,34,1.3364069126835167,3.971275213675219
1081,14,19.630891560601427,73.47232509743753,2024-12-03 19:35:01.750000000,15.593893518518298,33,1.8864191432500095,3.845548717948723
1082,14,19.63113137590164,73.47271401287256,2024-12-03 19:35:05.583333333,16.578389449620307,28,0.9680137595996253,3.845548717948723
1083,14,19.63136922559601,73.47309722460287,2024-12-03 19:35:08.130434783,16.7445369476414,40,1.5117554877740742,3.308098796441655
1084,14,19.63180016940055,73.47382597027706,2024-12-03 19:35:13.666666667,16.79686773826919,33,1.255329690552467,3.2981270538984844
1085,14,19.632033112423045,73.47421299895302,2024-12-03 19:35:16.166666667,17.747345405020326,37,0.8668090136765344,3.9552837606837654
1086,14,19.632252357223784,73.47459164779112,2024-12-03 19:35:19.923076923,17.38597970085503,20,0.5312196287635967,3.971275213675219
1087,14,19.63248314934884,73.47494318022805,2024-12-03 19:35:21.500000000,16.30244454732512,30,1.7616849725960662,6.427181127869959
1088,14,19.632720980371985,73.47532619201792,2024-12-03 19:35:24.190476190,15.822984776443128,37,1.7667313047572348,3.959061538461544
1089,14,19.63295784924256,73.47572938409856,2024-12-03 19:35:27.833333333,15.782150704852071,32,2.2599184277540916,3.9552837606837654
1090,14,19.633209513596576,73.47612353162734,2024-12-03 19:35:30.956521739,16.830695978739314,33,0.7870048617257192,3.9552837606837654
1091,14,19.633457487701232,73.47649563738234,2024-12-03 19:35:34.200000000,16.83320419753086,27,0.9801306694338332,3.845548717948723
1092,14,19.633704310828676,73.47686748397818,2024-12-03 19:35:36.700000000,16.566748456882642,29,0.7029397528882931,3.959061538461544
1093,14,19.633957530476145,73.47726022917718,2024-12-03 19:35:39.652173913,16.590187392509304,28,0.8399554885369568,3.973411965811972
1094,14,19.63420425981103,73.47765406144866,2024-12-03 19:35:43.000000000,16.175488343253807,28,1.6485166290831335,3.9552837606837654
1095,14,19.634449016236626,73.47803437035952,2024-12-03 19:35:45.428571429,15.336349116161768,33,1.656500640655864,3.959061538461544
1096,14,19.634675769048528,73.4784082937357,2024-12-03 19:35:48.555555556,14.944328255614463,39,1.2257136299618385,3.9552837606837654
1097,14,19.634910158013685,73.47877147566192,2024-12-03 19:35:51.739130435,15.428154904723254,30,2.7726467077347334,3.959061538461544
1098,14,19.635139493540606,73.47912243623291,2024-12-03 19:35:54.777777778,16.43403935185185,32,0.42576123597637,3.935548717948724
1099,14,19.63534166453288,73.47949334985542,2024-12-03 19:35:57.000000000,17.136221765243313,37,2.451215683254663,3.9845572649572705
1100,14,19.63557432045306,73.47984444077309,2024-12-03 19:36:26.391304348,17.641370772946807,31,3.816509105724554,3.9552837606837654
1101,14,19.63579443182858,73.48021853193555,2024-12-03 19:36:43.100000000,17.98559828703686,25,3.490049247912644,3.845548717948723
1102,14,19.636007343205357,73.4806353933142,2024-12-03 19:36:45.583333333,19.012948364695195,31,0.8569572314268161,3.807634188034192
1103,14,19.636248713729792,73.48102837418315,2024-12-03 19:36:48.117647059,19.876962418300735,17,1.3579201970892334,3.845548717948723
1104,14,19.6364675460746,73.4813889737702,2024-12-03 19:36:49.882352941,20.61541609477115,24,1.364713945037563,3.845548717948723
1105,14,19.636923319343115,73.48216366440789,2024-12-03 19:36:54.588235294,20.13742834461064,36,0.4638351366491892,3.959061538461544
1107,14,19.637513279800025,73.48287388999957,2024-12-03 19:36:59.636363636,19.57627844591764,32,1.871915523798589,3.971275213675219
1108,14,19.63786158533521,73.4831108698342,2024-12-03 19:37:02.117647059,19.941259090909146,20,2.4155126040005754,3.9384119658119716
1109,14,19.638237150979997,73.48325920673167,2024-12-03 19:37:04.090909091,20.415275096645438,33,1.4548209253217381,3.941352136752142
1110,14,19.638652593140495,73.48333336872007,2024-12-03 19:37:07.155555556,20.69409259259259,20,0.9325469830081231,3.973411965811972
1111,14,19.639057507944344,73.4833631477797,2024-12-03 19:37:08.755555556,20.833315072016475,21,3.575288554938799,3.973411965811972
1112,14,19.639461432504202,73.48333254357557,2024-12-03 19:37:10.250000000,20.9584141067538,25,3.5178621194401143,3.959061538461544
1113,14,19.63988008652032,73.48327146158039,2024-12-03 19:37:12.352941176,21.161228402590297,19,0.39056529971644466,3.83821538461539
1114,14,19.640280583253556,73.4832655239087,2024-12-03 19:37:14.555555556,21.038720708485354,28,1.49852270617859,3.773480341880346
1115,14,19.640692691341954,73.48323897555443,2024-12-03 19:37:17.000000000,20.247611901918898,26,3.6527771265807756,3.959061538461544
1116,14,19.64157323672466,73.48320437411186,2024-12-03 19:37:22.217391304,20.15397711352657,20,0.7216530033468576,3.9384119658119716
1117,14,19.641998447295002,73.48315716977405,2024-12-03 19:37:23.909090909,20.052188359081022,27,1.1429017484267772,3.9384119658119716
1118,14,19.642408852943024,73.48303679488387,2024-12-03 19:37:26.529411765,19.9305320261438,25,0.9648412815287549,3.935548717948724
1119,14,19.64280915746719,73.48282570058254,2024-12-03 19:37:28.823529412,19.81979544642503,25,0.6259411942241387,3.941352136752142
1120,14,19.643179128682494,73.48259822826981,2024-12-03 19:37:31.166666667,19.83534002380122,29,2.110075354467865,3.941352136752142
1121,14,19.64352774931323,73.4823876031372,2024-12-03 19:37:33.750000000,19.123356795735237,30,1.431982365021612,3.9552837606837654
1122,14,19.643893902474012,73.48225001089136,2024-12-03 19:37:36.266666667,17.34237439458734,26,1.7226329274502086,3.959061538461544
1123,14,19.644268971213066,73.48227398231155,2024-12-03 19:37:38.666666667,16.526052777777814,30,0.6585388836260498,3.973411965811972
1124,14,19.64459198810814,73.4824398569802,2024-12-03 19:38:21.555555556,16.254102182539675,35,5.361670944087524,3.845548717948723
1125,14,19.64485699754218,73.48270599293396,2024-12-03 19:38:23.666666667,16.235733925796428,26,1.5262069638103608,3.845548717948723
1126,14,19.645046736984575,73.48303540350277,2024-12-03 19:38:26.000000000,16.17185857142858,35,4.878938455786528,3.9552837606837654
1127,14,19.64517715016712,73.48343704444251,2024-12-03 19:38:29.300000000,15.627501587301612,28,2.651543277297453,3.9384119658119716
1128,14,19.645389612064296,73.48383469699823,2024-12-03 19:38:32.409090909,15.29818668580647,24,4.089835059082685,3.845548717948723
1129,14,19.64574678992814,73.48407953542454,2024-12-03 19:38:35.047619048,15.265691132498132,29,1.6171481260587213,3.935548717948724
1130,14,19.646173140389813,73.48418874539544,2024-12-03 19:38:38.347826087,15.228388733668533,31,0.9909452398208182,3.845548717948723
1131,14,19.64660985447787,73.48426331421827,2024-12-03 19:38:41.263157894,15.290793777139504,37,0.5077693840481216,3.958411965811972
1132,14,19.64704004405281,73.48436722065688,2024-12-03 19:38:44.727272727,15.541168542892423,33,1.988595289957384,3.935548717948724
1133,14,19.647441945124406,73.4845493971223,2024-12-03 19:38:48.090909091,16.015674315353536,36,1.7608746291530868,3.959061538461544
1134,14,19.64775805625395,73.48478784344636,2024-12-03 19:38:51.285714286,16.673883321308438,25,2.7022200570767043,3.9494803418803484
1135,14,19.647991750704975,73.48509068642578,2024-12-03 19:38:53.181818182,17.14099907257622,32,1.3395575156073671,3.935548717948724
1136,14,19.64817729026789,73.48544460169909,2024-12-03 19:38:56.166666667,17.238768080781114,26,7.1730067028748445,3.9552837606837654
1137,14,19.64832885678791,73.48577350751961,2024-12-03 19:38:58.444444444,16.94805791649898,24,1.7176452447660202,3.845548717948723
1138,14,19.648470182135284,73.48614361183516,2024-12-03 19:39:00.565217391,16.137942555431753,26,3.1661225794378054,3.971275213675219
1139,14,19.64870202498286,73.48651945720471,2024-12-03 19:39:03.100000000,15.902167539173785,40,4.995109893527673,3.9552837606837654
1140,14,19.64904613552062,73.4868058849423,2024-12-03 19:39:06.769230769,15.83583963803906,34,4.6164245210512,3.959061538461544
1141,14,19.64942273294415,73.48703474675777,2024-12-03 19:39:10.000000000,16.07165040501627,30,2.3378346518252338,3.9552837606837654
1142,14,19.64978594648205,73.48718288151296,2024-12-03 19:39:12.521739130,16.725180676328403,35,1.6242433176045463,3.941352136752142
1143,14,19.65016000844832,73.48732449931435,2024-12-03 19:39:15.666666667,17.084778999485575,24,1.4629529013026081,3.845548717948723
1144,14,19.65056246155911,73.4875357003364,2024-12-03 19:39:18.045454545,17.373545915032686,35,2.11710141828724,3.845548717948723
1145,14,19.650937908813532,73.48779438491493,2024-12-03 19:40:01.058823529,17.921734060222118,27,1.2199223357438882,3.973411965811972
1146,14,19.651263046939448,73.48810151133816,2024-12-03 19:40:04.769230769,18.25567574786321,21,7.536499679853464,3.959061538461544
1147,14,19.65153012687839,73.48846554924252,2024-12-03 19:40:06.500000000,17.86132862444927,34,0.9171050494127516,3.935548717948724
1148,14,19.65173412561831,73.48883358847905,2024-12-03 19:40:09.600000000,15.598419772166631,25,1.2877557393511945,3.9494803418803484
1149,14,19.65186082268264,73.48923389356392,2024-12-03 19:40:11.727272727,13.256773372615228,34,0.5624266797753749,3.959061538461544
1150,14,19.651943614943,73.48970257688197,2024-12-03 19:40:14.900000000,8.721677368264686,59,0.46153692988707407,3.982078632478638
1151,14,19.652030216723155,73.49012831288178,2024-12-03 19:40:21.111111111,6.223583072404018,72,2.6392920535144544,4.002420512820519
1152,14,19.6520998606356,73.49053128934253,2024-12-03 19:40:28.000000000,7.267324990242041,61,2.1594938065599028,3.9855487179487237
1153,14,19.65214920835426,73.49094454540842,2024-12-03 19:40:34.000000000,8.661524479166706,60,1.5371915155690288,3.9839846153846215
1154,14,19.652171058408893,73.49136573075938,2024-12-03 19:40:39.600000000,10.764783363526588,46,0.442812475437183,3.9168136752136786
1155,14,19.65213839653645,73.49179238482091,2024-12-03 19:40:43.600000000,13.3811295979981,35,0.9825426194511149,3.9384119658119716
1156,14,19.652072459536377,73.49222906163374,2024-12-03 19:40:47.043478261,16.012729090371533,31,1.3761001992146953,3.973411965811972
1157,14,19.65200262644549,73.49265278717772,2024-12-03 19:40:49.916666667,17.875940001493362,31,1.8062269529086612,3.959061538461544
1158,14,19.651931603112246,73.49308145989303,2024-12-03 19:40:52.652173913,19.52984796893658,31,0.29007684847993204,3.973411965811972
1159,14,19.651872454456033,73.49351170213606,2024-12-03 19:40:55.200000000,20.43045903991313,27,1.4718792819182893,3.973411965811972
1160,14,19.651711330709283,73.49440028999226,2024-12-03 19:41:18.133333333,20.566125110116516,23,0.6110603482773885,3.845548717948723
1161,14,19.651561098151205,73.49524412504147,2024-12-03 19:41:43.600000000,20.38548525176514,26,0.34571600205684727,3.959061538461544
1162,14,19.651510220947568,73.49570027112901,2024-12-03 19:41:46.521739130,19.808035646318416,22,1.883240049320464,3.845548717948723
1163,14,19.65151276236359,73.49615835483883,2024-12-03 19:41:48.444444444,19.205981800766263,29,1.4191191974009774,3.845548717948723
1164,14,19.651615921558204,73.49658481765944,2024-12-03 19:41:51.000000000,18.659244116512358,24,0.9621385553354557,3.845548717948723
1165,14,19.65178864754754,73.4969521968228,2024-12-03 19:41:52.800000000,18.353665494915404,24,3.7838631298190446,3.970548717948724
1166,14,19.652011049989234,73.49724122384549,2024-12-03 19:41:55.000000000,18.660158854166667,32,2.607056108069315,3.959061538461544
1167,14,19.652337799796854,73.49748454740183,2024-12-03 19:41:57.625000000,19.242220894607946,34,1.1532764101147648,3.941352136752142
1169,14,19.653112719792674,73.49773853505434,2024-12-03 19:42:02.000000000,20.682288992387804,32,0.5578442610248388,3.973411965811972
1170,14,19.653516052573764,73.49781387861601,2024-12-03 19:42:04.923076923,20.07729644752149,19,1.050865105989061,3.9384119658119716
1171,14,19.65437059958589,73.49793521196541,2024-12-03 19:42:09.186046512,18.55337909130052,30,3.6987413270492757,3.9552837606837654
1172,14,19.654785544295336,73.49789447971038,2024-12-03 19:42:11.790697674,18.296399131183705,23,0.8253850700960627,3.935548717948724
1173,14,19.65521885669316,73.49780430084425,2024-12-03 19:42:14.083333333,18.09284098525412,37,0.8438935563580652,3.959061538461544
1174,14,19.655650281536936,73.49770068229222,2024-12-03 19:42:17.521739130,18.383488115606465,24,1.0544843282385925,3.959061538461544
1175,14,19.656092786344466,73.4976303078982,2024-12-03 19:42:20.000000000,18.71264102564092,25,1.1380298240489912,3.9552837606837654
1176,14,19.65654026026749,73.49763636039577,2024-12-03 19:42:22.476190476,18.955202827912814,25,1.364512365227384,3.935548717948724
1177,14,19.656981092699453,73.4977176468712,2024-12-03 19:42:24.818181818,19.17594531522112,29,1.3265813337551782,3.973411965811972
1178,14,19.657815814776505,73.49799079764684,2024-12-03 19:42:29.600000000,19.60433040447201,22,0.6567620522646429,3.973411965811972
1179,14,19.658220516238696,73.49812614392471,2024-12-03 19:42:32.111111111,19.832788132807362,26,1.9073463242488284,3.959061538461544
1180,14,19.65864588520767,73.49825072864866,2024-12-03 19:42:34.333333333,19.96798219373218,26,1.0064037515464916,3.9552837606837654
1181,14,19.659056438592255,73.49835459103272,2024-12-03 19:42:37.000000000,20.116067515432047,24,1.8133265470135942,3.973411965811972
1182,14,19.65947797197321,73.4984025442919,2024-12-03 19:42:43.555555555,20.30125287356321,29,1.201191187871784,3.9552837606837654
1183,14,19.659900025344406,73.49849307205585,2024-12-03 19:43:21.500000000,20.692795551670518,26,1.973702243335053,3.9552837606837654
1184,14,19.660276237619914,73.4986637672911,2024-12-03 19:43:24.000000000,21.062585444444473,25,1.1319216990366872,3.935548717948724
1185,14,19.66064117114189,73.49887038698733,2024-12-03 19:43:25.928571429,21.25764457070706,22,0.8055094339880601,3.973411965811972
1186,14,19.661026200612827,73.49910721837536,2024-12-03 19:43:28.090909091,21.46163090782899,31,1.3727140804686349,3.56134917146346
1187,14,19.66138182144875,73.49927587024824,2024-12-03 19:43:30.000000000,21.361038382806765,30,4.213435727434563,3.959061538461544
1188,14,19.661725935809457,73.49946782940611,2024-12-03 19:43:32.000000000,20.8521761507117,22,5.204595262186454,3.9552837606837654
1189,14,19.6620876506747,73.49966398455021,2024-12-03 19:43:34.727272727,20.421310291807018,25,1.410799530673363,3.971275213675219
1190,14,19.66247413702214,73.49979474499287,2024-12-03 19:43:36.500000000,20.440160950080557,25,1.828147411542299,3.959061538461544
1191,14,19.662865943382172,73.49991753043494,2024-12-03 19:43:39.130434783,20.910268137130217,19,0.4496581960984254,3.7449303680446593
1192,14,19.66325180894634,73.5000197157585,2024-12-03 19:43:41.000000000,21.18765088264044,31,7.340746784806006,3.9552837606837654
1193,14,19.6636658881715,73.50012071530811,2024-12-03 19:43:43.333333333,21.031198653198746,22,0.5067959439329721,3.845548717948723
1194,14,19.664082188539005,73.50022412701222,2024-12-03 19:43:45.333333333,20.86336938657415,20,0.21120295717537818,3.9384119658119716
1195,14,19.664506617037368,73.50032602597926,2024-12-03 19:43:47.500000000,20.688687155797137,25,0.2292424923710498,3.935548717948724
1196,14,19.66494469858387,73.5004331008899,2024-12-03 19:43:49.869565217,20.35235448867075,27,0.9852997546624557,3.9552837606837654
1197,14,19.66538153466918,73.50052072586143,2024-12-03 19:43:52.615384615,18.197189156695966,25,1.6660460321559933,3.9552837606837654
1198,14,19.665822882902912,73.50057870209749,2024-12-03 19:43:54.666666667,13.837659492753968,40,1.104664819314222,3.9445316239316286
1199,14,19.666269458591948,73.50060332076495,2024-12-03 19:43:58.391304348,5.474071949539831,128,5.6573998915446815,3.988984615384622
1200,14,19.666500555535023,73.50063269935214,2024-12-03 19:43:59.466666667,4.82820007309961,114,23.38988106093444,3.9836427350427415
