ref_idx,driver_key,lat,lon,utc_timestamp,avg_speed_mps,n_samples,snap_distance_m,predicted_iri
0,9,19.352659582579413,73.14926598290396,2024-11-25 17:15:59.000000000,21.13206507936519,56,4.920968021777731,3.348394771241831
1,9,19.35284142353009,73.14962378576686,2024-11-25 17:16:44.166666667,20.057570662768274,19,3.173987555226896,3.482481556725256
2,9,19.353100378256723,73.1499976016882,2024-11-25 17:16:45.888888889,19.749672396584746,28,4.969785531881707,3.9552837606837654
3,9,19.353324028149352,73.15039926373717,2024-11-25 17:16:48.454545455,19.825243159090903,25,0.38209075291231936,3.959061538461544
4,9,19.353511301077663,73.1508311206554,2024-11-25 17:16:50.875000000,19.904997395833316,24,2.123304388145528,3.973411965811972
5,9,19.3537015421482,73.15119504677517,2024-11-25 17:16:53.500000000,19.98639814935057,20,4.748668685530487,3.935548717948724
6,9,19.353908074562565,73.15154106739226,2024-11-25 17:16:55.333333333,19.657588593073,24,1.6150679062176514,3.8521470085470138
7,9,19.354137519043622,73.1519193776059,2024-11-25 17:16:57.714285714,18.607010895293794,27,2.1828734645258954,3.9552837606837654
8,9,19.354363078750865,73.15230944492808,2024-11-25 17:17:00.052631579,17.889448571749902,26,0.7961362217008454,3.959061538461544
9,9,19.35459081337932,73.15265072408651,2024-11-25 17:17:02.300000000,15.461367025089821,31,3.8572320605215995,6.014934464555055
10,9,19.354773033382845,73.15294550861636,2024-11-25 17:17:05.416666667,13.974996679760599,27,2.647646454084112,3.8521470085470138
11,9,19.354928179786853,73.15332246738953,2024-11-25 17:17:08.000000000,14.875455856481636,30,1.6306376349829168,3.9552837606837654
12,9,19.355093996729458,73.1537291544845,2024-11-25 17:17:11.600000000,13.398032996633116,33,2.8368958068713357,3.973411965811972
13,9,19.355261596744484,73.1541369335001,2024-11-25 17:17:14.700000000,13.708165288800831,36,0.5945023029901403,3.9552837606837654
14,9,19.355442713535478,73.15457315201459,2024-11-25 17:17:18.238095238,14.349796179177568,36,0.3703424208646113,3.958411965811972
15,9,19.35562541311687,73.15496756506107,2024-11-25 17:17:21.916666667,14.85292049936097,27,1.575290862489453,3.83564273504274
16,9,19.355788624343496,73.15535469921153,2024-11-25 17:17:24.750000000,14.595998430735959,28,3.5698558785120333,3.845548717948723
17,9,19.35595281781201,73.15578243565218,2024-11-25 17:17:27.400000000,12.960582978408684,42,0.5066328228528593,3.834215384615387
18,9,19.356164340644145,73.15619376118102,2024-11-25 17:17:31.434782609,9.588544497712514,65,3.6136163375273966,3.9003094017094044
19,9,19.356331041048705,73.15657523826498,2024-11-25 17:17:37.454545455,6.389039290419758,69,0.3223108917052567,3.10987879459476
20,9,19.356484199129838,73.15689100901356,2024-11-25 17:18:24.000000000,5.9871291087962835,84,2.504477853106536,3.4493435897435916
21,9,19.35661174913456,73.15715964138735,2024-11-25 17:18:31.833333333,8.605850496031499,35,3.7118474773901453,3.970548717948724
22,9,19.35669374412113,73.15750345726303,2024-11-25 17:18:35.000000000,10.625320076083653,43,2.721347256698926,3.987420512820519
23,9,19.35682394410255,73.15793210604924,2024-11-25 17:18:39.000000000,13.451255141227755,43,1.131696810689469,3.5780529914529926
24,9,19.35695392855498,73.15836445208197,2024-11-25 17:18:43.034482759,15.670039433003126,30,0.5962921089318678,3.845548717948723
25,9,19.357069182747956,73.158802226824,2024-11-25 17:18:45.916666667,17.01845738260569,28,0.793266740649874,3.959061538461544
26,9,19.357202463222503,73.15923872609157,2024-11-25 17:18:48.400000000,17.52244545117741,31,2.613027741809565,3.9844803418803485
27,9,19.357312390976595,73.15964320865135,2024-11-25 17:18:51.923076923,17.628979138551482,19,1.9072874134107225,3.971275213675219
28,9,19.35743539700796,73.16004358086035,2024-11-25 17:18:53.181818182,17.537721296296304,30,2.984787553370285,3.935548717948724
29,9,19.35760431168945,73.16039389473242,2024-11-25 17:18:56.230769231,17.381331821272145,28,0.7996128883416753,3.970548717948724
30,9,19.357812826512628,73.16073608939226,2024-11-25 17:18:58.363636364,17.25316528925617,28,0.8113983821746084,3.845548717948723
31,9,19.358071428718397,73.16110053239484,2024-11-25 17:19:01.181818182,17.099046662075246,25,6.15458119982253,3.845548717948723
32,9,19.358345770767155,73.16145216467314,2024-11-25 17:19:03.380952381,16.951496230401688,36,0.3004182712548503,3.7402581196581224
33,9,19.358662103924047,73.16178865538734,2024-11-25 17:19:06.800000000,17.027662292685697,28,0.641469757275973,3.9552837606837654
34,9,19.35895935921728,73.16210053363918,2024-11-25 17:19:09.428571429,17.226233820861694,35,2.3313266366587433,3.9552837606837654
35,9,19.359245206889042,73.16242297249889,2024-11-25 17:19:12.900000000,16.702461027685036,29,1.932504328472999,3.9552837606837654
36,9,19.35954587292766,73.16277378725292,2024-11-25 17:19:15.387096774,16.205112605398437,29,0.22613274623298882,3.9723435897435952
37,9,19.359820785368655,73.16314645647753,2024-11-25 17:19:18.166666667,12.821702881776991,46,0.32187375903281895,3.13189874693467
38,9,19.360091259211064,73.16349164769213,2024-11-25 17:20:02.619047619,9.893098586744719,38,0.561987436795003,3.973411965811972
39,9,19.360336968665763,73.16383097062166,2024-11-25 17:20:06.000000000,6.982933035687369,74,0.49811154128994556,3.07222267035019
40,9,19.360523235356666,73.16411475025777,2024-11-25 17:20:10.434782609,5.2708411167023135,75,2.7646964734190047,3.2887593273206726
41,9,19.360680488138794,73.16432286885214,2024-11-25 17:20:17.333333333,7.425105654762092,42,7.692435521180639,3.941352136752142
42,9,19.360798849201103,73.16453817746716,2024-11-25 17:20:21.600000000,6.139097222222465,25,2.1268949041117797,3.935548717948724
43,9,19.360897520766446,73.16473976536759,2024-11-25 17:20:24.086956522,4.855784811139609,71,0.3144510037528309,3.9639846153846214
44,9,19.360983978399013,73.16494983139305,2024-11-25 17:20:30.200000000,7.047228004718921,41,5.518653494316889,3.9387794871794917
45,9,19.36108717780104,73.16516627314144,2024-11-25 17:20:34.700000000,7.466824005991417,45,8.09172424414541,3.9980700854700912
46,9,19.361276884419492,73.16533630727743,2024-11-25 17:20:37.000000000,5.82345850617313,45,2.2578771068682135,3.998984615384621
47,9,19.361417775889855,73.1654535972061,2024-11-25 17:20:41.400000000,0.40481870404276127,554,1.9826916691979328,3.845548717948723
48,9,19.361472517661525,73.1655534326855,2024-11-25 17:22:22.857142857,0.3487599170545849,188,0.4901825316028524,3.845548717948723
49,9,19.361563073609016,73.16581828313774,2024-11-25 17:23:31.000000000,1.2344034706029998,353,5.095461899844206,3.961582905982911
50,9,19.361762717715422,73.16612695083435,2024-11-25 17:23:59.400000000,6.669664300846954,59,7.352032045084868,3.9858564102564156
51,9,19.36198171292746,73.16634416920317,2024-11-25 17:24:06.083333333,9.559442013888338,40,6.1952491386032476,3.941352136752142
52,9,19.362131256056053,73.16653261396831,2024-11-25 17:24:07.300000000,9.834065711805188,32,4.360533960503158,3.959061538461544
53,9,19.36223376676198,73.16673512467423,2024-11-25 17:24:10.083333333,9.578132500000068,25,5.0200811857507555,3.3829179076758917
54,9,19.3623263092948,73.16700657834458,2024-11-25 17:24:13.333333333,10.84932761509258,32,1.5050778110340235,3.275018305783852
55,9,19.36246817420599,73.16732229418676,2024-11-25 17:24:15.538461538,11.307351336163757,49,3.5344951822144863,3.6352239316239343
56,9,19.36267336338377,73.16765185445692,2024-11-25 17:24:44.250000000,12.062176767676533,51,6.384450386982539,3.081157775930885
57,9,19.362847165003537,73.16796135116667,2024-11-25 17:25:02.833333333,12.548332070706811,25,6.168266759620811,3.845548717948723
58,9,19.362998990657736,73.16825497971149,2024-11-25 17:25:05.700000000,13.426305093699922,38,0.1134395108738557,3.9552837606837654
59,9,19.36315632747622,73.16858247596112,2024-11-25 17:25:07.916666667,14.217447916666222,36,0.5046745358406235,3.973411965811972
60,9,19.36327678472193,73.16897751441456,2024-11-25 17:25:11.100000000,15.438476311728458,36,0.44314193318856565,3.973411965811972
61,9,19.363381146053776,73.16937625451753,2024-11-25 17:25:14.300000000,16.08440666757453,34,3.3615494363148404,3.935548717948724
62,9,19.363461944208268,73.16976251839534,2024-11-25 17:25:17.250000000,14.254427893518361,32,2.6595441631112107,3.9552837606837654
63,9,19.36355,73.17012879946384,2024-11-25 17:25:19.166666667,14.721869516435754,38,0.9305547901718851,3.935548717948724
64,9,19.36365,73.17047550633228,2024-11-25 17:25:22.100000000,16.860694243155507,23,5.473009798029169,3.9384119658119716
65,9,19.36371811793532,73.17088271596732,2024-11-25 17:25:24.583333333,18.869723611110622,25,1.4419364514378248,3.959061538461544
66,9,19.363818131477814,73.17131055739286,2024-11-25 17:25:26.500000000,20.577163966049163,30,3.2297758583032863,3.973411965811972
67,9,19.36403619404392,73.17207571953567,2024-11-25 17:25:30.800000000,21.90776612654346,27,2.5387039927395874,3.8521470085470138
68,9,19.364230316601983,73.17277340737525,2024-11-25 17:25:34.333333333,20.520341613248384,18,5.270525880210355,3.845548717948723
69,9,19.36433347810931,73.17305545156998,2024-11-25 17:25:36.000000000,18.66681348824898,26,3.7016168235104074,3.959061538461544
70,9,19.36453378323241,73.17377460603007,2024-11-25 17:25:40.083333333,17.968474072622374,29,2.8426130411365604,3.973411965811972
71,9,19.364643772199294,73.17411778103076,2024-11-25 17:25:42.166666667,17.952919491388627,26,3.9539755709765614,3.959061538461544
72,9,19.364730608117256,73.17449079516764,2024-11-25 17:25:44.583333333,16.95029728835927,28,4.591482733569894,3.9552837606837654
73,9,19.364848242630842,73.1748628996334,2024-11-25 17:25:47.000000000,17.89534410612455,26,6.020155278637206,3.973411965811972
74,9,19.36500153114483,73.17517540932376,2024-11-25 17:25:49.166666667,18.65242272558929,25,1.2549876444576382,3.9845572649572705
75,9,19.3651491282719,73.17548288034493,2024-11-25 17:25:51.357142857,18.714251277598095,33,4.816757986034714,3.959061538461544
76,9,19.365310327937156,73.17587223349028,2024-11-25 17:25:53.869565217,18.821449560925448,22,2.0471329911347347,3.9384119658119716
77,9,19.365482317339136,73.17625367159317,2024-11-25 17:25:56.000000000,18.585786791289387,33,2.3016791323031964,3.973411965811972
78,9,19.365641413756144,73.17658049535407,2024-11-25 17:25:57.312500000,18.256016801832303,26,4.576142598145779,3.973411965811972
79,9,19.36579386264806,73.17689930561926,2024-11-25 17:26:40.166666667,18.71397488196085,29,0.3727004945684404,3.973411965811972
80,9,19.36594604681963,73.17723535073151,2024-11-25 17:26:41.785714286,19.735158044287047,27,0.870652342822391,3.959061538461544
81,9,19.36612615492204,73.17762189893526,2024-11-25 17:26:44.090909091,21.370490586419432,30,0.3371126971014652,3.9384119658119716
82,9,19.366457511256158,73.17833561891999,2024-11-25 17:26:48.142857143,22.97230019021393,22,2.8778159017178266,3.959061538461544
83,9,19.366605845253126,73.1787815996997,2024-11-25 17:26:49.909090909,22.939337191919222,25,0.5512513623065668,3.9552837606837654
84,9,19.36678906752264,73.17920407445743,2024-11-25 17:26:52.000000000,22.90587224193523,22,0.39633294036350514,3.9384119658119716
85,9,19.36694297240939,73.17960949213642,2024-11-25 17:26:54.000000000,22.155539965963573,36,1.6490023920735717,3.9384119658119716
86,9,19.367102941368408,73.18002411723324,2024-11-25 17:26:56.928571429,19.426459621275466,19,1.685250757040892,3.9384119658119716
87,9,19.36728678845042,73.18045775899367,2024-11-25 17:26:58.457142857,15.663706662489645,38,0.3328458545408134,3.9552837606837654
88,9,19.367450954329286,73.18086887302255,2024-11-25 17:27:01.800000000,11.70082444234012,48,0.5645229661163618,3.9168136752136786
89,9,19.36757962401725,73.18124460236177,2024-11-25 17:27:06.000000000,11.47874885762377,42,3.4335997197974066,3.5214290598290625
90,9,19.367723057568327,73.18163334598952,2024-11-25 17:27:09.500000000,13.798086727641934,41,0.6829860728158772,3.935548717948724
91,9,19.36786238659962,73.1820235543374,2024-11-25 17:27:12.680000000,15.839817337164204,29,0.19261695939982504,3.6352239316239343
92,9,19.368005915826096,73.18241484866721,2024-11-25 17:27:15.416666667,17.81389814814798,38,1.72758132768712,3.973411965811972
93,9,19.36815606041739,73.1828299958812,2024-11-25 17:27:18.600000000,18.649055474156064,21,4.397162302790216,3.973411965811972
94,9,19.368268853935113,73.18326436790699,2024-11-25 17:27:20.307692308,16.867213608440558,32,0.5405128323911734,3.845548717948723
95,9,19.368395355409344,73.18368910344482,2024-11-25 17:27:23.250000000,14.063838633524615,36,0.8257924729685846,3.9552837606837654
96,9,19.368527257920753,73.1840893181232,2024-11-25 17:27:25.818181818,11.60968665060682,59,0.30677985620643866,3.845548717948723
97,9,19.368649976466543,73.18445970788693,2024-11-25 17:27:31.916666667,11.710475670670812,37,5.527441711853824,3.9845572649572705
98,9,19.368770134855396,73.18483072191748,2024-11-25 17:27:34.160000000,13.621480858175005,41,2.026131146098583,3.970548717948724
99,9,19.368866974365663,73.1852166535235,2024-11-25 17:27:37.833333333,15.55346586592963,28,0.9027723545913791,3.970548717948724
100,9,19.36898618842872,73.18558618842872,2024-11-25 17:28:20.166666667,15.990116521590673,31,3.314893714361879,3.9384119658119716
101,9,19.36913445863989,73.18599420822332,2024-11-25 17:28:22.916666667,16.2652681996408,35,0.5662665072103465,3.959061538461544
102,9,19.369267624559928,73.18644422363792,2024-11-25 17:28:25.666666667,16.104679687040694,36,0.5816640391907272,3.959061538461544
103,9,19.36940708917963,73.18688904051211,2024-11-25 17:28:28.742857143,15.95246930708184,26,1.0433955720189023,3.845548717948723
104,9,19.369533904344337,73.18730492705959,2024-11-25 17:28:31.000000000,14.664818650793856,35,2.1069751237309413,3.970548717948724
105,9,19.369650507747018,73.18769593719493,2024-11-25 17:28:34.000000000,12.625255932896666,47,2.182649757866508,3.845548717948723
106,9,19.369756784680778,73.18809911578253,2024-11-25 17:28:38.200000000,12.89381810886609,42,1.614138183819472,3.935548717948724
107,9,19.369877917578044,73.18853367531227,2024-11-25 17:28:42.250000000,13.188691678691738,36,0.8229251362189215,3.973411965811972
108,9,19.37001786279084,73.18898638274763,2024-11-25 17:28:45.523809524,13.797863620113544,37,0.6675123734485213,3.9552837606837654
109,9,19.37014806044669,73.1894226534263,2024-11-25 17:28:49.000000000,13.774516211497557,36,1.1519367926235125,3.845548717948723
110,9,19.37025644342696,73.18985990322693,2024-11-25 17:28:52.555555556,14.103286951303126,36,1.239852403317636,3.8805487179487237
111,9,19.370351029667745,73.19029410835154,2024-11-25 17:28:56.000000000,15.076678289473438,38,4.171100873919091,3.845548717948723
112,9,19.370469891098768,73.19069665051234,2024-11-25 17:28:59.600000000,15.56150985728939,28,5.076485347131449,3.973411965811972
113,9,19.370601054021737,73.19110769976312,2024-11-25 17:29:01.857142857,15.712655072550726,33,0.6020142520432513,3.845548717948723
114,9,19.37073853653039,73.19154271361222,2024-11-25 17:29:04.750000000,16.701300689601997,34,0.709965052005687,3.959061538461544
115,9,19.370880111913703,73.191991367709,2024-11-25 17:29:07.425531915,17.872681019925913,31,0.7311083001304486,3.959061538461544
116,9,19.371020641903044,73.19242952305152,2024-11-25 17:29:09.978723404,18.879308006095442,31,1.0417731099594818,3.9552837606837654
117,9,19.37115060274095,73.19283660357556,2024-11-25 17:29:12.750000000,18.475785426731623,23,1.6354372513528854,3.9384119658119716
118,9,19.371253728811936,73.19324275408025,2024-11-25 17:29:14.833333333,16.281901463964708,37,5.244507885760708,3.971275213675219
119,9,19.371369071805685,73.19365368019012,2024-11-25 17:29:18.083333333,13.863670268620933,35,3.45370023400524,3.973411965811972
120,9,19.37150849213317,73.19405910577646,2024-11-25 17:30:00.692307692,10.713386915740138,57,0.6781720868914549,3.9839846153846215
121,9,19.371635475874935,73.19443568347009,2024-11-25 17:30:05.285714286,2.888916409923346,183,4.034593323516727,3.214773609956802
122,9,19.371775934348907,73.19467444292357,2024-11-25 17:30:23.000000000,3.3953077514273367,69,2.676615295193641,5.777150295793534
123,9,19.371873974151445,73.19482807424839,2024-11-25 17:30:28.857142857,4.044293042862358,81,1.752732165439359,3.2737981900452495
124,9,19.37191314562003,73.19504006201875,2024-11-25 17:30:35.416666667,5.073845606060397,50,3.316566781781519,3.22485460030166
125,9,19.371947711362388,73.19527800924436,2024-11-25 17:30:40.000000000,5.32578519440625,64,5.819717703091411,3.9839846153846215
126,9,19.37199573772582,73.19548453304232,2024-11-25 17:30:44.083333333,4.196954657819572,61,4.882321631602507,3.2809469079939673
127,9,19.372040729841913,73.19571545696712,2024-11-25 17:30:50.083333333,3.8160920206971904,85,3.8110840258356586,5.391663478211796
128,9,19.372087615071717,73.1959371890647,2024-11-25 17:30:57.000000000,4.209049103751076,78,7.109281970029976,3.732046107417324
129,9,19.3721591834636,73.19612725069571,2024-11-25 17:31:43.416666667,5.16134217171684,33,8.570536670706572,3.845548717948723
130,9,19.37223877739916,73.19631845524458,2024-11-25 17:31:46.083333333,5.581286310820708,51,4.183366847009186,3.3981007541478134
131,9,19.37229704585289,73.19653220505404,2024-11-25 17:31:50.750000000,6.646789069482516,55,5.543334970615518,3.8177111111111133
132,9,19.372401128076728,73.19673096304658,2024-11-25 17:31:53.857142857,6.8275687003968795,28,1.6960869831352035,3.959061538461544
133,9,19.372497638022676,73.19691607096499,2024-11-25 17:31:56.250000000,6.357101861059169,32,1.2155038827462696,3.727220966335257
134,9,19.372489920725226,73.19713277562198,2024-11-25 17:31:59.083333333,5.675031492959282,55,3.61364603581684,2.9056136793178813
135,9,19.37250031324585,73.1973289485222,2024-11-25 17:32:04.166666667,4.7602819899825315,61,5.777324568090635,3.7056427350427383
136,9,19.372579555329878,73.19752050348654,2024-11-25 17:32:06.083333333,3.7469817810463684,85,1.2010770576822667,3.00642238433835
137,9,19.372662866229426,73.19771075600934,2024-11-25 17:32:13.166666667,4.119968499228171,60,2.200317291618901,5.5488907008957415
138,9,19.372743703420177,73.19790867590808,2024-11-25 17:32:18.000000000,5.208322727272647,55,4.943953847848196,2.8211725100296525
139,9,19.3728,73.19814387860485,2024-11-25 17:32:22.500000000,4.2343839377572925,54,3.2134745697168756,3.112714882876227
140,9,19.372847689280604,73.19838962112169,2024-11-25 17:32:32.307692308,4.28205665896026,61,4.886613781391231,2.772243997086014
141,9,19.372888025146885,73.19863884096075,2024-11-25 17:32:37.750000000,5.225995235116027,70,0.8423952179613724,3.3355769754055484
142,9,19.37292395988071,73.19890914062535,2024-11-25 17:33:22.297297297,6.5474748020589075,56,1.3386064904328288,3.003338054965575
143,9,19.373017470615068,73.1991776277423,2024-11-25 17:33:26.916666667,7.941386455899966,37,3.045141222085299,3.7031384615384657
144,9,19.373077446052797,73.1994420378916,2024-11-25 17:33:31.083333333,10.268712018140477,49,6.572696136360767,3.6352239316239343
145,9,19.373117037676344,73.19980608890306,2024-11-25 17:33:33.160000000,11.782431322802232,47,3.0219177039423943,3.466940624454913
146,9,19.37320558283566,73.20026752265963,2024-11-25 17:33:37.080000000,14.399240144500258,36,0.5469033267206846,3.9552837606837654
147,9,19.37333462718878,73.20070506755494,2024-11-25 17:33:39.833333333,16.55264157196901,36,1.8856476968206508,3.9552837606837654
148,9,19.373495701264854,73.20113060912539,2024-11-25 17:33:43.230769231,18.593759768403753,31,0.41403246469862925,3.9552837606837654
149,9,19.37369558755157,73.20155180456561,2024-11-25 17:33:46.000000000,19.962721107394717,23,4.5483966900862525,3.973411965811972
150,9,19.373897696295415,73.20192282014091,2024-11-25 17:33:47.800000000,20.4814194263644,26,0.7344654388976247,3.973411965811972
151,9,19.37410443845089,73.20225777536328,2024-11-25 17:33:50.000000000,20.390033955778588,23,3.1062344620817632,3.959061538461544
152,9,19.3743230813386,73.20260158212815,2024-11-25 17:33:51.923076923,20.30388104753618,27,4.681290336561691,3.9845572649572705
153,9,19.37457339904796,73.20291178482077,2024-11-25 17:33:54.416666667,20.234709762479817,23,1.2925873484385804,3.959061538461544
154,9,19.374824776588863,73.20323799848451,2024-11-25 17:33:56.416666667,20.359851388888707,25,0.33364654504909613,3.4362927612070497
155,9,19.375059411998144,73.20362436741006,2024-11-25 17:33:58.416666667,20.795401132232946,29,1.4291282495600526,3.312526146869006
156,9,19.37530416690076,73.2039989293738,2024-11-25 17:34:00.833333333,21.371685007122224,27,0.4767343753803831,3.7383662654805563
157,9,19.375525559467604,73.2043614353623,2024-11-25 17:34:03.000000000,21.85011663105382,23,0.4049017466529533,3.6574004535147435
158,9,19.375753273385726,73.20474262773635,2024-11-25 17:34:05.000000000,22.3883522079769,29,0.7117997109306297,3.9552837606837654
159,9,19.375986715746958,73.20514930233679,2024-11-25 17:34:07.416666667,22.926587784900015,25,0.8441586574920518,3.8521470085470138
160,9,19.376206768429043,73.20554860219076,2024-11-25 17:34:09.416666667,23.404359934317313,25,0.6769383190511804,3.9384119658119716
161,9,19.37641332235467,73.20594269837972,2024-11-25 17:34:11.700000000,23.42239777816625,20,0.8168455176329583,3.971275213675219
162,9,19.376618445183247,73.20633528851937,2024-11-25 17:34:13.280000000,22.407535962302035,28,0.8850729983578678,3.941352136752142
163,9,19.376806742265785,73.20671838796903,2024-11-25 17:34:15.600000000,21.227508391204154,24,1.9060011475330654,3.385131582889567
164,9,19.37696461728183,73.20707626298508,2024-11-25 17:34:17.666666667,20.492699179293332,22,1.1082931538684844,3.973411965811972
165,9,19.377159560067824,73.20743424344427,2024-11-25 17:34:42.916666666,20.158053396545455,28,1.8150993529213,3.9552837606837654
166,9,19.377384329319987,73.2078158307283,2024-11-25 17:35:01.833333333,20.636610621438532,26,2.4061785247891216,3.973411965811972
167,9,19.377605029715543,73.20819036298863,2024-11-25 17:35:04.250000000,21.166475565843456,27,1.154619337050661,3.941352136752142
168,9,19.377805199971192,73.20854027393983,2024-11-25 17:35:06.583333333,21.317509650072104,20,0.8904477841066362,3.9384119658119716
169,9,19.377983837771616,73.20891403067833,2024-11-25 17:35:08.214285714,21.333024020137472,26,1.9871157848362757,3.959061538461544
170,9,19.37818361975824,73.20933116932213,2024-11-25 17:35:10.304347826,21.24929931741733,28,0.8917561987788701,3.959061538461544
171,9,19.37839667562703,73.2097333704869,2024-11-25 17:35:12.916666667,20.746955349794266,27,0.5422131100531582,3.9552837606837654
172,9,19.378615234184785,73.21012801366007,2024-11-25 17:35:14.916666667,20.32730523297499,31,0.8500918550529076,3.9552837606837654
173,9,19.378854467505064,73.21051440147858,2024-11-25 17:35:17.700000000,19.888227769726488,23,1.41641410785649,3.845548717948723
174,9,19.379095300587217,73.21087460861523,2024-11-25 17:35:19.833333333,19.457810699588517,27,2.7460215525845677,3.959061538461544
175,9,19.379335762556412,73.21123322911745,2024-11-25 17:35:21.760000000,19.143846222222354,35,1.3175391447747857,3.9552837606837654
176,9,19.37959102655494,73.21160973851258,2024-11-25 17:35:24.800000000,18.788298020434237,29,1.019249596467987,3.845548717948723
177,9,19.379854789057433,73.21199261092755,2024-11-25 17:35:27.100000000,18.419830255255228,37,1.0386171954534955,3.9384119658119716
178,9,19.380111448734155,73.21235865115318,2024-11-25 17:35:30.200000000,17.989812851037826,28,2.5505489000568797,3.959061538461544
179,9,19.380367710213633,73.21271771021364,2024-11-25 17:35:32.769230769,18.215499705275555,29,1.6366005035620814,3.402662445491019
180,9,19.380581542911926,73.21309232370014,2024-11-25 17:35:35.166666667,18.80772940612983,29,4.120085265107909,3.935548717948724
181,9,19.380752221053555,73.21347115772282,2024-11-25 17:35:37.666666667,19.98455626780572,26,1.506270541874536,3.807634188034192
182,9,19.380909562762547,73.21386107271164,2024-11-25 17:35:39.916666667,20.40666845721444,26,2.6491043777418746,3.845548717948723
183,9,19.381043179620555,73.21428134402642,2024-11-25 17:35:40.387096774,19.996231182794975,30,0.27910744757905753,3.9384119658119716
184,9,19.381180076366554,73.21472483704503,2024-11-25 17:35:40.870967742,19.058538883591616,29,0.13508982343349524,3.2333286606950487
185,9,19.38132901450589,73.21515204676408,2024-11-25 17:35:42.714285714,17.8954717906051,31,1.6104145688767408,3.9552837606837654
186,9,19.38146763145894,73.21556466140336,2024-11-25 17:35:45.538461538,17.090820520734283,36,3.36945182765219,3.2981270538984844
187,9,19.381563592123364,73.21594847146251,2024-11-25 17:35:48.583333333,17.943121527776924,24,2.6072582921428027,3.5214431885574773
188,9,19.381679286511314,73.21630793739345,2024-11-25 17:35:50.333333333,18.908780864197077,27,0.736258921376072,3.9552837606837654
189,9,19.381839677375304,73.21669238791941,2024-11-25 17:35:52.666666667,18.8073959876543,30,4.0820039076435854,3.5214431885574773
190,9,19.3819779101907,73.21708476406445,2024-11-25 17:35:55.166666667,19.401888301416637,24,4.71158355639187,3.8521470085470138
191,9,19.38212367071359,73.2174455336131,2024-11-25 17:35:57.083333333,19.608896558174337,27,1.0779556172741742,3.5214431885574773
192,9,19.382343825805968,73.21779382580598,2024-11-25 17:36:09.250000000,19.383881944444614,32,1.1191661358970164,3.941352136752142
193,9,19.3826029821325,73.21816479094,2024-11-25 17:36:42.000000000,18.632633736560013,31,1.3974380008171918,3.9552837606837654
194,9,19.382827062922416,73.21853325730171,2024-11-25 17:36:44.583333333,15.645177469136422,33,4.172464608144126,3.970548717948724
195,9,19.383064189647165,73.21885904616514,2024-11-25 17:36:47.500000000,14.028593511170609,42,0.5936229786902634,3.248414498106935
196,9,19.383338016562902,73.21919578334294,2024-11-25 17:36:50.480000000,14.709562910963495,46,1.8330152587602007,3.2354192671940574
197,9,19.38359917437841,73.21958111837263,2024-11-25 17:36:54.083333333,15.526055807165646,46,0.863930091845578,3.3696189080760535
198,9,19.38383844694811,73.2199603714875,2024-11-25 17:36:58.166666667,16.39426568623838,42,0.22697508861104507,3.9552837606837654
199,9,19.38406409232615,73.2203285303195,2024-11-25 17:37:01.360000000,17.0153081307868,32,4.816484125574306,3.959061538461544
200,9,19.384280192273465,73.22069735388779,2024-11-25 17:37:04.250000000,17.72739125881824,35,0.920736916011942,3.9552837606837654
201,9,19.384448105905047,73.22105083539485,2024-11-25 17:37:06.846153846,18.274345560303765,24,1.9743098034051891,3.8521470085470138
202,9,19.38462866864859,73.22139853235262,2024-11-25 17:37:09.142857143,18.91250499231946,31,1.5022938368789418,3.971275213675219
203,9,19.384854202066265,73.22177444888706,2024-11-25 17:37:11.800000000,19.020589907407825,25,1.6082230909182473,3.9384119658119716
204,9,19.38504904882864,73.22215991287358,2024-11-25 17:37:13.833333333,18.481708116319478,32,1.4211685008682073,3.935548717948724
205,9,19.385230004551662,73.22253775599003,2024-11-25 17:37:16.583333333,19.266132850241032,23,2.352344765894574,3.7383662654805563
206,9,19.385431666783845,73.22290930723298,2024-11-25 17:37:18.416666667,19.88054761334569,29,0.5134623431990541,3.6352239316239343
207,9,19.38562921611765,73.22328456448889,2024-11-25 17:37:20.642857143,19.01703853174604,35,1.7322266616010524,3.9552837606837654
208,9,19.385779965761486,73.22365767368359,2024-11-25 17:37:23.700000000,17.964453427128486,21,3.882082493032322,3.7383662654805563
209,9,19.385969781266382,73.22402494151211,2024-11-25 17:37:25.583333333,18.221660498211364,36,1.1067805857430832,3.9552837606837654
210,9,19.386172400422037,73.22441232783423,2024-11-25 17:37:28.583333333,19.16234708888696,26,4.593472151778636,3.973411965811972
211,9,19.386338077259232,73.22482809525181,2024-11-25 17:37:30.642857143,19.143459690106095,27,1.124447718885622,3.971275213675219
212,9,19.3865312840637,73.22525596057338,2024-11-25 17:37:32.916666667,18.76066846707834,41,0.6903278198739882,3.6352239316239343
213,9,19.386731869792047,73.22566779490725,2024-11-25 17:37:36.333333333,18.380079538198178,29,2.7691489256885005,3.9552837606837654
214,9,19.386913861899355,73.226030361331,2024-11-25 17:37:39.000000000,18.773169815437807,27,0.25519001209122627,3.959061538461544
215,9,19.387083989706213,73.22639647351875,2024-11-25 17:38:21.250000000,19.543543691389452,23,1.1272026809161755,3.935548717948724
216,9,19.38727902120805,73.22678909472985,2024-11-25 17:38:23.000000000,19.77543284840811,31,1.7373953304351033,3.9552837606837654
217,9,19.387513165071187,73.22717058302604,2024-11-25 17:38:25.545454545,20.006757391845564,35,2.711308765394312,3.6352239316239343
218,9,19.38778093019166,73.22752150747468,2024-11-25 17:38:28.833333333,20.244924972766768,22,7.825577110708796,3.9552837606837654
219,9,19.38806821328562,73.22783829589305,2024-11-25 17:38:30.166666667,20.386446769938853,30,1.303155426667633,3.9552837606837654
220,9,19.388378920032963,73.22816237956079,2024-11-25 17:38:32.411764706,20.549887612854487,29,0.16336091096880753,3.7433521367521423
221,9,19.38870146277393,73.22849452213654,2024-11-25 17:38:35.000000000,20.77369035947708,20,0.5156520114824468,3.935548717948724
222,9,19.389023608302693,73.22882688132412,2024-11-25 17:38:36.833333333,20.91918646792809,24,0.6122621225644573,3.2047255025086967
223,9,19.389344107694903,73.22914874675327,2024-11-25 17:38:39.000000000,18.950801039557366,39,0.3663736898189036,3.941352136752142
224,9,19.389661007052467,73.22947449064715,2024-11-25 17:38:42.166666667,17.602659755996097,27,0.7483733086646588,3.9384119658119716
225,9,19.38997016154235,73.22978728112217,2024-11-25 17:38:44.500000000,18.153697402263166,36,1.3101516980622763,3.941352136752142
226,9,19.390253717049752,73.23009785708646,2024-11-25 17:38:47.100000000,19.09729578189299,27,4.174135496476379,3.959061538461544
227,9,19.390516000637945,73.23040620524779,2024-11-25 17:38:49.666666667,19.12085819444461,25,4.680136321525086,3.8521470085470138
228,9,19.390802673990805,73.23071442247377,2024-11-25 17:38:51.666666667,18.688459854497605,35,0.8963065687450815,3.407648316762604
229,9,19.391084690438944,73.23105818266939,2024-11-25 17:38:54.666666667,18.43174074074035,26,2.065996549633596,3.9552837606837654
230,9,19.391343334901467,73.23140821496293,2024-11-25 17:38:56.750000000,19.321129395809844,33,2.1216281141537685,3.959061538461544
231,9,19.391613821226734,73.23177064540322,2024-11-25 17:38:59.250000000,20.307714664000816,28,0.39289909318625266,3.971275213675219
232,9,19.391878280610204,73.23214449092865,2024-11-25 17:39:01.636363636,21.251977076318244,25,0.4868709652689324,3.935548717948724
233,9,19.392137390634414,73.2325030970595,2024-11-25 17:39:03.833333333,22.107085143069757,24,2.4371139043177834,3.845548717948723
234,9,19.392414558349724,73.23284912739796,2024-11-25 17:39:06.000000000,22.01207644313532,25,0.898261603314276,3.973411965811972
235,9,19.392695340013894,73.23317267234081,2024-11-25 17:39:08.083333333,21.382733020451845,26,0.3107573140960511,3.973411965811972
236,9,19.392995342946218,73.23348550138854,2024-11-25 17:39:09.928571429,21.58723789595255,31,1.1480964975032621,3.9552837606837654
237,9,19.393294337125408,73.23378638516537,2024-11-25 17:39:12.800000000,21.681138933191722,19,5.507465946113399,3.845548717948723
238,9,19.393566976195906,73.2340648130414,2024-11-25 17:39:14.083333333,21.447265046296547,22,2.7415391943395417,3.971275213675219
239,9,19.393827686025084,73.23437629417558,2024-11-25 17:39:16.083333333,21.28603124999995,32,2.924743689293152,3.8098581196581254
240,9,19.39429549871151,73.23499885196838,2024-11-25 17:40:00.666666667,21.357676656919892,19,0.5147823576653088,3.971275213675219
241,9,19.394516457699233,73.23538225082147,2024-11-25 17:40:02.000000000,21.41141983618231,30,0.8569891307064389,3.83564273504274
242,9,19.39474715011885,73.23576483503265,2024-11-25 17:40:04.461538462,21.45887080867845,26,1.0896247215216117,3.959061538461544
243,9,19.394977645052176,73.23615585416704,2024-11-25 17:40:06.833333333,21.40417739446499,31,0.713558595711509,3.959061538461544
244,9,19.39521675643247,73.23654496554734,2024-11-25 17:40:09.066666667,19.578517241380567,29,0.4035571866781139,3.973411965811972
245,9,19.395468805275875,73.23691934438386,2024-11-25 17:40:11.833333333,16.748129464286567,28,0.5304686724987693,3.9552837606837654
246,9,19.395676342374816,73.23727714345299,2024-11-25 17:40:13.750000000,17.249598941798588,35,2.210610332000884,3.402662445491019
247,9,19.395865575788246,73.23765128572737,2024-11-25 17:40:16.833333333,17.790293981481227,24,1.8646295781327484,3.959061538461544
248,9,19.39607334104158,73.23805321213604,2024-11-25 17:40:18.833333333,18.78386496913508,36,1.6190483650005756,3.9552837606837654
249,9,19.396243793169404,73.23845231294428,2024-11-25 17:40:21.750000000,20.61170197074325,31,0.7743494424292527,3.9552837606837654
250,9,19.396420093232585,73.23885977221178,2024-11-25 17:40:24.285714286,21.147478366573733,28,1.2020024444670916,3.959061538461544
251,9,19.396586148950213,73.2392863417129,2024-11-25 17:40:26.700000000,20.965230558561895,24,1.9050260667059542,3.973411965811972
252,9,19.396749778242118,73.2397150868945,2024-11-25 17:40:28.666666667,21.079955150944766,26,0.5601091701101917,3.959061538461544
253,9,19.39694672234856,73.24014242166764,2024-11-25 17:40:30.583333333,21.754594509548376,32,0.6777572200683412,3.9495316239316285
254,9,19.397140639061153,73.24056354100262,2024-11-25 17:40:33.416666667,22.508276009516305,24,1.6029716998425292,3.845548717948723
255,9,19.397336859616097,73.24097993277903,2024-11-25 17:40:35.500000000,23.068669722221944,25,1.1678796670542722,3.9384119658119716
256,9,19.397532085526226,73.24138807350676,2024-11-25 17:40:37.583333333,23.468805462962763,25,0.537869949147785,3.9552837606837654
257,9,19.397720059438036,73.24177222519235,2024-11-25 17:40:39.444444444,23.83528472222211,20,3.538234958688042,3.845548717948723
258,9,19.397890455805303,73.24214966510434,2024-11-25 17:40:41.500000000,24.311383627946018,22,2.4112204784972198,3.845548717948723
259,9,19.398075753672607,73.24255019812915,2024-11-25 17:40:43.083333333,24.77214861111087,20,0.6287503859925273,3.973411965811972
260,9,19.39829570847234,73.24295094775945,2024-11-25 17:40:44.900000000,25.306100475771995,23,0.5133084198220712,3.935548717948724
261,9,19.39852177601398,73.24332344874956,2024-11-25 17:40:47.000000000,25.442985722943707,25,2.2480227101856727,3.9384119658119716
262,9,19.3987788122024,73.24368852009508,2024-11-25 17:40:48.714285714,25.29829049422793,22,0.9333729856294939,3.971275213675219
264,9,19.399252178345982,73.24436756185182,2024-11-25 17:40:52.166666667,24.01716959064454,19,2.3774322443870277,3.971275213675219
265,9,19.399500645944375,73.24467177620421,2024-11-25 17:40:54.000000000,21.693258620690905,29,0.6202070208970983,3.9552837606837654
266,9,19.399753007780028,73.2450087745506,2024-11-25 17:40:56.500000000,19.225366992631116,28,3.386896810566247,3.9552837606837654
267,9,19.40001981419737,73.2453624289914,2024-11-25 17:40:58.571428571,17.75942559523785,36,0.9452340069772092,3.778266666666669
268,9,19.4003026906598,73.24570875601412,2024-11-25 17:41:34.628571429,16.563025411375527,35,0.6525957631883429,3.970548717948724
269,9,19.400573635379892,73.24606504199208,2024-11-25 17:41:44.500000000,17.213976494107737,33,0.7345915329376465,3.959061538461544
270,9,19.400812850362733,73.24643970059446,2024-11-25 17:41:47.200000000,18.22119729080923,27,1.5113324032164157,3.970548717948724
271,9,19.401075268263845,73.24678938693492,2024-11-25 17:41:49.666666667,19.42866910204437,32,0.8287838796690851,3.959061538461544
272,9,19.40135575656495,73.24715199009822,2024-11-25 17:41:52.500000000,20.444958819444313,28,1.6468241241457855,3.973411965811972
273,9,19.40161981712153,73.24753448157549,2024-11-25 17:41:54.680000000,20.690464814814806,29,0.27183882239912976,3.971275213675219
275,9,19.402127716908026,73.2482136204246,2024-11-25 17:41:58.800000000,21.133333680555523,28,6.561357289049446,3.8521470085470138
276,9,19.402377016489503,73.24855368703706,2024-11-25 17:42:01.000000000,21.64640259259282,25,6.18046713505147,3.959061538461544
277,9,19.40263563271197,73.24891644774308,2024-11-25 17:42:03.363636364,23.082158062102458,18,2.7244900893930253,3.971275213675219
278,9,19.402902685650194,73.24926998418829,2024-11-25 17:42:05.000000000,24.147601931672323,29,3.3382847969861134,3.9552837606837654
279,9,19.40316468098192,73.24961618850314,2024-11-25 17:42:07.333333333,23.740050453514936,21,1.0535805721961897,3.971275213675219
280,9,19.403411317398955,73.24996951561202,2024-11-25 17:42:08.928571429,23.326548730158866,25,1.021134883832006,3.973411965811972
281,9,19.403661915399972,73.250319293561,2024-11-25 17:42:11.200000000,23.106405092591963,20,1.1355318215407852,3.9384119658119716
282,9,19.403933954663835,73.25067247433503,2024-11-25 17:42:13.000000000,23.34061482812828,28,1.5196879710888225,3.973411965811972
283,9,19.404207314695988,73.25103802463858,2024-11-25 17:42:15.181818182,22.807424285353722,25,1.6247647958162463,3.9384119658119716
284,9,19.40448891223795,73.25137691223665,2024-11-25 17:42:17.200000000,21.90562841880404,26,2.423277253678291,3.9384119658119716
285,9,19.404761807909317,73.25173003310007,2024-11-25 17:42:19.583333333,20.89569024348425,27,0.15216395185268405,3.959061538461544
286,9,19.40502708516583,73.25211156087242,2024-11-25 17:42:21.750000000,20.901942337801074,25,0.7960739877783081,3.935548717948724
287,9,19.405305243780283,73.25247149429613,2024-11-25 17:42:23.900000000,20.866715953580396,31,1.2956926489328813,3.9384119658119716
288,9,19.405568747155705,73.25283723016312,2024-11-25 17:42:26.666666667,21.491380594135208,24,0.49537886666270164,3.973411965811972
289,9,19.405819688128293,73.2531963667578,2024-11-25 17:42:28.750000000,22.112444288639665,26,3.2534256107529136,3.8521470085470138
290,9,19.406078651388594,73.25354882181588,2024-11-25 17:42:30.666666667,22.03274942129633,26,0.46379003528603074,3.959061538461544
291,9,19.40631694554252,73.25384338622679,2024-11-25 17:42:33.083333333,21.8933892746915,18,2.151845577798913,3.935548717948724
292,9,19.40654527405131,73.25414250548971,2024-11-25 17:42:34.500000000,20.47835168075649,30,1.3033183025849646,3.9552837606837654
293,9,19.406805409385125,73.25451318040713,2024-11-25 17:42:36.869565217,15.648583278437286,33,1.0833485179640425,3.970548717948724
294,9,19.40707148356654,73.25480602662,2024-11-25 17:43:13.166666666,10.372730727822935,43,5.530745080871941,3.1722285139696895
295,9,19.407290930325964,73.25500953759077,2024-11-25 17:43:24.000000000,7.291490012001433,54,1.016370507422205,2.938521332635618
296,9,19.40748554521341,73.25528357395875,2024-11-25 17:43:28.250000000,10.706927751067978,52,2.381525818677736,3.834215384615387
297,9,19.40770447763397,73.25561725234385,2024-11-25 17:43:31.840000000,10.788340912868051,39,1.1366851732202996,3.1686759237028137
298,9,19.407916969083836,73.25590264405452,2024-11-25 17:43:35.916666667,10.3171782407409,27,5.510633489800538,3.653947462061751
299,9,19.408161290197462,73.25617314952956,2024-11-25 17:43:36.750000000,10.10651128472238,46,3.8706947345624756,3.390462899005758
300,9,19.40842209122169,73.2564720912217,2024-11-25 17:43:40.666666667,7.467747020418159,65,0.404239494680467,2.9895768769046076
301,9,19.40861483513997,73.25673424599447,2024-11-25 17:43:43.920000000,3.3103277198036323,111,2.200632327350828,3.0248720062383914
302,9,19.40879401018306,73.2570074684933,2024-11-25 17:43:54.666666667,8.591012613778776,59,1.0278248240794372,3.1227148828762274
303,9,19.40903966478495,73.2573637502549,2024-11-25 17:43:59.250000000,11.961177822103195,47,0.8523751563307211,3.9552837606837654
304,9,19.409308283933054,73.25768832194724,2024-11-25 17:44:02.909090909,14.742782839657519,37,2.6131552991487017,3.9552837606837654
305,9,19.409547432689664,73.25802240626965,2024-11-25 17:44:06.500000000,15.000986879960465,35,0.6160144931345078,3.4263068899354643
306,9,19.40974490444452,73.25838956693346,2024-11-25 17:44:09.750000000,13.883250578704025,59,7.074927002910743,3.1223896450888047
307,9,19.409913173307594,73.2586881301535,2024-11-25 17:44:14.416666667,12.274171942909334,98,1.4820907425357575,3.1253285401340007
308,9,19.41010471771694,73.25892188881662,2024-11-25 17:45:01.727272727,11.348027338590244,40,0.5115763496899648,3.9552837606837654
309,9,19.41030686268222,73.2592147306662,2024-11-25 17:45:05.692307692,13.648327387981174,38,0.12193611600763535,3.9845572649572705
310,9,19.410488925958965,73.25953489078022,2024-11-25 17:45:08.857142857,16.558498550060214,26,3.5102042164735487,3.973411965811972
311,9,19.41069305129889,73.25984292713443,2024-11-25 17:45:10.900000000,18.830918350723817,27,2.0922181861520253,3.9552837606837654
312,9,19.41093529210938,73.26019288472523,2024-11-25 17:45:13.285714286,20.8239192019399,33,2.8045231490510063,3.1887352541016414
313,9,19.41144606475704,73.26095486007023,2024-11-25 17:45:17.363636364,22.817759438520994,27,1.1066051797599457,3.9845572649572705
314,9,19.411679619004605,73.26135152185503,2024-11-25 17:45:19.833333333,22.61294518518585,25,0.18643877365074887,3.971275213675219
315,9,19.411888057937993,73.26174353113558,2024-11-25 17:45:21.833333333,21.240512400793953,28,0.11337512323438495,3.9845572649572705
316,9,19.412101283188754,73.26213796625933,2024-11-25 17:45:24.000000000,19.48221851851845,27,0.8999166437319809,3.973411965811972
317,9,19.412311128035807,73.26252572319794,2024-11-25 17:45:26.400000000,17.392324158249572,33,0.7675494871090104,3.9552837606837654
318,9,19.412484135334857,73.26291383605852,2024-11-25 17:45:29.250000000,16.553341385723375,36,0.8808781140041321,3.6732652630282883
319,9,19.412659316210434,73.2633306846762,2024-11-25 17:45:32.153846154,17.2377835949762,35,1.001502104012463,3.3112915879172182
320,9,19.412834196176433,73.26375603121943,2024-11-25 17:45:35.000000000,18.027702687144767,27,5.115639594834588,3.959061538461544
321,9,19.41299623686968,73.26418767563838,2024-11-25 17:45:37.416666667,19.162593749999566,36,0.23580548828339168,3.941352136752142
322,9,19.413153249285962,73.26462862135888,2024-11-25 17:45:40.416666667,20.134645392415838,29,1.4529900479796403,3.9552837606837654
323,9,19.4132956681523,73.26504425766555,2024-11-25 17:45:42.833333333,20.971940932248707,26,4.663907866900887,3.959061538461544
324,9,19.413432772383562,73.26546746611061,2024-11-25 17:45:45.142857143,21.73316829554035,25,0.4594359700001087,3.8098581196581254
325,9,19.413563735527205,73.26592344429079,2024-11-25 17:45:47.083333333,22.482523974867277,26,0.5172153631577184,3.8521470085470138
326,9,19.413677162717626,73.2663774523514,2024-11-25 17:45:49.250000000,23.293065498236178,27,0.6608878348835224,3.9552837606837654
327,9,19.413768968847123,73.26681500999393,2024-11-25 17:45:51.700000000,24.09902162698368,18,2.1822733688258555,3.845548717948723
328,9,19.413859385139922,73.26723671960761,2024-11-25 17:45:53.083333333,24.757382314814432,25,3.293485818198051,3.935548717948724
329,9,19.413964362634214,73.26765744337635,2024-11-25 17:45:55.250000000,24.83665137804044,27,1.919173824848203,3.9384119658119716
330,9,19.414046046323655,73.2681058396565,2024-11-25 17:46:13.959183673,24.040330498865814,19,0.7616513379417702,3.9384119658119716
331,9,19.414102751660785,73.2685760051614,2024-11-25 17:46:31.020408163,23.34886731859445,20,0.41331584826781037,3.9384119658119716
332,9,19.414162690396836,73.2689772153404,2024-11-25 17:46:41.083333333,22.579210262346162,18,1.3094643162878663,3.935548717948724
333,9,19.414204623244274,73.26937437306017,2024-11-25 17:46:42.666666667,22.34371266436546,26,0.6220388568825594,3.845548717948723
334,9,19.414248435147694,73.26979250193119,2024-11-25 17:46:44.800000000,22.633600440811495,19,3.8682163603686286,3.9384119658119716
335,9,19.41428700547567,73.27016735619654,2024-11-25 17:46:46.583333333,22.518625372514315,23,0.7388352084045275,3.9384119658119716
336,9,19.414296804990045,73.27058881672563,2024-11-25 17:46:48.357142857,21.231372420635157,27,1.829090323608143,3.971275213675219
337,9,19.41431629623058,73.27106174649927,2024-11-25 17:46:50.750000000,19.230954166667242,26,0.8407158852070564,3.935548717948724
338,9,19.41436371000922,73.27146544042125,2024-11-25 17:46:53.076923077,17.304563928091937,31,0.801476471167817,3.767728205128209
339,9,19.414388840451608,73.27186838358584,2024-11-25 17:46:55.583333333,15.44637717013991,28,2.0369964739881516,3.3869763823478105
340,9,19.41439142667297,73.27233245432953,2024-11-25 17:46:57.833333333,13.499469627976936,35,1.2691708439395866,3.941352136752142
341,9,19.41444255316515,73.2726974877679,2024-11-25 17:47:01.083333333,6.302733691078604,66,0.12253706313734716,3.6737025641025642
342,9,19.414488335273308,73.27304427784601,2024-11-25 17:47:06.666666667,7.353506767290024,64,1.2281331220354819,3.685206837606839
343,9,19.41454578210816,73.27345643750532,2024-11-25 17:47:11.571428571,12.24963855542136,34,3.9775387159213476,3.9552837606837654
344,9,19.414633053853514,73.27386287809782,2024-11-25 17:47:14.666666667,15.247731856855673,37,2.4151562364673334,3.9552837606837654
345,9,19.414712023396042,73.27427756802862,2024-11-25 17:47:17.750000000,17.231732843136598,34,1.0865541488663262,3.959061538461544
346,9,19.414833207808528,73.27469255010062,2024-11-25 17:47:20.583333333,18.24604042742219,33,3.2417631805019873,3.9552837606837654
347,9,19.415015355937122,73.27506956162918,2024-11-25 17:47:23.083333333,19.339507716048804,29,1.60167543649928,3.973411965811972
348,9,19.415215972127957,73.27542871282157,2024-11-25 17:47:25.500000000,20.333753600822433,23,0.7760013305572938,3.8098581196581254
349,9,19.415433544183507,73.27579463706647,2024-11-25 17:47:27.583333333,21.331291548821145,25,1.59181133097002,3.971275213675219
350,9,19.415685396734133,73.27614275331722,2024-11-25 17:47:29.800000000,21.580030824550278,23,3.2588792669596662,3.973411965811972
351,9,19.415926255467078,73.27647485182828,2024-11-25 17:47:31.583333333,20.900230599647017,21,3.731977363808897,3.973411965811972
352,9,19.416217146438385,73.27676714643837,2024-11-25 17:47:33.583333333,21.417851851851367,30,1.5312095541826658,3.9552837606837654
353,9,19.416554465001088,73.2770266059043,2024-11-25 17:47:36.000000000,22.21668603801121,19,1.37505366720307,3.7383662654805563
354,9,19.416896413376193,73.27729348130032,2024-11-25 17:47:37.666666667,23.03853554131047,26,0.43772099894276983,3.845548717948723
355,9,19.417242769557753,73.27755463365231,2024-11-25 17:48:20.000000000,23.601842592592593,26,2.744871902329836,3.935548717948724
356,9,19.41755796297752,73.27781369573574,2024-11-25 17:48:21.840000000,23.604927942387782,18,1.454353692979098,3.845548717948723
357,9,19.41788736884953,73.27805616453412,2024-11-25 17:48:23.583333333,22.695223118279955,31,0.3843860803315922,3.935548717948724
358,9,19.418217117187293,73.2783171171873,2024-11-25 17:48:25.916666667,21.517361111111732,25,2.3561890147850835,3.7254393162393207
359,9,19.418552045395053,73.27859677820996,2024-11-25 17:48:28.200000000,20.39132216305922,25,2.463531958890011,3.959061538461544
360,9,19.41890935122055,73.27884782535793,2024-11-25 17:48:30.500000000,20.484347402597844,24,3.1347862832776814,3.941352136752142
361,9,19.419254392947213,73.27912243572862,2024-11-25 17:48:32.272727273,21.749229545454007,30,1.4992250990973113,3.973411965811972
362,9,19.419598028592027,73.27941291756224,2024-11-25 17:48:34.916666667,23.177999999999344,23,1.847357912479949,3.845548717948723
363,9,19.41992639813984,73.27970662578585,2024-11-25 17:48:36.750000000,24.329099999999492,23,0.8187414197605233,3.959061538461544
364,9,19.420216064475852,73.27999809124228,2024-11-25 17:48:38.800000000,24.868780124223754,23,4.818987799008378,3.971275213675219
365,9,19.420825571986768,73.28056611461204,2024-11-25 17:48:42.166666667,23.336111111111496,22,1.680047290299944,3.9384119658119716
366,9,19.421113079313074,73.28085850505875,2024-11-25 17:48:44.000000000,22.09922602513201,24,0.9644873439281112,3.9844803418803485
367,9,19.42137591559873,73.28115149600208,2024-11-25 17:48:45.857142857,19.73857357910927,31,5.412151924956775,3.959061538461544
368,9,19.421657535298884,73.28146420092455,2024-11-25 17:48:48.333333333,19.178775000000122,32,1.7081603289234857,3.959061538461544
369,9,19.42196377556751,73.28178074063948,2024-11-25 17:48:51.100000000,18.97787642450152,26,1.6045181029795539,3.959061538461544
370,9,19.422234140624195,73.2821030072303,2024-11-25 17:48:53.583333333,18.491217840608698,28,1.6123401240663735,3.935548717948724
371,9,19.422491862661847,73.28243271234867,2024-11-25 17:48:55.416666667,17.456182913237505,36,2.1490226529368837,3.970548717948724
372,9,19.422778579280326,73.28276086180736,2024-11-25 17:48:58.400000000,15.263370912698987,35,1.413408567235639,3.9844803418803485
373,9,19.423049900128714,73.2831189103344,2024-11-25 17:49:01.750000000,10.9978107993198,49,0.16069458098520067,3.9858564102564156
374,9,19.423290970589328,73.2834803420777,2024-11-25 17:49:06.166666667,12.570847468478775,47,1.4310466491919116,3.959061538461544
375,9,19.42351642403219,73.28382104734077,2024-11-25 17:49:09.909090909,15.0788916596519,30,0.6547968567470164,3.941352136752142
376,9,19.423713177888157,73.28417806006367,2024-11-25 17:49:12.833333333,15.7114191984952,32,2.724268900702594,3.973411965811972
377,9,19.42389380989069,73.28451930292883,2024-11-25 17:49:15.083333333,16.202062724014134,31,0.9998056079620804,3.959061538461544
378,9,19.424087204287154,73.28487772608224,2024-11-25 17:49:18.000000000,16.808628787878853,33,1.0855301965763655,3.971275213675219
379,9,19.424269315206775,73.28523220972181,2024-11-25 17:50:01.000000000,17.34337246472657,27,4.052197124220181,3.845548717948723
380,9,19.424478620352694,73.28556706675619,2024-11-25 17:50:02.714285714,17.294466333503145,34,1.7672756257959008,3.958411965811972
381,9,19.424675128300066,73.28590776429948,2024-11-25 17:50:05.900000000,17.331662433630907,26,2.882864005880214,3.935548717948724
382,9,19.424822237282562,73.2862293020552,2024-11-25 17:50:07.833333333,15.843659744771104,28,1.4554345797268342,3.973411965811972
383,9,19.424974023040825,73.2865696526091,2024-11-25 17:50:10.250000000,14.987037675138426,31,3.4282392025535793,3.9845572649572705
384,9,19.42505115606943,73.28692168406451,2024-11-25 17:50:12.416666667,15.428529533845749,29,2.538655147276306,3.973411965811972
385,9,19.42511350533949,73.28728403333456,2024-11-25 17:50:15.071428571,15.106698563011195,36,2.4101372476974996,3.973411965811972
386,9,19.425197777756736,73.28766475014639,2024-11-25 17:50:17.666666667,17.477217009183438,41,3.5683753491000743,3.9552837606837654
387,9,19.425338049830714,73.2880523160035,2024-11-25 17:50:20.916666667,18.819113695987607,20,0.6611124048513939,3.973411965811972
388,9,19.425601788735527,73.28840060058636,2024-11-25 17:50:22.833333333,19.35248740740699,25,0.2086227983406462,3.959061538461544
389,9,19.425932553798383,73.28868407186607,2024-11-25 17:50:24.833333333,20.178184044470758,32,3.0840780839349313,3.9552837606837654
390,9,19.42630032455402,73.2889281197229,2024-11-25 17:50:27.230769231,20.637892998027613,26,2.031543958762762,3.9384119658119716
391,9,19.426679465942478,73.28914575354574,2024-11-25 17:50:29.500000000,20.413039351852117,30,2.57131782516382,3.935548717948724
392,9,19.427032099020515,73.28936682600921,2024-11-25 17:50:32.083333333,19.78304380341933,26,3.065999560937901,3.9384119658119716
393,9,19.427346670417112,73.28964320165366,2024-11-25 17:50:34.000000000,18.146161001463014,38,0.8106685667402732,3.845548717948723
394,9,19.42763727118688,73.28998272669762,2024-11-25 17:50:37.250000000,15.899967354911192,32,1.5291748434438324,3.959061538461544
395,9,19.427889753080077,73.29033491190859,2024-11-25 17:50:39.428571429,15.53077259875538,40,2.4831911242152533,3.935548717948724
396,9,19.428132253715233,73.29070001024013,2024-11-25 17:50:43.333333333,16.382977974186023,33,1.2763988583861383,3.970548717948724
397,9,19.42838088877277,73.29104864529768,2024-11-25 17:50:45.416666667,17.571887132822052,29,2.4622812664159714,3.959061538461544
398,9,19.42868492119097,73.29133492119097,2024-11-25 17:50:48.250000000,19.391965784142663,32,1.3741899688806747,3.845548717948723
399,9,19.429050466162906,73.29159052795839,2024-11-25 17:50:50.833333333,21.21234716286756,39,0.9780682731437937,3.9552837606837654
400,9,19.4298290413487,73.29202029947795,2024-11-25 17:50:55.217391304,23.612632711502442,22,1.663098583764747,3.9384119658119716
401,9,19.430186847645388,73.29222741732517,2024-11-25 17:50:57.250000000,23.978808056295566,20,0.537976487573244,3.935548717948724
402,9,19.430536776679915,73.29244827945372,2024-11-25 17:50:58.923076923,23.9327000617518,29,6.27302234587029,3.959061538461544
403,9,19.430903496279427,73.2926362046031,2024-11-25 17:51:41.166666667,23.909245039682556,24,1.568211607708809,3.971275213675219
404,9,19.43128964484705,73.29279661605301,2024-11-25 17:51:43.333333333,23.883393849206364,26,1.297698334790445,3.8521470085470138
405,9,19.4316929397721,73.29296136193187,2024-11-25 17:51:45.333333333,23.858978835978853,29,2.1827137474320506,3.935548717948724
406,9,19.43209226577101,73.29315695571339,2024-11-25 17:51:47.750000000,23.831215282163566,29,1.6209118109846148,3.9552837606837654
407,9,19.432469217897005,73.29339726868571,2024-11-25 17:51:50.153846154,23.80423648302528,29,0.6840119298318862,3.845548717948723
408,9,19.432824841093208,73.29367303034738,2024-11-25 17:51:52.500000000,23.78142526455028,19,0.6257677785837681,3.973411965811972
409,9,19.433175438087297,73.29397150236531,2024-11-25 17:51:54.083333333,23.76005494708995,25,0.913757210381118,3.941352136752142
410,9,19.433502678605528,73.29423839620571,2024-11-25 17:51:56.333333333,23.736023495233727,22,2.2969497214903516,3.935548717948724
411,9,19.43403262773058,73.29473450133173,2024-11-25 17:51:59.916666667,24.204005613213685,21,3.342535652563561,3.971275213675219
412,9,19.43433226293351,73.29502192445881,2024-11-25 17:52:01.461538462,24.680405679389843,22,0.30825716066090225,3.973411965811972
413,9,19.43465378413252,73.29533551716383,2024-11-25 17:52:03.250000000,25.191234590698446,20,1.2012749129050764,3.973411965811972
414,9,19.43496444885653,73.29561949050705,2024-11-25 17:52:05.000000000,25.297937233445904,21,0.9109577283621761,3.935548717948724
415,9,19.43527641040711,73.29589812443325,2024-11-25 17:52:06.833333333,24.952010817307762,26,1.6563892292086988,3.973411965811972
416,9,19.435579768008907,73.29615290603782,2024-11-25 17:52:08.750000000,24.883190325877887,21,2.5499255342136036,3.9384119658119716
417,9,19.43586846230655,73.29643423300455,2024-11-25 17:52:10.700000000,24.99365020980439,19,2.9121694012269703,3.9384119658119716
418,9,19.43617225518024,73.29677043796232,2024-11-25 17:52:12.214285714,25.0782159026488,28,0.7740481146900119,3.935548717948724
419,9,19.436801502851246,73.29736391727516,2024-11-25 17:52:16.076923077,23.691916867955623,23,0.8985965712523377,3.845548717948723
420,9,19.43707205538185,73.29762988333538,2024-11-25 17:52:17.833333333,21.970414473684478,19,3.3655487144146115,3.9384119658119716
421,9,19.437373358183443,73.29790778191433,2024-11-25 17:52:19.750000000,21.265611500001345,25,2.645330436767431,3.218929567724527
422,9,19.437702539526956,73.29820743594436,2024-11-25 17:52:21.833333333,20.034528866953732,33,0.8289923053146371,3.2975906819137912
423,9,19.43799724890409,73.29849704007273,2024-11-25 17:52:24.750000000,19.365561755373264,26,5.335998894868135,3.431306889935464
424,9,19.438293969595243,73.298780822809,2024-11-25 17:52:26.500000000,20.19110838293604,28,0.6187114646680646,3.2533490750146212
425,9,19.438617061623702,73.2990790304116,2024-11-25 17:52:28.833333333,20.50133307613189,27,2.9035035776016844,3.3435399539302897
426,9,19.43890063651886,73.299375752093,2024-11-25 17:52:31.083333333,18.47900502873747,29,4.958126230377416,3.653947462061751
427,9,19.43918069003333,73.29963494473151,2024-11-25 17:52:33.166666667,15.068652595030457,38,0.3789190678708085,3.2533490750146212
428,9,19.43945981567785,73.299893384223,2024-11-25 17:52:36.416666667,11.946931737589086,47,2.567114607534621,3.40558412903623
429,9,19.439712985745857,73.30018030480684,2024-11-25 17:53:20.250000000,10.689665810293128,46,5.143437436992105,3.6352239316239343
430,9,19.440025207753763,73.30045224346324,2024-11-25 17:53:24.181818182,11.905879921599736,41,3.373090219189583,3.9552837606837654
431,9,19.440353803265005,73.30071949032441,2024-11-25 17:53:27.216216216,12.980421038696436,38,0.8486029654964694,3.2020552590266886
432,9,19.440654719743335,73.30101012153096,2024-11-25 17:53:31.166666667,13.933384355709485,32,1.5972507651321826,3.2381049383856113
433,9,19.440964955426736,73.30131076129925,2024-11-25 17:53:34.083333333,13.740444490733298,41,2.2417466920587286,3.9552837606837654
434,9,19.44128046813574,73.301605619974,2024-11-25 17:53:37.304347826,10.604135840988588,50,1.9880214100879543,5.474418428396999
435,9,19.441607625148126,73.30191608714061,2024-11-25 17:53:41.727272727,12.820629041132667,44,0.2795702310273739,3.982078632478638
436,9,19.441936250812653,73.3022403027067,2024-11-25 17:53:45.888888889,15.293125587581322,33,0.7993040797367408,3.9552837606837654
437,9,19.44225635368482,73.30256194042869,2024-11-25 17:53:48.800000000,17.5729832803639,34,1.1532124475837242,3.959061538461544
438,9,19.442560023785823,73.30290098846055,2024-11-25 17:53:52.047619048,19.45332315880988,19,0.3613583873017375,3.973411965811972
439,9,19.44285560435118,73.30324642443077,2024-11-25 17:53:53.818181818,21.057756602912235,29,2.2397544446418354,3.209387685330544
440,9,19.44339430998737,73.30398656810158,2024-11-25 17:53:58.000000000,23.48636612852164,30,1.5435278153009917,3.959061538461544
441,9,19.443651073821663,73.30434430235152,2024-11-25 17:54:00.666666667,22.80154728836029,19,2.7330949480612157,3.971275213675219
442,9,19.443861517781045,73.30468469193578,2024-11-25 17:54:02.250000000,22.073408730159258,19,1.1963617776897022,3.935548717948724
443,9,19.444055135806217,73.30504850281409,2024-11-25 17:54:03.833333333,21.17281630291067,28,1.0719276407375211,3.9552837606837654
444,9,19.44425162417669,73.30546498420256,2024-11-25 17:54:06.250000000,20.03037415540553,30,0.5125631005782619,3.9552837606837654
445,9,19.444431634020276,73.30590146641148,2024-11-25 17:54:08.621621622,18.88173178274231,33,1.2075712981326054,3.970548717948724
446,9,19.444598421810497,73.3062997855912,2024-11-25 17:54:11.652173913,17.432104480498285,29,2.0342774450770387,3.935548717948724
447,9,19.444733685680262,73.30669109841077,2024-11-25 17:54:13.916666667,16.216324074074628,26,3.487934555020317,3.7383662654805563
448,9,19.444841251191384,73.3071026851637,2024-11-25 17:54:16.000000000,15.253298611111527,36,2.0323143130910397,3.141682160043505
449,9,19.444903302379522,73.30749926142295,2024-11-25 17:54:22.416666666,14.178155962781362,37,0.3752796079195807,6.247045739064862
450,9,19.44494282974299,73.30784424704964,2024-11-25 17:55:02.000000000,14.074198602403248,29,1.119873859493941,3.653947462061751
451,9,19.44498963554704,73.30811682307112,2024-11-25 17:55:04.416666667,14.284387314814891,25,3.877724802013219,3.6574004535147435
452,9,19.44506589104577,73.30857142427817,2024-11-25 17:55:08.083333333,13.575669074074598,25,6.740474559255509,3.9552837606837654
453,9,19.44503309952149,73.30907370149876,2024-11-25 17:55:11.071428571,11.077025661375929,35,8.290454695914798,3.3153886236545898
454,9,19.44506892844832,73.30933891569023,2024-11-25 17:55:14.333333333,8.601616895742136,37,4.669800816250628,3.244718012333138
455,9,19.445086873239887,73.30954559322151,2024-11-25 17:55:17.416666667,8.214451606520997,27,5.388677505493967,3.3047066477873215
456,9,19.445110878599323,73.30974184587649,2024-11-25 17:55:19.583333333,8.196534722222232,29,5.1910834374422725,3.4013551500087216
457,9,19.445116957829836,73.31001864966993,2024-11-25 17:55:22.250000000,8.172592505241095,53,7.803278112348849,2.890815653440863
458,9,19.44511305353941,73.31034992292243,2024-11-25 17:55:26.083333333,8.098903490028599,39,2.9073731695777605,3.767728205128209
459,9,19.445161261485715,73.31069643313091,2024-11-25 17:55:30.833333333,8.685004664177566,67,4.323720714963272,3.982078632478638
460,9,19.445200816050274,73.31112891193175,2024-11-25 17:55:36.250000000,14.993343019004595,38,0.42118219603762375,3.9552837606837654
461,9,19.445205286460542,73.31159602248962,2024-11-25 17:55:39.500000000,17.495347068688577,28,0.36589227179842193,3.592935042735046
462,9,19.445208220948935,73.31205507743181,2024-11-25 17:55:41.642857143,16.79171298036778,38,1.1656471295152095,3.9552837606837654
463,9,19.445214840508783,73.31250611651018,2024-11-25 17:55:44.833333333,16.01157152777749,36,0.7093620416004361,3.959061538461544
464,9,19.44523534570273,73.31296505084474,2024-11-25 17:55:47.722222222,15.944319819819855,37,0.8419189552636357,3.225292867916398
465,9,19.44526768484839,73.31338033573317,2024-11-25 17:55:50.916666667,16.307244708992776,28,2.2188286069718,3.935548717948724
466,9,19.44528988874996,73.31374850115985,2024-11-25 17:55:53.416666667,18.599147641781283,24,1.631096220464467,3.6574004535147435
467,9,19.445290554205776,73.31415442397949,2024-11-25 17:55:55.416666667,20.701025109309533,27,5.67526300091548,3.8098581196581254
468,9,19.445292587584227,73.31498816430761,2024-11-25 17:56:22.916666666,23.937496180554792,20,0.1938565546120473,3.9384119658119716
469,9,19.445297236469344,73.31541388235894,2024-11-25 17:56:41.250000000,24.973916258564216,25,0.6483837519001302,3.7153435897435942
470,9,19.445292327083436,73.31586600249722,2024-11-25 17:56:43.307692308,25.181869521069643,23,0.9677570594033823,3.9384119658119716
471,9,19.44528829724657,73.31634265874396,2024-11-25 17:56:45.083333333,24.87057596801369,21,0.769820623032646,3.9384119658119716
472,9,19.44529259569621,73.31681949789103,2024-11-25 17:56:46.833333333,24.524932239057488,25,0.8679110061124944,3.6364725969875127
473,9,19.44529649515372,73.31729634067965,2024-11-25 17:56:48.916666667,24.149232533670244,25,0.3839818009344645,3.959061538461544
474,9,19.445298966823955,73.31777318320573,2024-11-25 17:56:51.000000000,23.781046822390795,24,0.3169293699903545,3.385131582889567
475,9,19.445296538426007,73.31824827697628,2024-11-25 17:56:53.000000000,23.227623619737354,23,0.9732181602186536,3.973411965811972
476,9,19.445295718839205,73.31871304047587,2024-11-25 17:56:55.000000000,21.034269166666725,30,0.6507911898578952,3.2981270538984844
477,9,19.44529702565307,73.31916921734549,2024-11-25 17:56:57.600000000,18.836146776406054,27,0.2673704071899532,3.4850649362309025
478,9,19.44529720937656,73.31963226480852,2024-11-25 17:56:59.750000000,18.647693817203887,31,0.8298491621963995,3.8521470085470138
479,9,19.445296798533818,73.32010061675973,2024-11-25 17:57:02.500000000,20.02715997942275,27,0.11918007083800712,3.8521470085470138
480,9,19.445292710127625,73.32056516965596,2024-11-25 17:57:04.750000000,22.02047892720255,29,0.6334984547327683,3.973411965811972
481,9,19.44528769624207,73.3210347466381,2024-11-25 17:57:07.000000000,22.685319444444236,31,0.7846413525457987,3.941352136752142
482,9,19.445282501729707,73.32151157309106,2024-11-25 17:57:09.583333333,23.063889835858397,20,1.319041224373425,3.6164995988138884
483,9,19.44528552137706,73.3219770320246,2024-11-25 17:57:11.272727273,23.432902266714596,28,0.9507585390011912,3.959061538461544
484,9,19.44529338416932,73.32243034825584,2024-11-25 17:57:13.666666667,23.810257309941296,19,2.1843500971437715,3.973411965811972
485,9,19.44529794136973,73.3228841657229,2024-11-25 17:57:15.500000000,24.21224961149954,22,0.6189411523188841,3.973411965811972
486,9,19.445313998301433,73.32334607226528,2024-11-25 17:57:17.307692308,23.989278119658206,25,1.4122918515343306,3.6996055817198714
487,9,19.445350090798353,73.32378707008041,2024-11-25 17:57:19.200000000,23.67627893518535,18,1.4545007021924337,3.9384119658119716
488,9,19.445386678669717,73.32419799558771,2024-11-25 17:57:21.000000000,22.90120884773722,27,1.4960898421045317,3.5214431885574773
489,9,19.445461509023893,73.32461358056034,2024-11-25 17:57:23.083333333,22.036893055556096,20,1.0814729691589842,3.6501554098562523
490,9,19.445567202064336,73.32503512160628,2024-11-25 17:57:24.916666667,21.25517596943766,38,5.019849564580305,3.9445316239316286
491,9,19.445790105684296,73.32587270555847,2024-11-25 17:57:29.333333333,21.50444791666667,30,0.2883754230380823,3.973411965811972
492,9,19.445911178542218,73.32630771477386,2024-11-25 17:57:31.500000000,21.803101388888695,20,0.9341630554535267,3.8521470085470138
493,9,19.446058854629264,73.32672169319798,2024-11-25 17:57:33.750000000,22.49806224279794,27,0.23592129880672963,3.9552837606837654
494,9,19.446366300172222,73.32741257659308,2024-11-25 17:57:37.357142857,22.960313800922663,29,1.7463420212466483,3.941352136752142
495,9,19.446617922278072,73.32780406370267,2024-11-25 17:57:48.828571429,23.03142913832201,25,0.9212254538824239,3.727220966335257
496,9,19.44681902675556,73.32821179344484,2024-11-25 17:58:18.314285714,23.105410751219647,33,1.8246445098135162,3.973411965811972
497,9,19.44705042942,73.32859762975355,2024-11-25 17:58:24.500000000,23.17392591865079,20,1.0491119853606306,3.7383662654805563
498,9,19.447324629581146,73.32896136290651,2024-11-25 17:58:26.440000000,23.242277104767204,26,4.929788373759451,3.9552837606837654
499,9,19.44760637597097,73.32930536518833,2024-11-25 17:58:28.347826087,23.304135300870616,26,0.9238179058841782,3.973411965811972
500,9,19.44788931649653,73.32960430940706,2024-11-25 17:58:30.800000000,23.37257697420649,20,5.3052745036585796,3.973411965811972
501,9,19.448161439850374,73.32990867845396,2024-11-25 17:58:32.416666667,23.19444686948902,21,3.7532125228508058,3.941352136752142
502,9,19.448404271788633,73.33024250502976,2024-11-25 17:58:33.916666667,21.99606610082417,27,3.1491376234727815,3.9552837606837654
503,9,19.448693699177447,73.33053814641767,2024-11-25 17:58:36.250000000,20.699442414530022,26,3.0094326320220994,4.86655754353023
504,9,19.449050111780572,73.33082453833792,2024-11-25 17:58:38.342105263,20.644369802867384,31,0.6181072981255379,3.4629086095976858
505,9,19.449399286983883,73.33111039921306,2024-11-25 17:58:40.833333333,20.771896249631244,29,0.6405293631461169,3.9495316239316285
506,9,19.449753273324813,73.33135991135585,2024-11-25 17:58:43.384615385,21.58965964854098,29,1.447604409504555,3.6938534449677345
507,9,19.450094671241914,73.33159719634433,2024-11-25 17:58:45.437500000,22.083486400462967,18,2.1710063546842218,3.935548717948724
508,9,19.45044224853147,73.33179949794845,2024-11-25 17:58:47.500000000,19.50141579861254,32,0.07143100352468623,3.973411965811972
509,9,19.450816494569473,73.33198072110011,2024-11-25 17:58:50.000000000,18.492287450396727,24,1.2124204738080948,3.971275213675219
510,9,19.45119624654606,73.33216341011105,2024-11-25 17:58:52.285714286,19.12444926727472,32,4.311341032527733,3.312526146869006
511,9,19.451578663221106,73.33232448180186,2024-11-25 17:58:54.521739130,20.11118120435032,28,0.4969066480403697,3.973411965811972
512,9,19.451982437486812,73.3324757318889,2024-11-25 17:58:57.000000000,21.216679012345033,21,0.9290044041215839,3.973411965811972
513,9,19.4523852855856,73.3325980633048,2024-11-25 17:58:59.000000000,22.235357060184878,24,0.9785462384767839,3.917275213675219
514,9,19.452773744029418,73.33269480949227,2024-11-25 17:59:01.000000000,22.87049999999955,24,0.8730579308618485,3.9552837606837654
515,9,19.453164156546308,73.33278658260691,2024-11-25 17:59:03.000000000,23.701683373590416,23,1.4009560004249706,3.935548717948724
516,9,19.453535036595053,73.33286745526277,2024-11-25 17:59:04.916666667,24.119735765751706,22,1.7337658772626632,3.424598902124955
517,9,19.45393006651742,73.332936452892,2024-11-25 17:59:06.666666667,24.220587600850457,36,1.142426455272867,3.9552837606837654
518,9,19.45478650913099,73.33307171983148,2024-11-25 17:59:10.583333333,25.168560336151103,23,0.9756202020841824,3.917275213675219
519,9,19.455211660257657,73.33314748156194,2024-11-25 17:59:12.600000000,25.49339734504917,22,2.5110463862722177,3.9384119658119716
520,9,19.45563708106652,73.33322373396804,2024-11-25 17:59:14.387755102,25.33802210884346,21,0.9509917861882222,3.971275213675219
521,9,19.456063898709147,73.33331507683862,2024-11-25 17:59:16.102040816,25.130038209849307,23,1.37511151939385,3.8209850699254067
522,9,19.45645861412513,73.3333890953667,2024-11-25 17:59:18.100000000,24.820478505291277,21,1.2147274402414283,3.959061538461544
523,9,19.457206245205576,73.33354832161514,2024-11-25 18:00:01.000000000,23.425140046296946,24,2.2694463820861577,3.5214431885574773
524,9,19.457599758412506,73.33360081962552,2024-11-25 18:00:03.083333333,22.975865016834597,25,0.09001289554409386,3.7991059829059886
525,9,19.45796858128936,73.33364722698434,2024-11-25 18:00:05.250000000,22.91191177399017,20,2.7154836822329154,3.83821538461539
526,9,19.4583199815504,73.33371062851518,2024-11-25 18:00:06.750000000,22.171491874396594,23,2.6194380322892723,3.959061538461544
527,9,19.458715945645576,73.33377389402719,2024-11-25 18:00:08.640000000,21.165682879365352,35,3.0948923504573056,3.941352136752142
528,9,19.459458894177104,73.33395744751812,2024-11-25 18:00:13.000000000,20.453455805758303,29,0.6963981653275458,3.971275213675219
529,9,19.459836367588505,73.33400862160275,2024-11-25 18:00:15.333333333,20.880564926928315,27,0.2858592902778445,3.941352136752142
530,9,19.46022537059932,73.33406069736415,2024-11-25 18:00:17.500000000,20.86240704191036,19,4.2348491924013665,3.9384119658119716
531,9,19.460608134910427,73.3341534549408,2024-11-25 18:00:19.250000000,20.788440972222233,20,2.4658788316300972,3.973411965811972
532,9,19.460995897917037,73.33422607575946,2024-11-25 18:00:20.916666667,20.787945769951477,40,0.7326154437285176,3.9552837606837654
533,9,19.46182260167304,73.33436578399068,2024-11-25 18:00:25.818181818,20.358954106280336,23,1.9898122934596072,3.959061538461544
534,9,19.46221708410513,73.33441103338328,2024-11-25 18:00:27.750000000,20.13626388888902,25,0.4339237282381056,3.971275213675219
535,9,19.46260261213998,73.33444799899216,2024-11-25 18:00:29.833333333,19.738586162551943,24,2.151370144366213,3.7276141287284195
536,9,19.462980962856452,73.33448190096101,2024-11-25 18:00:32.000000000,19.135049189814406,24,0.1075668456679206,3.7383662654805563
537,9,19.463411492976032,73.33449852001792,2024-11-25 18:00:34.000000000,18.357509424602867,35,0.621854548160897,3.5092436420722164
538,9,19.463854119919283,73.33450365022524,2024-11-25 18:00:36.928571429,14.04301273355314,43,5.049758346710655,3.959061538461544
539,9,19.464299648593055,73.33450310344159,2024-11-25 18:00:39.900000000,10.788342385477762,57,1.0544790102191814,3.8177111111111133
540,9,19.46473338423372,73.33450459318001,2024-11-25 18:00:44.583333333,7.973099390323722,71,0.7996185837561267,3.128175222909674
541,9,19.465158072245952,73.33450722900491,2024-11-25 18:00:50.500000000,7.683815537201199,76,0.3830794749037853,3.982078632478638
542,9,19.46558614551481,73.33451160259969,2024-11-25 18:00:57.000000000,6.711679039682596,70,0.33338345885580895,3.9681470085470134
543,9,19.46599886915891,73.33452109824664,2024-11-25 18:01:43.083333333,8.14049687010931,71,0.14131850976525456,3.9855487179487237
544,9,19.46639795986182,73.33453223910553,2024-11-25 18:01:49.071428571,9.616530015432053,60,1.5508736932529779,3.982078632478638
545,9,19.46677609914017,73.33454331991722,2024-11-25 18:01:54.166666667,10.651344013047082,44,1.3138144197718502,3.9845572649572705
546,9,19.46711672656801,73.33457737182022,2024-11-25 18:01:58.100000000,12.571203497023513,42,2.443233413316923,3.9552837606837654
547,9,19.46750297335003,73.334604431918,2024-11-25 18:02:00.857142857,13.959360091314773,40,1.0008769783436573,3.516443188557477
548,9,19.46794472778008,73.33461005568847,2024-11-25 18:02:04.500000000,14.243103633557839,39,0.6206573491510394,3.935548717948724
549,9,19.468379374669585,73.33460309044187,2024-11-25 18:02:07.800000000,13.612313919753085,45,0.27766634694146797,3.9845572649572705
550,9,19.468782696461403,73.33456322316982,2024-11-25 18:02:10.812500000,13.251014786877565,29,1.0307082513599004,3.959061538461544
551,9,19.469168852328416,73.33451535532993,2024-11-25 18:02:14.000000000,12.887157029514986,47,0.28844992105724526,3.9552837606837654
552,9,19.469558153338024,73.33447343956442,2024-11-25 18:02:17.583333333,12.384491794640562,41,1.2120607039724536,3.971275213675219
553,9,19.469949270740756,73.33442621696244,2024-11-25 18:02:21.250000000,8.87989500000109,50,2.7697601333923303,3.845548717948723
554,9,19.47033776801645,73.33435,2024-11-25 18:02:25.666666667,5.837737466761591,78,0.44835387844846414,3.875548717948724
555,9,19.470727573614298,73.33428470669895,2024-11-25 18:02:34.600000000,4.907269337722249,112,1.631479762984269,3.845548717948723
556,9,19.471116796040413,73.33423320395958,2024-11-25 18:03:23.375000000,6.892284307992307,76,1.9849382944238907,3.845548717948723
557,9,19.471495557037372,73.33412273743028,2024-11-25 18:03:31.200000000,5.883530057471174,87,1.4827530232052069,3.845548717948723
558,9,19.471883438184108,73.33399825917672,2024-11-25 18:03:38.400000000,8.170274610135976,57,1.094613273413199,3.9655487179487237
559,9,19.472271177807887,73.33387401900708,2024-11-25 18:03:43.457142857,7.150047885625168,87,1.1368577866357759,3.845548717948723
560,9,19.47264045116146,73.33374134276033,2024-11-25 18:03:49.277777778,7.010725188773365,67,4.8128342859291,3.845548717948723
561,9,19.472988935322117,73.33359382946173,2024-11-25 18:03:55.608695652,7.9720372186532575,64,1.2671391789951227,3.845548717948723
562,9,19.47331247809833,73.33344004286766,2024-11-25 18:04:01.111111111,11.77120167644343,52,5.084972415320453,3.982078632478638
563,9,19.47367411198409,73.33328915026884,2024-11-25 18:04:04.906250000,14.674986839157558,31,0.2614367507833498,3.845548717948723
564,9,19.474027016450723,73.33315827367734,2024-11-25 18:04:06.826086957,15.752441215081326,23,7.958064922585158,3.959061538461544
565,9,19.474377225061247,73.3330335322297,2024-11-25 18:04:09.833333333,8.808662406113665,66,1.6859666606089554,3.845548717948723
566,9,19.47475587590234,73.33287818812323,2024-11-25 18:04:15.615384615,4.635232562243761,119,0.965600666583453,3.845548717948723
567,9,19.475132958111992,73.3327424726429,2024-11-25 18:05:05.500000000,5.664907655771446,95,3.414616488249409,3.845548717948723
568,9,19.475470871165523,73.33259113717459,2024-11-25 18:05:13.187500000,3.006835819319724,125,0.9564161180122638,3.845548717948723
569,9,19.47577538244581,73.3324485331504,2024-11-25 18:05:23.833333333,3.7267630915636523,135,3.6139323230319813,3.845548717948723
570,9,19.476109505069203,73.33231274214985,2024-11-25 18:05:35.900000000,5.604273981124026,74,1.2805417352573203,3.9655487179487237
571,9,19.476435791000533,73.33219572029229,2024-11-25 18:05:41.666666667,4.687408689633214,102,0.45622194703376273,3.845548717948723
572,9,19.476788323798836,73.33208502670823,2024-11-25 18:05:50.750000000,8.908590573684915,65,1.6055196050532572,3.982078632478638
573,9,19.477157557465425,73.33195084407282,2024-11-25 18:05:55.800000000,9.7167372375677,59,0.8449962808086346,3.9681470085470134
574,9,19.477560445969758,73.33185717668408,2024-11-25 18:06:40.416666667,11.084709930623308,47,0.4585886878035873,3.7105572649572673
575,9,19.477990892975328,73.33180218415842,2024-11-25 18:06:45.000000000,14.079228988602996,39,1.0382111629057023,3.9387794871794917
576,9,19.478402951603478,73.33178727539328,2024-11-25 18:06:48.166666667,16.042987310605756,30,0.42653632676067194,3.941352136752142
577,9,19.47882032564568,73.33179493926153,2024-11-25 18:06:50.666666667,16.103396194083967,35,0.4898660204164847,3.9552837606837654
578,9,19.479234117967984,73.3318,2024-11-25 18:06:53.500000000,14.923777380952547,35,0.959668278891465,3.941352136752142
579,9,19.47962178854553,73.33183322319604,2024-11-25 18:06:56.833333333,13.438877469135873,36,2.6711768831575213,3.941352136752142
580,9,19.479967962302773,73.33188322319606,2024-11-25 18:06:59.840000000,12.504953311965814,39,1.1641832713491211,3.845548717948723
581,9,19.480312111530417,73.33191125480455,2024-11-25 18:07:02.615384615,12.895774208430497,44,0.7754986491596555,3.845548717948723
582,9,19.480652378028537,73.33196118473437,2024-11-25 18:07:06.083333333,13.84807638888862,22,1.5808061140298697,3.845548717948723
583,9,19.48102554718642,73.33199992992982,2024-11-25 18:07:08.166666667,14.775472448057698,41,0.641894911094372,3.9552837606837654
584,9,19.481459313515767,73.33200654523787,2024-11-25 18:07:11.583333333,14.493202403499476,44,0.9911027420451539,3.9552837606837654
585,9,19.48185165589993,73.33195654523789,2024-11-25 18:07:14.687500000,15.208529920034007,25,4.323616045401134,3.959061538461544
586,9,19.482250273259574,73.33191002328113,2024-11-25 18:07:17.583333333,15.03229623694218,39,2.6723076053989474,3.970548717948724
587,9,19.482647895631125,73.3318667104651,2024-11-25 18:07:20.600000000,15.227219531107464,29,1.0036419810006292,3.959061538461544
588,9,19.483044470063522,73.33177629357057,2024-11-25 18:07:23.333333333,15.335663554310614,34,1.3872456357269851,3.9552837606837654
589,9,19.48347848302589,73.33169935167285,2024-11-25 18:07:26.142857143,15.181844236011223,33,0.28754372950272905,3.959061538461544
590,9,19.483892588541806,73.33161681272163,2024-11-25 18:07:29.169491525,13.540265536722972,47,2.1864856737064455,3.9552837606837654
591,9,19.484293928302662,73.33152817149215,2024-11-25 18:07:33.152542373,12.565687184213047,41,2.9529339781554027,3.971275213675219
592,9,19.484679503453965,73.3314405638501,2024-11-25 18:07:36.000000000,14.01111524023927,37,0.996170441603336,3.9723435897435952
593,9,19.484997286668897,73.33135035945894,2024-11-25 18:08:16.583333333,16.355074561402535,19,2.5642181005310287,3.973411965811972
594,9,19.4853455990718,73.33127885198327,2024-11-25 18:08:21.333333333,17.972474537036387,35,2.2382509924203022,3.845548717948723
595,9,19.485738172279877,73.33117900642605,2024-11-25 18:08:23.666666667,19.29413629629606,25,1.6935801826066281,3.9552837606837654
596,9,19.486122882095692,73.33108920997194,2024-11-25 18:08:26.333333333,19.81394077681576,28,0.938746417847026,3.845548717948723
597,9,19.486511907328698,73.33103208828693,2024-11-25 18:08:27.888888889,19.812485821759285,24,2.8177111317635024,3.9384119658119716
598,9,19.486852041222193,73.33094467051033,2024-11-25 18:08:30.750000000,19.786388490164796,19,3.372516349578452,3.935548717948724
599,9,19.487219766455,73.33091363169598,2024-11-25 18:08:32.333333333,20.288631912442185,31,1.4598848084332692,3.9552837606837654
600,9,19.48762786209894,73.33097031975568,2024-11-25 18:08:34.642857143,21.022250258799005,23,5.2188661523136375,3.959061538461544
601,9,19.48801291459598,73.33108585460607,2024-11-25 18:08:36.800000000,21.533934460547783,23,1.671946247458493,3.7392585280265997
602,9,19.488346534768574,73.33123703523475,2024-11-25 18:08:39.000000000,21.362227141203675,24,6.913656073774969,3.941352136752142
603,9,19.48886670387457,73.33159764036363,2024-11-25 18:08:42.160000000,22.88582638888889,22,4.92804742766455,3.959061538461544
604,9,19.48959446991885,73.33218656598876,2024-11-25 18:08:46.416666667,25.479467228373323,22,1.5365268146805804,3.973411965811972
605,9,19.48994439507056,73.33247167364664,2024-11-25 18:08:48.153846154,25.54266185897436,24,0.61789840611181,3.973411965811972
606,9,19.49032500509123,73.33272502937083,2024-11-25 18:08:50.000000000,25.547622685185182,21,0.9440899545572374,3.935548717948724
607,9,19.4907165052321,73.332958992832,2024-11-25 18:08:51.666666667,25.552478608549258,23,1.0262863137305587,3.845548717948723
608,9,19.491111429943288,73.3331635479424,2024-11-25 18:08:53.636363636,25.483237115473898,22,0.6985181583583646,3.971275213675219
609,9,19.491508535521692,73.33334393770315,2024-11-25 18:08:55.583333333,24.530289641204636,24,0.7181144278057248,3.845548717948723
610,9,19.49186883429086,73.33351696522249,2024-11-25 18:08:57.583333333,22.993562169313,21,0.4769515681523424,3.9384119658119716
611,9,19.49223232559276,73.33365310919825,2024-11-25 18:08:59.333333333,22.395907021605225,24,4.053556946034037,3.9552837606837654
612,9,19.49262939188846,73.33375411294132,2024-11-25 18:09:01.416666667,21.90260446859945,23,4.211444942028532,3.959061538461544
613,9,19.493035764279686,73.33382799912556,2024-11-25 18:09:03.333333333,21.64930518812549,27,2.1478760152929466,3.8521470085470138
614,9,19.493471576790636,73.33387799219817,2024-11-25 18:09:05.285714286,22.47625793650823,27,0.2494799420967456,3.935548717948724
615,9,19.494174754428066,73.33396592589924,2024-11-25 18:09:09.083333333,24.434679093566462,19,2.4368183497156672,3.845548717948723
616,9,19.49486716484109,73.33397233040884,2024-11-25 18:09:12.333333333,25.929909317666322,20,3.591149526708113,3.9384119658119716
617,9,19.495255833057882,73.33391560878928,2024-11-25 18:09:17.897959184,25.807330086579984,23,0.1328984022035777,3.8521470085470138
618,9,19.49569466069477,73.33381153415442,2024-11-25 18:09:29.653061224,25.510088280766908,23,0.9121989736284101,3.959061538461544
619,9,19.496133488388303,73.33370745950612,2024-11-25 18:09:40.918367347,25.225231550195712,23,0.16958669103483087,3.845548717948723
620,9,19.496571369919945,73.33359955707479,2024-11-25 18:09:52.673469388,24.924337114770253,24,0.9823736945302922,3.9384119658119716
621,9,19.497004278513437,73.33347216085362,2024-11-25 18:10:01.375000000,24.688686868686847,19,1.0384834430908663,3.959061538461544
622,9,19.497396950932394,73.33333208082826,2024-11-25 18:10:03.000000000,24.268171875000498,20,2.1966855349967878,3.845548717948723
623,9,19.497738735165903,73.3331898164268,2024-11-25 18:10:05.000000000,23.1491889730642,20,0.7335145183111657,3.855924786324792
624,9,19.49806051841135,73.33304796850052,2024-11-25 18:10:06.750000000,23.170177344092725,23,1.239951498113897,3.9384119658119716
625,9,19.498372072731257,73.33287790447307,2024-11-25 18:10:08.666666667,23.906992361110575,20,1.6297701844809624,3.845548717948723
626,9,19.498700998422137,73.3326352837315,2024-11-25 18:10:10.250000000,24.712588466183522,23,2.151614570149357,3.935548717948724
627,9,19.499068412653514,73.33237018111394,2024-11-25 18:10:12.000000000,25.54374999999959,21,0.7025041050465565,3.973411965811972
628,9,19.500401494793934,73.33156615661999,2024-11-25 18:10:18.200000000,27.525927069805288,28,0.12681579744926727,3.970548717948724
629,9,19.50147852145144,73.33093600034283,2024-11-25 18:10:23.250000000,25.17840862573197,19,1.5180660328709121,3.971275213675219
630,9,19.501801001812265,73.33072033311866,2024-11-25 18:10:25.153846154,24.474259310134297,21,1.5683684530482986,3.935548717948724
631,9,19.5021831154953,73.33051533603478,2024-11-25 18:10:27.000000000,24.0696540317461,25,0.17051673838273862,3.845548717948723
632,9,19.502574207182075,73.33030054259224,2024-11-25 18:10:28.928571429,23.431812746032154,25,0.5333973748667298,3.8521470085470138
633,9,19.502976581648674,73.33008768422377,2024-11-25 18:10:31.000000000,22.856888227513227,21,0.2595122545872192,3.9384119658119716
634,9,19.50335748652173,73.32988375233182,2024-11-25 18:10:33.083333333,22.286237124741312,28,1.097125511732761,3.9552837606837654
635,9,19.5037246608835,73.32973543671346,2024-11-25 18:10:35.260869565,22.302114971353834,22,3.4996529431004104,3.9384119658119716
636,9,19.504063597997614,73.32957835453297,2024-11-25 18:10:37.333333333,22.337449219158493,21,2.660804327131769,3.424598902124955
637,9,19.504375334847765,73.32939363067312,2024-11-25 18:10:39.083333333,22.25027381481489,25,1.911010370646344,3.973411965811972
638,9,19.504734200371235,73.32920371595151,2024-11-25 18:10:40.800000000,22.090288492063564,24,0.5393381654718716,3.845548717948723
639,9,19.505133377032305,73.32898704923358,2024-11-25 18:10:42.857142857,21.924492122543352,28,1.058180194391328,3.959061538461544
640,9,19.505538881424243,73.32879510144815,2024-11-25 18:10:45.333333333,22.441463888888844,25,1.0006466593568626,3.973411965811972
641,9,19.50594450831414,73.32864063132763,2024-11-25 18:10:47.166666667,23.520047496570143,27,1.5742441183154803,3.971275213675219
642,9,19.506352742637524,73.32849787824904,2024-11-25 18:10:49.500000000,24.541475000000084,20,5.7761952354885695,3.845548717948723
643,9,19.506774681508837,73.32837643306658,2024-11-25 18:10:51.400000000,24.79212134502912,19,1.0428305853745037,3.845548717948723
644,9,19.50719589207072,73.32830025490716,2024-11-25 18:10:53.083333333,24.2737129629632,22,0.44838928090591523,3.9384119658119716
645,9,19.507559602589176,73.32824932735961,2024-11-25 18:10:55.083333333,23.429782986111363,20,0.37878587609323616,3.7383662654805563
646,9,19.507888842415717,73.32822364996724,2024-11-25 18:10:56.666666667,23.095189629629957,25,1.040571462351504,3.9552837606837654
647,9,19.508551866931327,73.3282468843733,2024-11-25 18:11:40.071428571,21.840736161616178,20,3.573818267289979,3.7103577184720087
649,9,19.50920090583257,73.32840330885357,2024-11-25 18:11:43.333333333,20.95615022997858,24,0.36115495555254706,3.845548717948723
650,9,19.509575438965737,73.32854431932806,2024-11-25 18:11:44.928571429,21.32035343819465,23,0.7528244546623626,3.845548717948723
651,9,19.5099854997211,73.3286567292411,2024-11-25 18:11:47.000000000,22.028790528233106,25,0.9289492585124333,3.935548717948724
652,9,19.51042050254722,73.32877707365594,2024-11-25 18:11:49.131147541,22.750558894960704,25,0.5867928038158264,3.973411965811972
653,9,19.51084493907216,73.32887829519048,2024-11-25 18:11:51.180327869,23.402362286975837,23,1.5067079081929189,3.767728205128209
654,9,19.511257038908003,73.32899827455437,2024-11-25 18:11:53.333333333,23.45219474717992,19,1.0070133907792058,3.935548717948724
655,9,19.511636816431338,73.32914141401375,2024-11-25 18:11:54.750000000,23.603436429512065,23,1.361156863786252,3.959061538461544
656,9,19.511973259510253,73.32930230015955,2024-11-25 18:11:56.916666667,24.888881628787093,22,2.2819072283239734,3.9494803418803484
657,9,19.512602716180716,73.32966590480486,2024-11-25 18:11:59.750000000,26.45882464526187,21,1.6525184337414085,3.959061538461544
658,9,19.51291565621064,73.32986086286422,2024-11-25 18:12:01.583333333,26.398806502526636,18,3.191862578476286,3.9384119658119716
659,9,19.513795346025173,73.33047571581295,2024-11-25 18:12:05.833333333,26.6370312499996,18,2.055971528865681,3.845548717948723
660,9,19.51408421598922,73.3307014221746,2024-11-25 18:12:07.500000000,27.16751578282799,22,1.5176243065599444,3.845548717948723
661,9,19.51436318011922,73.33102747939019,2024-11-25 18:12:09.333333333,27.546884259258988,18,1.3849904453367388,3.845548717948723
662,9,19.514614705713278,73.33135674839541,2024-11-25 18:12:11.041666667,27.83549818121678,24,3.9876875175706603,3.971275213675219
663,9,19.515119356221405,73.33208106644646,2024-11-25 18:12:13.857142857,28.203662904555802,22,0.7699893616582717,3.845548717948723
664,9,19.51559991534483,73.33286598621626,2024-11-25 18:12:17.400000000,28.355449865193624,19,2.968632459659073,3.8098581196581254
666,9,19.516269685437802,73.33385674964231,2024-11-25 18:12:22.000000000,26.86617275432906,22,1.016354252116765,3.973411965811972
667,9,19.516560219270797,73.33416673398187,2024-11-25 18:12:23.571428571,26.74704068979264,19,1.3220565291507083,3.845548717948723
668,9,19.51687326611299,73.33447707047854,2024-11-25 18:12:25.240000000,26.736875022997815,28,1.5061614918623427,3.973411965811972
669,9,19.517509039986432,73.33513231953698,2024-11-25 18:12:28.833333333,26.847581573953278,24,0.7042722391443856,3.973411965811972
670,9,19.517842907525452,73.33543952284809,2024-11-25 18:12:31.000000000,26.22801130029443,23,0.6931859215504824,3.845548717948723
671,9,19.518481428865915,73.33597162257713,2024-11-25 18:12:34.333333333,23.523483571937543,26,0.275291393767588,3.971275213675219
672,9,19.51882268081509,73.33628207266622,2024-11-25 18:12:36.440000000,23.4364125983796,24,0.37868962975241577,3.973411965811972
673,9,19.519165193604486,73.33657670153178,2024-11-25 18:12:38.500000000,23.458230235042855,26,1.0645045203807537,3.973411965811972
674,9,19.519495514068943,73.33684364116263,2024-11-25 18:13:20.750000000,23.68999589646419,22,2.253537611580529,3.9384119658119716
675,9,19.519804198240045,73.33710465403755,2024-11-25 18:13:22.666666667,25.120880997473765,22,4.545009874682886,3.959061538461544
676,9,19.520118968196993,73.33737361416368,2024-11-25 18:13:24.333333333,26.550211805555378,22,0.12543726855302642,3.935548717948724
677,9,19.5204485200915,73.3376300877146,2024-11-25 18:13:26.000000000,28.030431763284508,23,6.535008651965433,3.959061538461544
678,9,19.52112829508114,73.33809101402659,2024-11-25 18:13:29.214285714,30.042164558531855,22,1.661956933245577,3.971275213675219
679,9,19.521539771407603,73.33828040551691,2024-11-25 18:13:30.687500000,30.53753520447501,18,1.4471807207541936,3.9384119658119716
680,9,19.522750200436377,73.3387894292196,2024-11-25 18:13:35.250000000,31.460724326600236,20,1.5082697842924948,3.9384119658119716
681,9,19.523914416380087,73.33914572521113,2024-11-25 18:13:39.666666667,26.862084114959973,22,3.0111561324767737,3.971275213675219
682,9,19.52431760889639,73.33922097630835,2024-11-25 18:13:41.428571429,26.18000710978835,22,2.4430563508151035,3.973411965811972
683,9,19.524760748498473,73.33928983489828,2024-11-25 18:13:43.050000000,26.031504629629627,25,0.1984823041736598,3.973411965811972
684,9,19.525192865404648,73.33936865689134,2024-11-25 18:13:44.925000000,25.865035248316293,22,1.8788738238290075,3.973411965811972
685,9,19.525606114758506,73.33946727561128,2024-11-25 18:13:47.166666667,25.914072690395603,21,0.3113056143988239,3.9494803418803484
686,9,19.526019628095867,73.33957394172174,2024-11-25 18:13:48.880000000,25.925569696969703,22,0.9414545915517611,3.845548717948723
687,9,19.526435100204473,73.33965958988048,2024-11-25 18:13:50.900000000,25.26699634038807,21,2.1148444986951374,3.845548717948723
688,9,19.526827789166752,73.33970616158845,2024-11-25 18:13:52.600000000,24.226952668128156,19,0.9785076226997111,3.971275213675219
689,9,19.527217002567646,73.33975706683682,2024-11-25 18:13:54.250000000,23.876502314815383,24,4.402651954170741,3.9552837606837654
690,9,19.527621204653688,73.33986743263071,2024-11-25 18:13:56.250000000,22.66897596618547,23,2.0000939341710944,3.9384119658119716
691,9,19.528019857857828,73.33996586535912,2024-11-25 18:13:58.040000000,22.88765670370348,24,1.5618042947525177,3.959061538461544
692,9,19.52842825070568,73.34005510335058,2024-11-25 18:14:00.500000000,23.54727861111092,20,0.7320991442500305,3.959061538461544
693,9,19.528839828070048,73.34015856835703,2024-11-25 18:14:02.500000000,24.18840861513695,23,3.938954767605157,3.971275213675219
694,9,19.529220426856845,73.34024463686723,2024-11-25 18:14:04.250000000,24.118511695906317,19,1.5773279816612877,3.971275213675219
695,9,19.529581211457,73.34035454594013,2024-11-25 18:14:05.833333333,24.133862152777645,20,0.9435558333904478,3.959061538461544
696,9,19.529939053339152,73.34047585316699,2024-11-25 18:14:07.250000000,23.56938041465445,23,4.230451370449433,3.959061538461544
697,9,19.530298213519615,73.34064439745612,2024-11-25 18:14:09.600000000,22.617945517677036,22,4.706574970062076,3.845548717948723
698,9,19.530640060143572,73.34083536012758,2024-11-25 18:14:11.333333333,21.956804713805234,21,5.835900454973056,3.845548717948723
699,9,19.530947839544893,73.34106428888184,2024-11-25 18:14:13.166666667,21.887306548821197,25,3.8719844292005026,3.935548717948724
700,9,19.531278020229607,73.34135393451322,2024-11-25 18:14:15.133333333,23.18530673500831,28,1.140565488389681,3.9552837606837654
701,9,19.532407056121247,73.34236274398549,2024-11-25 18:15:01.833333333,26.833550438595967,19,3.250961940463517,3.935548717948724
702,9,19.532683248816227,73.34263697007788,2024-11-25 18:15:03.416666667,27.31407349813895,19,1.2455572309494374,3.973411965811972
703,9,19.53297342812845,73.34293935849375,2024-11-25 18:15:05.071428571,27.026903606584895,27,0.6231874372889861,3.8241384615384657
704,9,19.533301841574165,73.34323377086156,2024-11-25 18:15:06.812500000,26.25037348894054,18,0.8356703634816849,3.9384119658119716
705,9,19.53363301512168,73.3435364403919,2024-11-25 18:15:08.750000000,25.414575066137953,21,1.2247716867373846,3.959061538461544
706,9,19.533965608481488,73.3438137358525,2024-11-25 18:15:10.500000000,24.641455012077547,23,3.078012289800473,3.9384119658119716
707,9,19.534299969956322,73.34408948502346,2024-11-25 18:15:12.500000000,24.31894509259262,30,0.3009269586899178,3.959061538461544
708,9,19.53463871915087,73.3444031622538,2024-11-25 18:15:14.920000000,24.263735185185187,26,0.10350258937886127,3.973411965811972
709,9,19.53498513050868,73.34470516683172,2024-11-25 18:15:17.090909091,24.22059156378601,18,1.7644904917566253,3.935548717948724
710,9,19.535324956653007,73.3449721008759,2024-11-25 18:15:18.800000000,24.151102904040545,22,3.6222832494554034,3.9384119658119716
711,9,19.535661715623363,73.34523919810893,2024-11-25 18:15:20.583333333,23.91260727513232,21,1.1841355223883154,3.9384119658119716
712,9,19.536011006651172,73.34552262537278,2024-11-25 18:15:22.280000000,23.73883198005702,26,0.914333303364036,3.845548717948723
713,9,19.536353809930816,73.34578642431408,2024-11-25 18:15:24.583333333,23.769915343915187,21,3.2005208581683364,3.921052991452997
714,9,19.53670311564914,73.3460295084532,2024-11-25 18:15:26.083333333,23.03220377719003,27,2.1017694034034413,3.9552837606837654
715,9,19.537065688683523,73.34627951769914,2024-11-25 18:15:28.457142857,20.73024376026267,29,0.8473701971161599,3.959061538461544
716,9,19.53741223987464,73.34653503906735,2024-11-25 18:15:31.000000000,19.38504561666903,24,1.9976450435812971,3.9384119658119716
717,9,19.537750852543002,73.34679582670461,2024-11-25 18:15:32.916666667,19.417905453152457,36,1.3630111299456933,3.9552837606837654
718,9,19.53810468871447,73.34707487889739,2024-11-25 18:15:35.857142857,20.25025133981867,31,0.6883981720602795,3.959061538461544
719,9,19.53846270332024,73.34736022296767,2024-11-25 18:15:38.416666667,21.040305902777398,30,1.0302610176236833,3.9552837606837654
720,9,19.53879713884679,73.34763212363092,2024-11-25 18:15:40.833333333,21.739729416666442,25,3.382108120539732,3.935548717948724
721,9,19.539092700326858,73.34788108720329,2024-11-25 18:15:43.166666667,22.80272569444372,22,0.5856354015049764,3.670451735566025
722,9,19.539374368460543,73.34806853408537,2024-11-25 18:15:44.666666667,23.617036779834844,18,1.6296986803953863,3.9384119658119716
723,9,19.539670614763587,73.34827553010192,2024-11-25 18:15:46.333333333,24.12994502314795,24,6.22101601822368,3.971275213675219
724,9,19.539996895823307,73.3485277765221,2024-11-25 18:15:48.250000000,24.503360969387764,21,1.3106607800255696,3.9384119658119716
725,9,19.540354726604118,73.34873368217845,2024-11-25 18:15:49.785714286,24.881691534060725,22,0.19589557048983167,3.7383662654805563
726,9,19.54073733254245,73.34888628237395,2024-11-25 18:15:52.000000000,24.90389985907522,21,2.920112495542415,3.9384119658119716
727,9,19.541145625036812,73.34903120724405,2024-11-25 18:15:53.578947368,24.64385082972575,22,0.14425536708335887,3.7383662654805563
728,9,19.541549287469188,73.34917585442876,2024-11-25 18:15:55.166666667,24.30086706349226,33,1.8898253319486187,3.959061538461544
729,9,19.542252441963,73.34953123320126,2024-11-25 18:16:05.833333333,23.930525513911125,19,2.122997874039266,3.973411965811972
730,9,19.54254651442908,73.34978696532909,2024-11-25 18:16:40.916666667,23.922916163445915,23,0.8514680237603371,3.9384119658119716
731,9,19.542814531549062,73.3500343981388,2024-11-25 18:16:43.000000000,23.997304783950614,18,3.3902640012836645,3.971275213675219
732,9,19.543045060102724,73.35030442702889,2024-11-25 18:16:44.250000000,23.965144675926027,18,1.4461982121099592,3.9384119658119716
733,9,19.543272995725566,73.35063636109938,2024-11-25 18:16:45.916666667,23.601435615053905,27,4.032360700050065,3.5214431885574773
734,9,19.543464871133807,73.35102026588851,2024-11-25 18:16:48.153846154,23.691900606900727,30,0.6686610003947898,3.845548717948723
735,9,19.543613389839543,73.35145890648346,2024-11-25 18:16:50.378378378,24.169357607607992,20,3.056375864037524,3.845548717948723
736,9,19.543740721123605,73.35189487775207,2024-11-25 18:16:52.000000000,24.644708824354467,24,1.803970627958983,3.9384119658119716
737,9,19.5437961050914,73.35234199234341,2024-11-25 18:16:54.142857143,24.844860259794896,22,1.6295930640829974,3.973411965811972
738,9,19.54383405635417,73.35316292765,2024-11-25 18:16:57.083333333,24.658685185185266,23,0.8825380605595773,3.973411965811972
739,9,19.543880527176967,73.35363716069558,2024-11-25 18:16:59.000000000,24.544021312979687,21,1.4158435579988655,3.935548717948724
740,9,19.543949673652058,73.35410815069498,2024-11-25 18:17:00.810810811,24.421533033032965,25,0.883149663995536,3.935548717948724
741,9,19.544046386192104,73.3545732735137,2024-11-25 18:17:03.000000000,24.29307561728403,21,4.583799118454536,3.935548717948724
742,9,19.54416254463453,73.35498838241308,2024-11-25 18:17:04.833333333,24.159543358262162,26,4.089121115000943,3.959061538461544
743,9,19.544315133519397,73.35535625492628,2024-11-25 18:17:07.076923077,24.059476851851873,18,3.166558990386357,3.973411965811972
744,9,19.544655315178552,73.35617378443445,2024-11-25 18:17:10.000000000,23.93754722222223,25,1.1322915619329483,3.959061538461544
745,9,19.544855807959443,73.35653217844444,2024-11-25 18:17:12.083333333,24.43521736111047,20,2.0816753186623216,3.9384119658119716
746,9,19.545059133796155,73.35688420708661,2024-11-25 18:17:13.666666667,25.34357849326541,22,0.8513125998255973,3.845548717948723
747,9,19.545266643689608,73.35724219563573,2024-11-25 18:17:15.666666667,26.279010529100567,21,2.9850635381915875,3.959061538461544
748,9,19.54549418891579,73.35760326596116,2024-11-25 18:17:17.200000000,26.94767751322741,21,2.6624636452191117,3.845548717948723
749,9,19.54574036373414,73.35796185420055,2024-11-25 18:17:19.166666667,27.796935468631773,21,0.3223775489347321,3.935548717948724
750,9,19.545988924538953,73.35833436295138,2024-11-25 18:17:20.714285714,28.405717120181468,21,0.5693614130041067,3.845548717948723
751,9,19.54646223200419,73.35907907746815,2024-11-25 18:17:24.000000000,29.23641779638503,19,0.6769798360154822,3.973411965811972
752,9,19.54690660540797,73.35980041963612,2024-11-25 18:17:27.076923077,26.99273111111117,20,0.6638047097939708,3.935548717948724
753,9,19.54712045841744,73.36013546228665,2024-11-25 18:17:28.900000000,24.123186041668003,20,1.2612090475593116,3.971275213675219
754,9,19.54729123168822,73.36044617092483,2024-11-25 18:17:30.583333333,22.599428362574038,19,1.9094250361288858,3.973411965811972
755,9,19.54743796848026,73.36077106706611,2024-11-25 18:17:32.000000000,21.83958898007883,18,1.9901815673842924,3.855924786324792
756,9,19.54756281962066,73.3610864029224,2024-11-25 18:17:33.833333333,21.689656746032075,21,3.5858776039568614,3.973411965811972
757,9,19.547696721776425,73.36145246328107,2024-11-25 18:17:35.500000000,20.676815722222216,30,2.124442035166572,3.959061538461544
758,9,19.54785090334486,73.36185757626976,2024-11-25 18:17:37.680000000,18.091499259260008,30,0.7216216472949806,3.9384119658119716
759,9,19.548006267422394,73.3622677861165,2024-11-25 18:18:20.500000000,15.450577951389498,32,0.6989253607787543,3.9552837606837654
760,9,19.548190273889617,73.36268178896341,2024-11-25 18:18:23.000000000,13.636417606031655,53,3.1743034213344026,3.9858564102564156
761,9,19.54839624780464,73.36305673665304,2024-11-25 18:18:27.153846154,12.021910651622768,41,0.5395168953798213,3.941352136752142
762,9,19.548626887987346,73.3633980613879,2024-11-25 18:18:30.333333333,11.736855749073127,53,1.8291211613368294,3.987420512820519
763,9,19.548905117031417,73.36374218526889,2024-11-25 18:18:34.461538462,15.654119385787922,34,4.45820299287694,3.973411965811972
764,9,19.549199331482974,73.36405632635208,2024-11-25 18:18:37.538461538,19.036552023978665,24,0.8692642816886758,3.973411965811972
765,9,19.54948110520793,73.36434762721231,2024-11-25 18:18:39.833333333,21.509468564397118,27,2.5653266306401536,3.9552837606837654
766,9,19.54979775937425,73.36464471721851,2024-11-25 18:18:41.891891892,22.944569969970818,25,0.19121006773560584,3.9384119658119716
767,9,19.55010723735429,73.36493300876192,2024-11-25 18:18:43.837837838,24.229661352063204,23,1.5411129007727378,3.9384119658119716
768,9,19.55040467087601,73.36522442701738,2024-11-25 18:18:45.900000000,24.604440923120436,21,1.3127682253108925,3.959061538461544
769,9,19.550735734900705,73.36553393114939,2024-11-25 18:18:47.583333333,24.0822662470849,29,0.248502022141285,3.935548717948724
772,9,19.551724309367465,73.36648430936746,2024-11-25 18:18:53.555555556,23.69299245169082,23,4.744440341339651,3.973411965811972
773,9,19.552041377614707,73.366801269067,2024-11-25 18:18:55.800000000,23.57385131944446,20,0.6030742478348926,3.973411965811972
774,9,19.552355679030335,73.36712877008614,2024-11-25 18:18:57.666666667,23.488811218695822,26,1.219685109331401,3.845548717948723
776,9,19.5529842767793,73.36776017615475,2024-11-25 18:19:01.800000000,23.511111044973546,28,1.2646758801079887,3.9552837606837654
777,9,19.553287231367317,73.36808415851971,2024-11-25 18:19:04.238095238,23.544138050144294,22,1.7562941742284885,3.845548717948723
778,9,19.553883768236993,73.36868364756056,2024-11-25 18:19:08.166666667,23.25935428743964,23,1.238431097626228,3.9845572649572705
779,9,19.5541523310751,73.36900941434781,2024-11-25 18:19:09.960000000,22.57973209541092,23,1.062556629422766,3.9384119658119716
780,9,19.55442675381981,73.36931711283314,2024-11-25 18:19:11.833333333,21.6670195833338,25,6.947306882525724,3.959061538461544
781,9,19.55466262374849,73.36957958218349,2024-11-25 18:19:14.083333333,20.469673245614707,19,0.3169717785012545,3.83821538461539
782,9,19.55489590818202,73.36986992568683,2024-11-25 18:19:15.666666667,19.30941829501917,29,3.9997246688955377,3.845548717948723
783,9,19.555135510475793,73.37013933419402,2024-11-25 18:19:18.000000000,17.109195811966977,26,1.373775189026563,3.9552837606837654
784,9,19.555380189875557,73.3703964489928,2024-11-25 19:26:40.400000000,14.60987545061777,30,2.2340101152254555,3.971275213675219
785,9,19.55563569444477,73.37070195356202,2024-11-25 19:26:42.333333333,13.879120349986101,39,5.820691093268158,3.970548717948724
786,9,19.555894115572887,73.37105204325653,2024-11-25 19:26:45.916666667,13.749219218938354,36,2.876884463784976,3.5092436420722164
787,9,19.556140504060238,73.37135767473413,2024-11-25 19:26:49.083333333,14.058269173441625,41,0.13891148546953547,3.312526146869006
788,9,19.556403885932873,73.37162393399242,2024-11-25 19:26:52.400000000,14.460649537036879,32,1.642407135146066,3.959061538461544
789,9,19.556691070284554,73.37195017936236,2024-11-25 19:26:54.733333333,15.060883043981358,40,0.8389262198527475,3.973411965811972
790,9,19.556981421758998,73.37225599657282,2024-11-25 19:26:58.083333333,15.89746273688018,28,2.7975367720692095,3.9552837606837654
791,9,19.55728094788446,73.37255867885034,2024-11-25 19:27:00.642857143,16.91927831130664,41,1.6979553496997075,3.2833009224202505
792,9,19.557586288370196,73.3728935427045,2024-11-25 19:27:04.043478261,17.890931604554684,30,1.214180516750352,3.959061538461544
793,9,19.557881655197466,73.37318744937122,2024-11-25 19:27:06.800000000,18.58812284096447,25,6.043571336984073,3.971275213675219
794,9,19.558174350300725,73.373491150701,2024-11-25 19:27:08.692307692,19.070412404945905,34,1.7128742371647707,3.5214431885574773
795,9,19.558499338257413,73.3737661386577,2024-11-25 19:27:10.882352941,19.672303119164194,35,2.3995383497957326,3.9387794871794917
796,9,19.55885871862917,73.37399618729883,2024-11-25 19:27:13.833333333,20.268662840791944,27,5.8861941003223,3.9845572649572705
797,9,19.55923812317701,73.37421408979958,2024-11-25 19:27:16.333333333,21.182537439612926,23,0.4101349178637531,3.971275213675219
798,9,19.559614862761038,73.37435303018589,2024-11-25 19:27:18.166666667,21.758091036413894,21,1.0589144417564094,3.971275213675219
799,9,19.560005629147938,73.37445268368447,2024-11-25 19:27:20.000000000,22.011700067921602,26,1.9378816502585423,3.973411965811972
800,9,19.560403999167,73.37455646093943,2024-11-25 19:27:22.083333333,22.637351851851353,24,4.264851553407449,3.5214431885574773
801,9,19.560789299309274,73.37469314863455,2024-11-25 19:27:24.250000000,23.546798926767146,22,1.3897841296711109,3.9552837606837654
802,9,19.561169474676483,73.37483253561028,2024-11-25 19:27:25.916666667,24.3477996779388,23,0.8796270523081962,3.973411965811972
803,9,19.56155449397802,73.37495550435982,2024-11-25 19:27:27.900000000,25.434213664596097,23,1.1934477990103265,3.8521470085470138
804,9,19.561969555247828,73.37507314319217,2024-11-25 19:27:29.714285714,26.770140589569305,21,1.3562915462190988,3.9384119658119716
805,9,19.56238359522014,73.37516995825035,2024-11-25 19:27:31.642857143,27.319085526315725,19,3.8075490040744238,3.3161077236022622
807,9,19.56322107908148,73.37536039854163,2024-11-25 19:27:34.800000000,27.670974999999896,20,0.9648014169370989,3.845548717948723
808,9,19.564100067656398,73.37553384464275,2024-11-25 19:27:38.000000000,27.82421497662978,23,0.7122051910811881,3.845548717948723
809,9,19.564543340952582,73.37556816065856,2024-11-25 19:28:13.166666666,27.491515127056616,29,0.9883959627311822,3.767728205128209
810,9,19.564988379113412,73.37552977707881,2024-11-25 19:28:21.882352941,27.18568838523104,22,0.4087955037333394,3.9384119658119716
811,9,19.56539507420165,73.37546079326114,2024-11-25 19:28:23.687500000,26.8640774363427,25,1.7979071941190885,3.9384119658119716
813,9,19.566181361875024,73.37520743268328,2024-11-25 19:28:27.444444444,26.643735785888282,22,2.868906014711499,3.973411965811972
814,9,19.566938365291893,73.37493612678801,2024-11-25 19:28:30.833333333,27.09832745064281,22,0.361114346930145,3.935548717948724
815,9,19.567349115321107,73.37481138095258,2024-11-25 19:28:32.428571429,26.893793792516995,21,5.128200269438987,3.7449303680446593
816,9,19.567785033795936,73.37473068774554,2024-11-25 19:28:34.500000000,26.586034509637145,21,1.2080977472720094,3.631160232298051
817,9,19.568221412314266,73.37467823326934,2024-11-25 19:28:36.285714286,26.143097783866786,21,2.4057052652638733,3.971275213675219
818,9,19.568658608712404,73.37463302090384,2024-11-25 19:28:37.916666667,25.512736256771007,28,0.3116739469888863,3.959061538461544
819,9,19.569483556459737,73.37454119065418,2024-11-25 19:28:41.800000000,24.22389819444482,20,2.7368415702626514,3.9384119658119716
820,9,19.56987073518839,73.37449734816282,2024-11-25 19:28:43.500000000,23.66933048433078,26,0.997399638238731,3.9552837606837654
821,9,19.570299057846473,73.37448120816441,2024-11-25 19:28:45.583333333,23.079368491444466,27,1.0634495297034128,3.959061538461544
822,9,19.57071405915813,73.37445155278468,2024-11-25 19:28:47.578947368,22.170794572158382,29,0.3970178585247536,3.83564273504274
823,9,19.571124585611507,73.37446824521692,2024-11-25 19:28:50.000000000,21.254393859649184,19,0.34106200751544596,3.973411965811972
824,9,19.571511544692235,73.3745425277504,2024-11-25 19:28:51.583333333,20.894762983092033,23,0.7537322233756768,3.935548717948724
825,9,19.571855363636068,73.37467509884144,2024-11-25 19:28:53.750000000,20.85488283475733,26,1.5364942986897463,3.337448770277344
826,9,19.57217424361056,73.37482485430857,2024-11-25 19:28:55.500000000,21.445728535352956,22,2.894581184381644,3.8521470085470138
827,9,19.572451474846336,73.37500519339062,2024-11-25 19:28:57.500000000,22.709500934828053,20,3.8772918123416367,3.971275213675219
828,9,19.572704378175548,73.37524458930423,2024-11-25 19:28:59.076923077,23.807410745613982,19,1.6627179506769005,3.845548717948723
829,9,19.572975311869058,73.3754917579669,2024-11-25 19:29:00.700000000,24.845721929824183,19,5.894750149978522,3.9384119658119716
830,9,19.573491828005512,73.37599459600588,2024-11-25 19:29:03.750000000,25.541577408702437,22,1.5379479990684866,3.845548717948723
831,9,19.573786235847265,73.37629149087664,2024-11-25 19:29:05.700000000,25.321803518518443,18,1.7402152499840937,3.9384119658119716
832,9,19.574106807932512,73.37661066519408,2024-11-25 19:29:07.120000000,24.795243777777817,35,0.6778327526043005,3.941352136752142
833,9,19.57469941452512,73.3771224129894,2024-11-25 19:29:10.700000000,23.996215919576787,25,5.447784194242435,3.973411965811972
834,9,19.575052075159086,73.37778117070138,2024-11-25 19:29:14.083333333,23.315146726190708,20,2.163719464208796,3.935548717948724
835,9,19.575203001012397,73.37807840334047,2024-11-25 19:29:15.857142857,23.228478945105827,25,4.211998417064122,3.921052991452997
836,9,19.57540318519885,73.37883680318427,2024-11-25 19:29:19.000000000,23.225702538780666,22,0.3812770538748574,3.959061538461544
837,9,19.575542603950836,73.37925322208656,2024-11-25 19:30:00.857142857,23.223715660430845,21,0.5394666104946156,3.9384119658119716
838,9,19.575662661272894,73.37960398513606,2024-11-25 19:30:03.000000000,22.65962353801255,19,2.817538333146529,3.959061538461544
839,9,19.57576797525716,73.37995993004394,2024-11-25 19:30:04.583333333,21.571495772947088,23,3.7343846208547156,3.5214431885574773
840,9,19.575911297422458,73.3803294142308,2024-11-25 19:30:06.200000000,20.718769528620246,22,0.972353876828335,3.845548717948723
841,9,19.57608643658798,73.38071743389045,2024-11-25 19:30:08.166666667,18.597071983274706,31,3.157255033243865,3.9384119658119716
842,9,19.576273652410563,73.38110921881207,2024-11-25 19:30:10.833333333,17.041267254754903,37,3.850164854667469,3.9552837606837654
843,9,19.57649436914809,73.3814346886832,2024-11-25 19:30:13.900000000,17.380407022392326,28,4.587129807824451,3.312526146869006
844,9,19.576785118545498,73.38171643234213,2024-11-25 19:30:16.142857143,17.5253853982951,27,1.4730906058066844,3.917275213675219
845,9,19.577132698748777,73.38195026676067,2024-11-25 19:30:17.916666667,17.661135416666596,36,1.7414020765792042,3.9552837606837654
846,9,19.577503383316966,73.38213114827886,2024-11-25 19:30:20.916666667,17.839046296296228,35,1.6584891407944267,3.2056463631606498
847,9,19.577912580159293,73.38226636387296,2024-11-25 19:30:24.000000000,18.029694841269816,35,2.223893891325523,3.971275213675219
848,9,19.578344353628076,73.38238267033599,2024-11-25 19:30:27.000000000,18.200759315134103,29,0.8742117413777224,3.959061538461544
849,9,19.578769730575193,73.38251293204891,2024-11-25 19:30:29.400000000,18.346959763313404,26,1.407358367672552,3.9552837606837654
850,9,19.57918886630823,73.38266020044733,2024-11-25 19:30:31.923076923,18.737909132071817,35,1.016786431172957,3.973411965811972
851,9,19.579606625670984,73.38282360835399,2024-11-25 19:30:34.928571429,20.08066654265868,28,0.2898833148507847,3.959061538461544
852,9,19.580016556650527,73.38300896986223,2024-11-25 19:30:37.600000000,21.16732583689461,26,0.06473487496494551,3.959061538461544
853,9,19.580420559455266,73.38321620198121,2024-11-25 19:30:39.800000000,21.360671392081787,29,0.5450469349277186,3.959061538461544
854,9,19.580813920209273,73.38341346872508,2024-11-25 19:30:41.714285714,21.500642001424502,20,1.9328891816741216,3.971275213675219
855,9,19.581186897977812,73.38364530822591,2024-11-25 19:30:44.230769231,21.623134942344542,29,1.796936923026402,3.971275213675219
856,9,19.581553666183844,73.38391992622844,2024-11-25 19:30:46.437500000,21.65840610734842,20,5.884995985539628,3.959061538461544
857,9,19.58192568218996,73.38418426737763,2024-11-25 19:30:48.666666667,20.702667782134107,33,1.940514088684445,3.970548717948724
858,9,19.582251102108224,73.38442991857758,2024-11-25 19:30:51.600000000,19.247170309397255,24,2.5583214772529272,3.5214431885574773
859,9,19.58254695110866,73.38467477765796,2024-11-25 19:30:53.454545455,19.761511401515055,20,4.760276882695069,3.959061538461544
860,9,19.582854183882432,73.38497918388244,2024-11-25 19:30:55.600000000,20.384022411616172,24,0.6013371028140236,3.959061538461544
861,9,19.58316548580115,73.38531577147296,2024-11-25 19:30:57.636363636,20.51112422613228,31,3.3373137344725734,3.973411965811972
862,9,19.58348331475152,73.38562334482407,2024-11-25 19:31:37.437500000,20.638969270833325,20,0.4846684153395463,3.9384119658119716
863,9,19.583791237038895,73.38591752022515,2024-11-25 19:31:42.181818182,20.923071070553842,33,0.7337455881640592,3.9445316239316286
864,9,19.584076083490373,73.38625681633746,2024-11-25 19:31:45.166666667,21.534415246212006,20,1.1392389692371785,3.9494803418803484
865,9,19.58435022567692,73.38663472118374,2024-11-25 19:31:47.000000000,22.083649771062387,26,0.5424477593265918,3.887369230769234
866,9,19.58463371245871,73.38697001099594,2024-11-25 19:31:49.000000000,22.874660833333383,25,2.979632971067387,3.971275213675219
867,9,19.585124438896734,73.38763496621874,2024-11-25 19:31:52.800000000,23.579399305555558,21,4.532700768857232,3.971275213675219
868,9,19.585376280081462,73.38797711812768,2024-11-25 19:31:54.900000000,24.022663342665886,23,4.4796901935924565,3.9552837606837654
869,9,19.585640361647588,73.38834717549432,2024-11-25 19:31:57.000000000,24.609136153198804,24,1.1629676555443065,3.959061538461544
870,9,19.585968695275366,73.3886664036907,2024-11-25 19:31:59.000000000,25.437188407512775,32,0.3125492139484196,3.784232478632483
871,9,19.586657291639078,73.38927633375968,2024-11-25 19:32:03.000000000,26.62451264778467,22,0.4300453155798682,3.917275213675219
872,9,19.5869964059589,73.38955285454409,2024-11-25 19:32:04.500000000,26.953328993506684,25,2.67467431165556,3.959061538461544
873,9,19.58768996577501,73.39011741142875,2024-11-25 19:32:08.500000000,25.240399999999948,24,1.0157431683662483,3.9384119658119716
874,9,19.588063498561354,73.39034010986677,2024-11-25 19:32:10.400000000,23.891222604588517,19,0.021683315710305278,3.935548717948724
875,9,19.588438017439458,73.39053126995918,2024-11-25 19:32:12.461538462,22.927935774572685,20,1.0437671502068278,3.973411965811972
876,9,19.588798483012333,73.39070811671633,2024-11-25 19:32:14.500000000,22.71343139619873,19,3.921980438791486,3.971275213675219
877,9,19.589177814237637,73.39087681410815,2024-11-25 19:32:16.000000000,22.93827637259695,31,0.6766501526286981,3.959061538461544
878,9,19.5895901782282,73.39106622900218,2024-11-25 19:32:18.363636364,23.19796906565658,24,0.33493240114396566,3.845548717948723
879,9,19.590000803045694,73.39125704230537,2024-11-25 19:32:20.636363636,23.48549448431685,19,2.0414908946277395,3.9384119658119716
880,9,19.59040263936658,73.3914427418477,2024-11-25 19:32:22.909090909,23.692461399711394,21,2.423829665350574,3.9384119658119716
881,9,19.590795156701095,73.39162127075244,2024-11-25 19:32:24.818181818,23.587201464646412,20,2.731735999448237,3.9845572649572705
882,9,19.59118452894719,73.39177880517244,2024-11-25 19:32:26.300000000,23.196649404958634,25,1.5489863425033041,3.9552837606837654
883,9,19.591583776612772,73.39194262552101,2024-11-25 19:32:28.727272727,22.781736802759497,26,1.7347194855661359,3.959061538461544
884,9,19.59198084884464,73.39209620042004,2024-11-25 19:32:30.333333333,22.241524687872573,28,5.032282231187926,3.8413948717948774
885,9,19.59239161084354,73.39217885656491,2024-11-25 19:32:33.652173913,21.728365021854163,21,1.0774164144544909,3.959061538461544
886,9,19.592833055844444,73.39218840362909,2024-11-25 19:32:35.600000000,21.544759020915755,23,0.9855937838000041,3.959061538461544
887,9,19.593247216572244,73.3921789422974,2024-11-25 19:32:37.125000000,21.69886349587916,21,3.149016698526844,3.959061538461544
888,9,19.59365407565101,73.39211246210432,2024-11-25 19:33:16.846153846,21.57190934166341,19,1.984739161118926,3.9384119658119716
889,9,19.594086223370613,73.39198585316251,2024-11-25 19:33:21.437500000,21.27752942203116,27,0.16576079391365708,3.959061538461544
890,9,19.594821526969874,73.39182562458525,2024-11-25 19:33:25.000000000,20.73079154418935,27,4.23018712848053,3.9384119658119716
891,9,19.595222236064757,73.39175289983726,2024-11-25 19:33:27.562500000,21.33681410734681,18,2.450305860877939,3.959061538461544
892,9,19.59560585435087,73.39168926782176,2024-11-25 19:33:30.076923077,21.65939421502515,26,3.871147713117861,3.959061538461544
893,9,19.595995019604175,73.39168685183938,2024-11-25 19:33:31.416666667,21.499487236368427,24,3.247146781571858,3.935548717948724
894,9,19.59644052465344,73.3917419904572,2024-11-25 19:33:33.700000000,21.205598591820984,24,0.43656981163065717,3.959061538461544
895,9,19.596876170521817,73.3918552265263,2024-11-25 19:33:36.000000000,20.689472222222225,30,0.8791779602440168,3.9552837606837654
896,9,19.597276825715376,73.39202365754693,2024-11-25 19:33:38.200000000,20.562384818080712,23,4.408736058760424,3.9552837606837654
897,9,19.597620912201833,73.39220814228838,2024-11-25 19:33:40.818181818,22.056247424242315,25,6.654277279224312,3.959061538461544
898,9,19.59849898959004,73.3928093605605,2024-11-25 19:33:45.461538462,24.69258254208339,29,4.058273120666208,3.83821538461539
899,9,19.59943814678965,73.39362556061585,2024-11-25 19:33:51.000000000,25.021897131997626,22,4.059895552664699,3.959061538461544
900,9,19.59971512697118,73.39394124137179,2024-11-25 19:33:52.700000000,26.30735811237387,22,1.211314102886264,3.8521470085470138
901,9,19.60029283010472,73.39460021284586,2024-11-25 19:33:56.000000000,28.613424463937775,19,1.1171523012002778,3.959061538461544
902,9,19.600599414479433,73.39494915405498,2024-11-25 19:33:57.666666667,29.579742151675408,21,0.3912176029269201,3.973411965811972
903,9,19.601829810688287,73.39623312572365,2024-11-25 19:34:04.000000000,27.916863932291676,24,0.969915841685644,3.971275213675219
904,9,19.60218782913047,73.3965017958632,2024-11-25 19:34:05.687500000,26.70281023637822,20,0.7909468383482376,3.7383662654805563
905,9,19.602572673017708,73.39674687704982,2024-11-25 19:34:07.769230769,26.300535283804486,26,0.9880773069928284,3.971275213675219
906,9,19.603380248997432,73.39713452738025,2024-11-25 19:34:11.400000000,26.047736174242445,24,0.4270659938325525,3.959061538461544
907,9,19.604192824564826,73.39736033398773,2024-11-25 19:34:15.000000000,26.267919893472055,23,0.11889653781787213,3.973411965811972
908,9,19.605078974918392,73.39743179339268,2024-11-25 19:34:18.818181818,26.49136111111111,21,0.7750639412100693,3.845548717948723
909,9,19.605513479010845,73.39747667679592,2024-11-25 19:35:00.727272727,26.5155442568541,21,1.4740737846493697,3.845548717948723
910,9,19.606273510800328,73.39758831698592,2024-11-25 19:35:04.000000000,26.288691520467836,19,2.8037052163129372,3.845548717948723
911,9,19.606668203190992,73.39768646283522,2024-11-25 19:35:05.900000000,26.224804692760937,20,4.194517512268252,3.935548717948724
912,9,19.607069271368957,73.39781652916757,2024-11-25 19:35:07.363636364,26.17425925757576,25,0.5287342299014312,3.973411965811972
913,9,19.607866948838243,73.39812107674709,2024-11-25 19:35:11.000000000,25.48811105232224,21,0.2127629711221407,3.959061538461544
914,9,19.608257407108653,73.39831678050086,2024-11-25 19:35:13.111111111,24.954439476778468,21,0.35351038309100646,3.971275213675219
915,9,19.608618894998077,73.39855176397046,2024-11-25 19:35:15.142857143,23.874361333333386,25,4.049435213409895,3.9845572649572705
916,9,19.608946304354586,73.39882568680486,2024-11-25 19:35:16.600000000,22.726268055555703,24,4.7786325558163965,3.971275213675219
917,9,19.609238287138677,73.3991245608999,2024-11-25 19:35:19.000000000,22.1170842981093,20,0.5204541087494761,3.739861050317563
918,9,19.609653312979184,73.39960051948472,2024-11-25 19:35:22.272727273,22.439306643356613,30,2.6004689741260734,3.935548717948724
919,9,19.61004639535142,73.40060912981998,2024-11-25 19:35:27.153846154,23.057233589743596,25,4.602213540012199,3.959061538461544
920,9,19.610137954726387,73.40130173423162,2024-11-25 19:35:30.200000000,23.264723792270487,23,1.0531199614633746,3.9552837606837654
921,9,19.610222615960843,73.40171890124766,2024-11-25 19:35:31.916666667,23.369139448883065,23,6.889431522364252,3.959061538461544
922,9,19.610203391077725,73.40210020076873,2024-11-25 19:35:34.230769231,23.462604711290616,26,5.344128992101579,3.9845572649572705
923,9,19.61007193496182,73.40253429584337,2024-11-25 19:35:35.857142857,23.484810364818077,18,3.132106638533786,3.971275213675219
924,9,19.609966067431948,73.40299790032634,2024-11-25 19:35:37.800000000,23.50045096296297,25,3.7384953273006265,3.653947462061751
925,9,19.60986937832159,73.40346366709566,2024-11-25 19:35:40.000000000,23.52198843928745,28,0.5254927818853805,3.431306889935464
926,9,19.609825139983364,73.40428948407246,2024-11-25 19:35:43.538461538,20.608952107279812,29,4.799105818811631,3.9552837606837654
927,9,19.60983259393941,73.40473137214687,2024-11-25 19:35:45.913043478,16.19656854183483,34,2.7091366735297577,3.9552837606837654
928,9,19.609907360950594,73.40517412522023,2024-11-25 19:35:48.923076923,15.077205993081,35,3.025810991483435,3.5214431885574773
929,9,19.610019539374807,73.40561141352053,2024-11-25 19:35:51.923076923,15.819183484973852,31,0.7495518260571216,3.941352136752142
930,9,19.610199755297803,73.4059728206413,2024-11-25 19:35:54.700000000,16.596539062500014,32,6.4341914681821955,3.9552837606837654
931,9,19.61037814993822,73.40633739638784,2024-11-25 19:35:57.700000000,17.09942732776485,26,5.094860127440962,3.959061538461544
932,9,19.61058997063534,73.40673524263502,2024-11-25 19:36:32.545454545,17.33901936172068,29,0.8131056724668649,3.845548717948723
933,9,19.610883237277342,73.40708358210165,2024-11-25 19:36:42.200000000,17.94982548500864,42,0.8390634158790217,3.9552837606837654
934,9,19.61119752018685,73.40736576383262,2024-11-25 19:36:45.833333333,19.10882410198948,22,2.7660370743722362,3.973411965811972
935,9,19.61152085017794,73.40763737209413,2024-11-25 19:36:47.619047619,20.05894607763739,21,2.180008073412523,3.9384119658119716
936,9,19.611884380342023,73.40789833698915,2024-11-25 19:36:50.000000000,21.364683771209734,29,2.795055353838313,3.971275213675219
937,9,19.612267142965663,73.40812165101849,2024-11-25 19:36:52.400000000,22.758571901709406,26,1.609789346129488,3.9552837606837654
938,9,19.612648846306023,73.40835826929336,2024-11-25 19:36:54.840000000,23.3555295321637,19,0.13994864346720573,3.3553572962518348
939,9,19.613015666847335,73.40862076023008,2024-11-25 19:36:56.900000000,23.57564199954078,22,2.7365300614511763,3.973411965811972
940,9,19.613351889267612,73.40892651384783,2024-11-25 19:36:58.500000000,23.277078373015772,28,0.4162798818793387,3.385131582889567
941,9,19.61365876560508,73.40926862836267,2024-11-25 19:37:01.000000000,22.8710218536608,21,0.6004095129004711,3.959061538461544
942,9,19.61389727591581,73.40958421950843,2024-11-25 19:37:03.000000000,22.98516280864184,19,6.8964373412808095,3.971275213675219
943,9,19.614125065321765,73.40991426200146,2024-11-25 19:37:04.500000000,23.21198221801345,26,0.20471264188129823,3.9384119658119716
944,9,19.614387763004768,73.41030166727778,2024-11-25 19:37:06.909090909,23.465965628507313,20,1.1759758659274144,3.973411965811972
945,9,19.614647648833316,73.41069122324997,2024-11-25 19:37:08.818181818,23.686584559361716,23,0.34305823361249077,3.845548717948723
946,9,19.61489456743143,73.41099725090763,2024-11-25 19:37:10.600000000,24.119410010521914,25,4.907938560137032,3.845548717948723
947,9,19.61525753781815,73.41157589192844,2024-11-25 19:37:14.000000000,25.16788399621217,21,3.3109171235209733,3.973411965811972
948,9,19.615750636643284,73.41230986013686,2024-11-25 19:37:17.600000000,26.403780218397834,23,0.938343822338833,3.845548717948723
949,9,19.61601725718141,73.41268973193809,2024-11-25 19:37:19.476190476,27.063535229448934,24,2.939188307907783,3.9384119658119716
950,9,19.61654432913124,73.41345872866948,2024-11-25 19:37:23.272727273,28.310610300723564,26,0.07703887841570725,3.845548717948723
951,9,19.6173019653637,73.41452513251583,2024-11-25 19:37:28.272727273,29.511072510558716,19,1.742753620006235,3.845548717948723
952,9,19.617529205574847,73.41492557611298,2024-11-25 19:37:29.666666667,28.881600904882056,26,0.5791524300661257,3.941352136752142
953,9,19.61804393383698,73.41565546980755,2024-11-25 19:37:33.461538462,26.6165359186783,19,2.0707344606257676,3.9384119658119716
954,9,19.61831487772586,73.41602219363688,2024-11-25 19:37:34.888888889,25.308746275890304,22,3.812126610799571,3.9384119658119716
955,9,19.618563834286924,73.41636210719764,2024-11-25 19:37:37.181818182,23.94450706742748,22,2.7381309061394337,3.959061538461544
956,9,19.619037344980608,73.4171091667295,2024-11-25 19:38:20.636363636,24.60182386623406,27,1.6582992225927573,3.9552837606837654
957,9,19.619551768088503,73.41783067925016,2024-11-25 19:38:24.384615385,24.63004347735588,22,2.3168635994717137,3.973411965811972
958,9,19.61980558763741,73.41819470266447,2024-11-25 19:38:26.285714286,23.663022276785572,25,1.1663792622765232,3.935548717948724
959,9,19.620097677991048,73.41852812639982,2024-11-25 19:38:28.312500000,22.57978762079935,22,1.9891855261748024,3.971275213675219
960,9,19.620424126951967,73.41884646692142,2024-11-25 19:38:30.538461538,21.88757349967827,31,2.4343025775494413,3.312526146869006
961,9,19.620780480796434,73.4191289157828,2024-11-25 19:38:33.000000000,21.410145162835253,29,1.0278411805572836,3.959061538461544
962,9,19.62116373631168,73.4193350833975,2024-11-25 19:38:35.800000000,20.83937445436491,28,1.871063996294382,3.9552837606837654
963,9,19.621566013686618,73.41949640630006,2024-11-25 19:38:38.100000000,19.704161111111162,18,1.1903534835094574,3.9384119658119716
964,9,19.621988348743344,73.4196200388713,2024-11-25 19:38:40.000000000,18.890448232323195,30,1.3982509114335326,3.9552837606837654
965,9,19.622413367074905,73.41969793064865,2024-11-25 19:38:42.454545455,18.748944591113236,33,0.8621450457102474,3.959061538461544
966,9,19.622826362923888,73.41977540066452,2024-11-25 19:38:45.272727273,19.436955387205373,18,2.6129637265743746,3.971275213675219
967,9,19.623230074878876,73.41984468620025,2024-11-25 19:38:47.818181818,20.83913995422984,24,2.112977772464606,3.8241384615384657
968,9,19.623610251508204,73.41992151657278,2024-11-25 19:38:49.500000000,21.85339341787436,23,2.7310834979377736,3.9552837606837654
969,9,19.62396163509464,73.41998893729826,2024-11-25 19:38:51.800000000,23.033684604700774,25,2.175692469580468,3.941352136752142
970,9,19.624808594959394,73.42008029819246,2024-11-25 19:38:55.250000000,24.591250082671785,21,0.7458437632940961,3.845548717948723
972,9,19.625691692478778,73.4202170038065,2024-11-25 19:38:59.000000000,25.916674047618944,25,0.5993355796520126,3.935548717948724
973,9,19.626129662908205,73.42028595673212,2024-11-25 19:39:01.000000000,25.652710437710414,21,0.30847421777391165,3.845548717948723
974,9,19.62657514110524,73.42035067742688,2024-11-25 19:39:02.909090909,25.36899841215184,22,0.910711544506811,3.971275213675219
975,9,19.627012008732024,73.42041336261124,2024-11-25 19:39:05.000000000,25.020561904761838,21,1.6234319596058577,3.935548717948724
976,9,19.627426360750974,73.42047915381073,2024-11-25 19:39:07.000000000,23.487622222222225,25,1.5940484463938815,3.971275213675219
977,9,19.627830225948852,73.42056025496115,2024-11-25 19:39:08.920000000,21.088330056980706,18,1.1622653656790911,3.845548717948723
978,9,19.62825140324896,73.42066349120475,2024-11-25 19:39:10.692307692,16.49576923076828,36,2.408196768304137,3.845548717948723
979,9,19.628619854540524,73.4207450382198,2024-11-25 19:39:13.800000000,6.927191814358646,65,1.2785031881916102,3.982078632478638
980,9,19.62895570392338,73.42088346779528,2024-11-25 19:40:00.363636364,8.18166637711438,83,1.591853466384325,3.9384119658119716
981,9,19.629330078895123,73.42109917941198,2024-11-25 19:40:06.761904762,11.632074886621263,50,3.088317258407367,3.9858564102564156
982,9,19.6296745948868,73.42134444531236,2024-11-25 19:40:12.071428571,14.7029682904414,34,2.0893660129458036,3.9552837606837654
983,9,19.62999067979546,73.42158437261062,2024-11-25 19:40:14.312500000,16.705774383457925,24,2.8619169044646076,3.941352136752142
984,9,19.630292507925148,73.42181796507847,2024-11-25 19:40:16.923076923,18.667468799857613,30,0.8887843995440777,3.959061538461544
985,9,19.630554672464967,73.42210401972967,2024-11-25 19:40:19.700000000,20.12223145586316,23,3.358659083084863,3.8521470085470138
986,9,19.630802899120646,73.42241232027655,2024-11-25 19:40:21.454545455,21.534242094861582,23,3.3035194055872887,3.973411965811972
987,9,19.631213109749694,73.42306420882161,2024-11-25 19:40:24.769230769,22.216856450044176,29,1.903360973191475,3.4527072700875236
988,9,19.63142505672173,73.42345197438381,2024-11-25 19:40:27.000000000,22.008354292084856,23,2.487933550112537,3.6352239316239343
989,9,19.631657519188863,73.42416176404063,2024-11-25 19:40:31.100000000,19.63617895100056,23,1.6819177291746652,3.8521470085470138
990,9,19.631714638923587,73.42456358083865,2024-11-25 19:40:32.928571429,19.946548561287177,22,0.46494124215760446,3.959061538461544
991,9,19.63173251047082,73.42499772605191,2024-11-25 19:40:35.153846154,19.74060597746684,25,0.5179971363496317,3.9552837606837654
992,9,19.631739642275186,73.4253923215449,2024-11-25 19:40:36.909090909,19.029116017466304,30,0.6816318724502856,3.959061538461544
993,9,19.631717599286368,73.42582538868601,2024-11-25 19:40:39.666666667,19.51435936898436,37,1.4997457097478875,3.7031384615384657
994,9,19.63164326542367,73.4262943158023,2024-11-25 19:40:42.923076923,19.72600258445259,21,0.7266833359394701,3.576593615907905
995,9,19.631545909760966,73.42674968334435,2024-11-25 19:40:44.600000000,19.91435821759266,24,3.229856229096717,3.4275850688993574
996,9,19.631443116550464,73.42719738597648,2024-11-25 19:40:46.800000000,20.58058933455426,35,1.5261547227413317,3.4169077969649426
997,9,19.63132936101837,73.42765242251612,2024-11-25 19:40:49.923076923,21.78416068248894,21,0.6242938892056066,3.9384119658119716
998,9,19.63126349749754,73.42806384638564,2024-11-25 19:40:51.312500000,22.911741669324396,28,4.635599860244164,3.959061538461544
999,9,19.631036685638577,73.42889076717896,2024-11-25 19:40:55.187500000,26.101887303018014,20,1.407434066649742,3.959061538461544
1000,9,19.63081423924801,73.42980337034327,2024-11-25 19:41:08.750000000,28.842249348958333,19,0.024113488421900704,3.971275213675219
1001,9,19.630725167127338,73.4302270373982,2024-11-25 19:41:28.906250000,29.757325303819304,21,4.934542294538109,3.342437693538954
1002,9,19.630626976104814,73.430647070686,2024-11-25 19:41:42.000000000,30.83486472800926,18,1.5286516145062747,3.7103577184720087
1003,9,19.6305304847312,73.43109315119662,2024-11-25 19:41:43.187500000,31.52556916429943,20,3.2281412776240574,3.959061538461544
1004,9,19.629993708963127,73.43336488494096,2024-11-25 19:41:51.181818182,26.230096548821468,20,1.4535028175732805,3.7383662654805563
1005,9,19.62989623443771,73.43377120121508,2024-11-25 19:41:53.090909091,24.11089553429016,19,1.9134847675840438,3.971275213675219
1006,9,19.629761822754247,73.43416890288015,2024-11-25 19:41:54.909090909,23.371951373016017,25,0.29825465951729657,3.959061538461544
1007,9,19.629581751371177,73.43458126938096,2024-11-25 19:41:57.071428571,23.210416797939832,24,0.8107738774112289,3.973411965811972
1008,9,19.629364978694927,73.43497010235178,2024-11-25 19:41:59.000000000,23.600924459397287,23,0.7917433015022757,3.959061538461544
1010,9,19.62885903224288,73.43556957839951,2024-11-25 19:42:02.727272727,24.197981157731117,24,3.141442267227895,3.7383662654805563
1011,9,19.62857491417059,73.4358772432524,2024-11-25 19:42:04.923076923,24.361939758584526,19,3.727339081420282,3.971275213675219
1013,9,19.62807402362294,73.43659568055621,2024-11-25 19:42:08.000000000,24.94860416666667,22,2.6544566074532376,3.941352136752142
1014,9,19.627882618685874,73.43699058052461,2024-11-25 19:42:10.142857143,25.55523016341537,21,2.741811945784924,3.9384119658119716
1015,9,19.62769069862961,73.43736438870997,2024-11-25 19:42:12.090909091,25.6427847668604,18,1.0855944830541098,3.9384119658119716
1016,9,19.627527475133384,73.4377167083131,2024-11-25 19:42:13.818181818,24.34898901219575,23,4.257926312632652,3.9384119658119716
1017,9,19.627342651265934,73.43810131480893,2024-11-25 19:42:15.615384615,23.346980769230317,20,1.4078286044430681,3.7383662654805563
1018,9,19.62715599808572,73.43850991388835,2024-11-25 19:42:17.142857143,22.53414790764808,22,3.058159146080436,3.941352136752142
1019,9,19.627034897560215,73.43894040063367,2024-11-25 19:42:19.074074074,21.92354888888888,30,1.3913295089291187,3.971275213675219
1020,9,19.626966625145634,73.43940903247687,2024-11-25 19:42:22.000000000,21.408394620811276,30,1.3704593105723306,3.973411965811972
1021,9,19.62695635576365,73.43988146890342,2024-11-25 19:42:23.857142857,21.344518959435632,18,2.0575697735915073,3.9384119658119716
1022,9,19.627035899544342,73.44033877749406,2024-11-25 19:42:26.200000000,20.838815134099445,29,2.667655079070051,3.973411965811972
1023,9,19.627185176700237,73.44076983253899,2024-11-25 19:42:28.500000000,19.101131365740738,30,1.0934117506805567,3.9552837606837654
1024,9,19.627394044111426,73.44118380191564,2024-11-25 19:42:31.200000000,18.714352091325946,28,0.3576937154645786,3.941352136752142
1025,9,19.627617998478314,73.44154894341533,2024-11-25 19:42:34.000000000,18.90602459216138,28,4.671738259889549,3.959061538461544
1026,9,19.627852229752285,73.4419069601044,2024-11-25 19:42:36.090909091,19.390146551724143,29,0.45119916803181437,3.9384119658119716
1027,9,19.62807174677006,73.44228841134155,2024-11-25 19:42:38.500000000,19.95184685337808,28,3.181459512714325,3.8521470085470138
1028,9,19.628292253986935,73.44266686656422,2024-11-25 19:43:21.307692308,20.528705938572163,28,2.7950385396634756,3.959061538461544
1029,9,19.628495803795587,73.4430845180045,2024-11-25 19:43:22.904761905,21.071743180868804,19,0.9212293754943877,3.845548717948723
1030,9,19.628605607853437,73.44353999223763,2024-11-25 19:43:25.400000000,21.477396407264585,29,0.1018031166734293,3.9552837606837654
1031,9,19.628652294537325,73.44394788906696,2024-11-25 19:43:28.000000000,21.517431277096644,23,1.4514518354909764,3.959061538461544
1032,9,19.628601069427205,73.4447204944911,2024-11-25 19:43:31.600000000,22.392425050875154,21,4.116237810501752,3.8098581196581254
1033,9,19.62845965844854,73.44516411332842,2024-11-25 19:43:33.300000000,23.065948307291674,32,0.48977673729778987,3.9552837606837654
1034,9,19.628255413855488,73.44609391701651,2024-11-25 19:43:37.538461538,24.423804275852504,24,0.46665949444860344,3.973411965811972
1035,9,19.628173360221204,73.44656278684852,2024-11-25 19:43:39.476190476,24.941293231074457,20,0.7169047328098053,3.855924786324792
1036,9,19.62812434859472,73.44702339598045,2024-11-25 19:43:41.600000000,25.695056102987994,22,0.9692121806707376,3.959061538461544
1037,9,19.628160098111042,73.44785342912914,2024-11-25 19:43:45.000000000,25.75282396429274,20,3.514447406510382,3.9384119658119716
1038,9,19.62816847985053,73.44870077013957,2024-11-25 19:43:48.100000000,24.198065003174293,25,2.5416037646827396,3.973411965811972
1039,9,19.62818677097277,73.44915587796265,2024-11-25 19:43:50.100000000,25.07334755555556,25,0.03926837914723743,3.971275213675219
1040,9,19.628232366381532,73.4500968509141,2024-11-25 19:43:54.000000000,27.130820770202174,22,0.12714754266624517,3.7383662654805563
1041,9,19.628251817818573,73.45056119783294,2024-11-25 19:43:55.800000000,28.101184437021505,20,0.7538559838214474,3.971275213675219
1042,9,19.62826625769783,73.45101796985556,2024-11-25 19:43:57.809523810,28.166377864094418,19,3.981159713207291,3.971275213675219
1043,9,19.628277617740032,73.45147484942686,2024-11-25 19:43:59.166666667,27.003804067460855,18,0.08112047955084449,3.935548717948724
1044,9,19.62828774470237,73.45194620743155,2024-11-25 19:44:00.700000000,25.316301242235795,23,0.08100480732649826,3.959061538461544
1045,9,19.62828653340172,73.45241074183488,2024-11-25 19:44:02.818181818,23.613995941558596,22,0.5200682318725379,3.917275213675219
1046,9,19.6282726598818,73.45286935072212,2024-11-25 19:44:05.000000000,22.817126749697323,30,1.2048468208619985,3.9552837606837654
1047,9,19.628245713924763,73.45331313293838,2024-11-25 19:44:07.461538462,23.62673476263327,21,0.27654367374048267,3.973411965811972
1048,9,19.62819936457277,73.4537579091709,2024-11-25 19:44:09.272727273,24.418143446969665,25,0.8995551757155341,3.9552837606837654
1049,9,19.628120053647265,73.45421796945334,2024-11-25 19:44:11.300000000,25.219520114942746,29,0.533681210647448,3.784232478632483
1050,9,19.62788247579484,73.45513860053941,2024-11-25 19:44:15.125000000,26.74188313802084,31,0.5946456477759644,3.973411965811972
1051,9,19.627437385238782,73.45687505435862,2024-11-25 19:45:02.074074074,28.326412037037038,23,0.049193075777871166,3.959061538461544
1052,9,19.62730656986804,73.4573170341558,2024-11-25 19:45:03.703703704,27.844634637995856,21,1.29740991789225,3.973411965811972
1053,9,19.627215745116914,73.4577395468259,2024-11-25 19:45:05.923076923,27.12709033156743,18,3.4196582075391335,3.971275213675219
1054,9,19.626948428393774,73.45861125619763,2024-11-25 19:45:09.000000000,25.728096707819038,21,0.9516467670390137,3.971275213675219
1055,9,19.62682795064049,73.4590510800601,2024-11-25 19:45:11.000000000,23.96852361111111,30,1.2992462578165178,3.8241384615384657
1056,9,19.626707035279125,73.45949156416913,2024-11-25 19:45:12.937500000,21.71677703612149,22,1.0450395461526834,3.6938534449677345
1057,9,19.62658284233882,73.45994544790756,2024-11-25 19:45:15.181818182,20.907743968704754,32,0.38023537626264803,3.9552837606837654
1058,9,19.626462223021782,73.46040219259852,2024-11-25 19:45:18.000000000,19.981982465312456,30,0.3298480361043862,3.9552837606837654
1059,9,19.626343371808233,73.46086084386204,2024-11-25 19:45:21.076923077,19.798773768356618,25,2.4995033032678786,3.971275213675219
1060,9,19.626236745334214,73.4613160403556,2024-11-25 19:45:23.000000000,20.639455687830946,33,0.9943239535684448,3.971275213675219
1061,9,19.626151542134863,73.46177739946938,2024-11-25 19:45:25.857142857,22.050727843915176,18,1.4439902937636495,3.959061538461544
1062,9,19.626098320208353,73.46224832854975,2024-11-25 19:45:27.500000000,22.85962773242611,28,1.674895660830016,3.9552837606837654
1063,9,19.626095295698427,73.46271405733464,2024-11-25 19:45:29.900000000,22.518851282209713,28,1.4741082566191765,3.9845572649572705
1064,9,19.626118171831706,73.46316832349184,2024-11-25 19:45:32.428571429,22.565827075264444,19,1.8329107475804247,3.935548717948724
1065,9,19.62618102837924,73.46360766943198,2024-11-25 19:45:34.608695652,24.47803214626175,19,1.523032464363748,3.959061538461544
1066,9,19.626293198312624,73.464051920195,2024-11-25 19:45:36.125000000,25.84158746527778,20,1.3436571292326296,3.959061538461544
1067,9,19.626429817777275,73.46449071899812,2024-11-25 19:45:38.000000000,27.56079938271593,24,0.7586741997088374,3.973411965811972
1068,9,19.62661856859576,73.46488559312957,2024-11-25 19:45:39.666666667,28.54009027003588,23,3.1013385256910664,3.8241384615384657
1069,9,19.627058022174865,73.46569668593443,2024-11-25 19:45:43.125000000,28.92334201388889,25,0.4539831082818195,3.329990735268467
1070,9,19.62751226308715,73.46652072749622,2024-11-25 19:45:46.300000000,29.07667389499706,21,0.6070734087465856,3.959061538461544
1071,9,19.628171152966395,73.46769649012899,2024-11-25 19:45:51.000000000,26.669434193121695,21,0.5028755558180975,3.941352136752142
1072,9,19.62839520703215,73.46809970753208,2024-11-25 19:45:53.000000000,24.64704082854428,29,1.0521325961506147,3.973411965811972
1073,9,19.62904567332088,73.46921293850917,2024-11-25 19:45:58.615384615,21.11606856684972,28,1.3866228135994334,3.971275213675219
1074,9,19.629261855827895,73.46959861235123,2024-11-25 19:46:41.416666667,20.587170941642544,26,1.830574148816145,3.973411965811972
1075,9,19.629488838237332,73.46997873039555,2024-11-25 19:46:43.636363636,20.21488303489443,26,0.7676966816014467,3.9384119658119716
1076,9,19.629739017533254,73.47037390930848,2024-11-25 19:46:46.000000000,19.787510215794303,33,1.2667631802083898,3.9552837606837654
1077,9,19.629978233774295,73.47077413823294,2024-11-25 19:46:49.080000000,19.484655172413795,29,0.8883327320629145,3.970548717948724
1078,9,19.630219015905716,73.47117122644879,2024-11-25 19:46:51.500000000,19.444289614898988,24,2.023545666801733,3.9384119658119716
1079,9,19.630435461331306,73.47154734767153,2024-11-25 19:46:53.636363636,19.505907663957704,37,1.0227815045385797,3.9552837606837654
1080,9,19.630646020374414,73.47193081867162,2024-11-25 19:46:57.090909091,19.888651000748286,18,0.4445230058472621,3.845548717948723
1081,9,19.630891560601427,73.47232509743753,2024-11-25 19:46:58.818181818,20.295044481271013,32,0.9668548542588072,3.8413948717948774
1082,9,19.63113137590164,73.47271401287256,2024-11-25 19:47:01.600000000,20.493396484353763,23,1.4923093749424994,3.3175120181405915
1083,9,19.63136922559601,73.47309722460287,2024-11-25 19:47:03.692307692,19.24829603513756,36,1.9179670898376693,3.218093321431137
1084,9,19.63180016940055,73.47382597027706,2024-11-25 19:47:08.181818182,17.65301062901757,33,2.0294663898457004,3.609563829121392
1085,9,19.632033112423045,73.47421299895302,2024-11-25 19:47:11.000000000,18.01222311827957,31,0.9437326464978658,3.6352239316239343
1086,9,19.632252357223784,73.47459164779112,2024-11-25 19:47:14.142857143,19.013028705141664,23,3.500899014099704,3.855924786324792
1087,9,19.63248314934884,73.47494318022805,2024-11-25 19:47:15.700000000,20.20132290839963,36,1.7030162152053323,3.3142859831111933
1088,9,19.632720980371985,73.47532619201792,2024-11-25 19:47:18.857142857,21.281467410714196,20,1.6894551048738191,3.83821538461539
1089,9,19.63295784924256,73.47572938409856,2024-11-25 19:47:20.500000000,21.987096900738013,30,0.7531701518438254,3.941352136752142
1090,9,19.633209513596576,73.47612353162734,2024-11-25 19:47:23.363636364,21.945565728305787,22,0.7977695316725982,3.971275213675219
1091,9,19.633457487701232,73.47649563738234,2024-11-25 19:47:25.200000000,21.636165397805303,27,7.5303558731288796,3.959061538461544
1092,9,19.633704310828676,73.47686748397818,2024-11-25 19:47:27.750000000,21.479418494152064,19,0.8723430850970252,3.971275213675219
1093,9,19.633957530476145,73.47726022917718,2024-11-25 19:47:29.312500000,21.359724358237532,29,1.4221593327230906,3.9494803418803484
1094,9,19.63420425981103,73.47765406144866,2024-11-25 19:47:32.000000000,21.487941688712468,24,3.706582594985177,3.941352136752142
1095,9,19.634449016236626,73.47803437035952,2024-11-25 19:47:33.900000000,21.701018272860548,25,1.4180954566557162,3.9552837606837654
1096,9,19.634675769048528,73.4784082937357,2024-11-25 19:47:36.769230769,21.74884538493912,18,1.5874739487438845,3.727220966335257
1097,9,19.634910158013685,73.47877147566192,2024-11-25 19:47:38.090909091,21.73857859644847,31,2.618446583430425,3.9552837606837654
1098,9,19.635139493540606,73.47912243623291,2024-11-25 19:48:20.818181818,22.207669522497678,25,1.4112816069271952,3.845548717948723
1099,9,19.63534166453288,73.47949334985542,2024-11-25 19:48:23.000000000,22.795768824609805,19,0.6604369069814009,3.9384119658119716
1100,9,19.63557432045306,73.47984444077309,2024-11-25 19:48:24.636363636,23.255991673362335,18,3.760712311446873,3.855924786324792
1101,9,19.63579443182858,73.48021853193555,2024-11-25 19:48:26.312500000,23.70888759118956,18,3.5417427460410655,3.845548717948723
1102,9,19.636007343205357,73.4806353933142,2024-11-25 19:48:28.181818182,24.352172785163983,23,0.6628509007339556,3.8521470085470138
1103,9,19.636248713729792,73.48102837418315,2024-11-25 19:48:30.190476190,24.893364478114666,19,1.5263240754208462,3.935548717948724
1104,9,19.6364675460746,73.4813889737702,2024-11-25 19:48:32.090909091,24.835078931072868,29,1.874076009176761,3.9384119658119716
1105,9,19.636923319343115,73.48216366440789,2024-11-25 19:48:36.230769231,20.101259194509,22,1.0414753226070852,3.9384119658119716
1106,9,19.637192600542043,73.48254475001576,2024-11-25 19:48:38.000000000,17.314811144477346,37,2.650285630655237,3.9552837606837654
1107,9,19.637513279800025,73.48287388999957,2024-11-25 19:48:41.700000000,14.212528833459025,35,1.5536507450582902,3.935548717948724
1108,9,19.63786158533521,73.4831108698342,2024-11-25 19:48:44.900000000,14.85326988017429,34,2.7688483550706633,3.935548717948724
1109,9,19.638237150979997,73.48325920673167,2024-11-25 19:48:47.800000000,16.190151014957273,39,0.47334279911534843,3.935548717948724
1110,9,19.638652593140495,73.48333336872007,2024-11-25 19:48:50.875000000,18.292218936011903,28,5.62323006763591,3.959061538461544
1111,9,19.639057507944344,73.4833631477797,2024-11-25 19:48:53.312500000,19.997751916293414,21,3.208766656885102,3.959061538461544
1112,9,19.639461432504202,73.48333254357557,2024-11-25 19:48:55.461538462,22.13685233294505,25,3.4081487961594092,3.9552837606837654
1113,9,19.63988008652032,73.48327146158039,2024-11-25 19:48:57.818181818,23.769929240319737,24,1.3636939594159496,3.8098581196581254
1114,9,19.640280583253556,73.4832655239087,2024-11-25 19:48:59.312500000,24.891355737433862,28,2.7731958425538727,3.5214431885574773
1115,9,19.640692691341954,73.48323897555443,2024-11-25 19:49:02.055555556,25.39667006484592,18,3.6527771265807756,3.868138461538467
1116,9,19.64157323672466,73.48320437411186,2024-11-25 19:49:04.923076923,24.262253156565496,22,0.9251568652468091,3.973411965811972
1117,9,19.641998447295002,73.48315716977405,2024-11-25 19:49:07.000000000,21.992327520305967,23,1.1429017484267772,3.973411965811972
1118,9,19.642408852943024,73.48303679488387,2024-11-25 19:49:09.000000000,19.842930672268523,34,1.4102805279824286,3.971275213675219
1119,9,19.64280915746719,73.48282570058254,2024-11-25 19:49:12.000000000,16.986052025636784,35,0.6566868483641449,3.9552837606837654
1120,9,19.643179128682494,73.48259822826981,2024-11-25 19:49:15.363636364,16.155131550633943,31,3.96094599898441,3.959061538461544
1121,9,19.64352774931323,73.4823876031372,2024-11-25 19:49:18.272727273,17.355686553030278,24,0.9416014088561983,3.8521470085470138
1122,9,19.643893902474012,73.48225001089136,2024-11-25 19:50:00.000000000,18.200567066446084,31,4.296964359142917,3.9552837606837654
1123,9,19.644268971213066,73.48227398231155,2024-11-25 19:50:02.538461538,18.504811155319384,29,1.300337141152605,3.9552837606837654
1124,9,19.64459198810814,73.4824398569802,2024-11-25 19:50:05.454545455,16.48724718013482,30,7.392315884096526,3.845548717948723
1125,9,19.64485699754218,73.48270599293396,2024-11-25 19:50:07.384615385,15.710303479605294,41,1.3406827344926724,3.973411965811972
1126,9,19.645046736984575,73.48303540350277,2024-11-25 19:50:10.923076923,15.31177114260022,19,4.82118090017757,3.971275213675219
1127,9,19.64517715016712,73.48343704444251,2024-11-25 19:50:12.846153846,13.88872663995721,40,1.7816104220727205,3.959061538461544
1128,9,19.645389612064296,73.48383469699823,2024-11-25 19:50:16.000000000,13.408954686972304,47,4.196576099563139,3.998984615384621
1129,9,19.64574678992814,73.48407953542454,2024-11-25 19:50:20.437500000,13.623071522721034,41,3.1296187141325658,3.973411965811972
1130,9,19.646173140389813,73.48418874539544,2024-11-25 19:50:23.812500000,14.80999377170139,32,1.1864726365689116,3.845548717948723
1131,9,19.64660985447787,73.48426331421827,2024-11-25 19:50:27.181818182,15.817755117585058,37,2.7936124272760074,3.9384119658119716
1132,9,19.64704004405281,73.48436722065688,2024-11-25 19:50:30.428571429,16.051890911026575,41,2.527080897897914,3.970548717948724
1133,9,19.647441945124406,73.4845493971223,2024-11-25 19:50:34.000000000,15.633764501633989,34,1.13260573204405,3.958411965811972
1134,9,19.64775805625395,73.48478784344636,2024-11-25 19:50:37.363636364,14.986172131572209,23,7.010552413097952,3.845548717948723
1135,9,19.647991750704975,73.48509068642578,2024-11-25 19:50:39.153846154,14.94036924224762,44,2.9229775568238265,3.970548717948724
1136,9,19.64817729026789,73.48544460169909,2024-11-25 19:50:42.923076923,15.863851865384701,25,7.112256826142056,3.971275213675219
1137,9,19.64832885678791,73.48577350751961,2024-11-25 19:50:45.187500000,16.789391270881893,22,7.071880312578559,3.845548717948723
1138,9,19.648470182135284,73.48614361183516,2024-11-25 19:50:47.461538462,17.29227988006619,31,7.155618382158615,3.935548717948724
1139,9,19.64870202498286,73.48651945720471,2024-11-25 19:50:49.666666667,17.40032134259259,30,2.3968574357618038,3.959061538461544
1140,9,19.64904613552062,73.4868058849423,2024-11-25 19:50:53.153846154,18.316444088319177,30,6.5188322259793114,3.959061538461544
1141,9,19.64942273294415,73.48703474675777,2024-11-25 19:50:55.700000000,19.644377616747327,23,2.8843547067714064,3.917275213675219
1142,9,19.64978594648205,73.48718288151296,2024-11-25 19:50:57.909090909,20.68488396308762,27,2.9924806145394136,3.959061538461544
1143,9,19.65016000844832,73.48732449931435,2024-11-25 19:51:40.090909091,20.852359298451915,30,0.8090271427423532,3.9845572649572705
1144,9,19.65056246155911,73.4875357003364,2024-11-25 19:51:42.000000000,20.91903070987656,20,2.0807216499905223,3.9384119658119716
1145,9,19.650937908813532,73.48779438491493,2024-11-25 19:51:44.380952381,20.972156497309292,26,3.0712734413296845,3.973411965811972
1146,9,19.651263046939448,73.48810151133816,2024-11-25 19:51:46.800000000,21.062482671957714,26,0.5289802453231163,3.973411965811972
1147,9,19.65153012687839,73.48846554924252,2024-11-25 19:51:49.000000000,21.278337425595296,32,0.9949084507815804,3.973411965811972
1148,9,19.65173412561831,73.48883358847905,2024-11-25 19:51:50.952380952,21.51293380872815,19,0.20981144730411155,3.959061538461544
1149,9,19.65186082268264,73.48923389356392,2024-11-25 19:51:53.600000000,21.766126010101004,22,0.4321752256773022,3.9845572649572705
1150,9,19.651943614943,73.48970257688197,2024-11-25 19:51:55.900000000,21.98081137626267,20,0.7931670211557611,3.959061538461544
1151,9,19.652030216723155,73.49012831288178,2024-11-25 19:51:57.700000000,21.85489538439959,18,1.762603534288823,3.971275213675219
1152,9,19.6520998606356,73.49053128934253,2024-11-25 19:51:59.800000000,19.71873717186499,30,1.0792870560516823,3.9552837606837654
1153,9,19.65214920835426,73.49094454540842,2024-11-25 19:52:02.473684211,17.663907533985903,22,4.128041190326317,3.973411965811972
1154,9,19.652171058408893,73.49136573075938,2024-11-25 19:52:04.904761905,13.392770919362063,35,1.2465790099635332,3.9387794871794917
1155,9,19.65213839653645,73.49179238482091,2024-11-25 19:52:08.368421053,8.650210702732576,53,5.687849163647086,3.845548717948723
1156,9,19.652072459536377,73.49222906163374,2024-11-25 19:52:13.250000000,13.28991920634914,35,1.593809731922992,3.959061538461544
1157,9,19.65200262644549,73.49265278717772,2024-11-25 19:52:17.083333333,17.526458899337253,29,3.648796809744609,3.941352136752142
1158,9,19.651931603112246,73.49308145989303,2024-11-25 19:52:19.363636364,19.906206137373623,25,0.5171428340865479,3.973411965811972
1159,9,19.651872454456033,73.49351170213606,2024-11-25 19:52:21.500000000,22.29821506944441,32,1.8041010974562461,3.958411965811972
1160,9,19.651711330709283,73.49440028999226,2024-11-25 19:52:25.692307692,25.496824765901845,23,0.21674280447738026,3.9552837606837654
1161,9,19.651561098151205,73.49524412504147,2024-11-25 19:52:29.454545455,23.150652712016242,24,2.4540982848082167,3.971275213675219
1162,9,19.651510220947568,73.49570027112901,2024-11-25 19:52:31.250000000,19.407689811253665,25,1.2548060569486787,3.9384119658119716
1163,9,19.65151276236359,73.49615835483883,2024-11-25 19:52:33.461538462,15.193660729085188,44,0.45673686531340146,3.9552837606837654
1164,9,19.651615921558204,73.49658481765944,2024-11-25 19:52:37.300000000,12.731436816578606,36,1.7772196905855067,3.9694803418803484
1165,9,19.65178864754754,73.4969521968228,2024-11-25 19:53:21.000000000,13.106089814814814,40,5.206674649758644,3.959061538461544
1166,9,19.652011049989234,73.49724122384549,2024-11-25 19:53:23.454545455,14.054288126636791,36,0.3752137092199508,3.9552837606837654
1167,9,19.652337799796854,73.49748454740183,2024-11-25 19:53:26.636363636,16.117213504398674,31,1.2212467059977665,3.970548717948724
1168,9,19.652728337919672,73.49765219943359,2024-11-25 19:53:29.800000000,18.755836764957465,30,3.1713856289456928,3.9552837606837654
1169,9,19.653112719792674,73.49773853505434,2024-11-25 19:53:32.076923077,20.521661792200856,26,0.4169721340294968,3.935548717948724
1170,9,19.653516052573764,73.49781387861601,2024-11-25 19:53:34.200000000,21.5786965577822,28,1.028549410644044,3.973411965811972
1171,9,19.65437059958589,73.49793521196541,2024-11-25 19:53:38.600000000,18.77136012585602,34,4.9079011390059675,3.9552837606837654
1172,9,19.654785544295336,73.49789447971038,2024-11-25 19:53:41.000000000,19.55253752204594,20,1.5410334812384865,3.9384119658119716
1173,9,19.65521885669316,73.49780430084425,2024-11-25 19:53:43.095238095,21.185507716049727,33,0.5622818305766225,3.312526146869006
1174,9,19.655650281536936,73.49770068229222,2024-11-25 19:53:46.000000000,21.96040365581106,29,0.8071079918842485,3.959061538461544
1175,9,19.656092786344466,73.4976303078982,2024-11-25 19:53:47.952380952,22.327228493808796,21,1.651219151155737,3.973411965811972
1176,9,19.65654026026749,73.49763636039577,2024-11-25 19:53:50.250000000,22.611146889467566,20,3.074409008974033,3.845548717948723
1177,9,19.656981092699453,73.4977176468712,2024-11-25 19:53:52.300000000,22.989585417904625,34,0.8766564065089796,3.935548717948724
1178,9,19.657815814776505,73.49799079764684,2024-11-25 19:53:56.818181818,23.057067731510806,21,3.979637836665864,3.971275213675219
1179,9,19.658220516238696,73.49812614392471,2024-11-25 19:53:58.615384615,21.827153846153806,24,0.29368628394417706,3.9552837606837654
1180,9,19.65864588520767,73.49825072864866,2024-11-25 19:54:00.700000000,20.7006512222221,25,2.826667090617068,3.959061538461544
1181,9,19.659056438592255,73.49835459103272,2024-11-25 19:54:03.000000000,19.967041666666663,35,5.664876305039727,3.9552837606837654
1182,9,19.65947797197321,73.4984025442919,2024-11-25 19:54:06.000000000,19.82043418803419,26,2.3455801589581697,3.959061538461544
1183,9,19.659900025344406,73.49849307205585,2024-11-25 19:54:08.600000000,19.7560657761829,19,0.7261736660439213,3.959061538461544
1184,9,19.660276237619914,73.4986637672911,2024-11-25 19:54:10.000000000,19.765302654752663,33,1.060622373061986,3.973411965811972
1185,9,19.66064117114189,73.49887038698733,2024-11-25 19:54:12.923076923,19.722779241848684,27,0.9042939060263016,3.959061538461544
1186,9,19.661026200612827,73.49910721837536,2024-11-25 19:54:15.000000000,19.49301430976441,22,1.565498877396208,3.973411965811972
1187,9,19.66138182144875,73.49927587024824,2024-11-25 19:54:17.000000000,18.949194125159654,29,1.2078502028077442,3.959061538461544
1188,9,19.661725935809457,73.49946782940611,2024-11-25 19:54:44.380952381,18.667467624086676,21,3.583057344557618,3.971275213675219
1189,9,19.6620876506747,73.49966398455021,2024-11-25 19:55:01.600000000,18.501572779922974,37,1.184302098887796,3.959061538461544
1190,9,19.66247413702214,73.49979474499287,2024-11-25 19:55:04.857142857,19.388960482804094,24,1.7030342569275365,3.959061538461544
1192,9,19.66325180894634,73.5000197157585,2024-11-25 19:55:08.700000000,22.494027777777777,23,0.8962274308524086,3.5214431885574773
1193,9,19.6636658881715,73.50012071530811,2024-11-25 19:55:10.900000000,23.911323397435954,26,1.0122110316401822,3.845548717948723
1194,9,19.664082188539005,73.50022412701222,2024-11-25 19:55:13.000000000,24.13444675925951,20,1.3061872622986561,3.9384119658119716
1195,9,19.664506617037368,73.50032602597926,2024-11-25 19:55:15.000000000,22.739591515560875,24,0.8499734619322861,3.9384119658119716
1196,9,19.66494469858387,73.5004331008899,2024-11-25 19:55:17.083333333,20.961628389551127,28,0.5573652767669405,3.9552837606837654
1197,9,19.66538153466918,73.50052072586143,2024-11-25 19:55:19.400000000,18.370551262626147,26,0.6996136013931545,3.8521470085470138
1198,9,19.665822882902912,73.50057870209749,2024-11-25 19:55:21.818181818,14.578966373032687,43,0.46904569421820647,3.9552837606837654
1199,9,19.666269458591948,73.50060332076495,2024-11-25 19:55:25.727272727,9.150429130009659,62,2.170844062651496,3.997916239316245
1200,9,19.666500555535023,73.50063269935214,2024-11-25 19:55:28.000000000,5.158248894736745,95,0.30697610288843863,3.9839846153846215
