ref_idx,driver_key,lat,lon,utc_timestamp,avg_speed_mps,n_samples,snap_distance_m,predicted_iri
96,15,19.368527257920753,73.1840893181232,2024-12-04 01:31:43.636363636,4.555116605980753,96,21.105019885387396,3.9858564102564156
97,15,19.368649976466543,73.18445970788693,2024-12-04 01:31:52.076923077,6.265182621800888,76,2.9900456420385013,3.845548717948723
98,15,19.368770134855396,73.18483072191748,2024-12-04 01:31:58.636363636,8.932124928809293,47,3.5715155857885885,3.845548717948723
99,15,19.368866974365663,73.1852166535235,2024-12-04 01:32:02.600000000,10.979537181712997,48,4.066042423802561,3.845548717948723
100,15,19.36898618842872,73.18558618842872,2024-12-04 01:32:07.272727273,12.050910493827262,27,3.488615566731462,3.845548717948723
101,15,19.36913445863989,73.18599420822332,2024-12-04 01:32:10.000000000,12.937003703703706,45,2.8224230821171745,3.9858564102564156
102,15,19.369267624559928,73.18644422363792,2024-12-04 01:32:14.923076923,14.43322210775336,28,0.16169203715045727,3.935548717948724
103,15,19.36940708917963,73.18688904051211,2024-12-04 01:32:17.923076923,15.200022538625912,26,1.595969373315463,3.845548717948723
104,15,19.369533904344337,73.18730492705959,2024-12-04 01:32:20.333333333,15.76062276422764,41,2.08832262186625,3.935548717948724
105,15,19.369650507747018,73.18769593719493,2024-12-04 01:32:22.952380952,16.308157829328497,23,2.638451677257494,3.845548717948723
106,15,19.369756784680778,73.18809911578253,2024-12-04 01:32:25.909090909,16.78344289044287,26,4.806217948874249,3.935548717948724
107,15,19.369877917578044,73.18853367531227,2024-12-04 01:32:28.000000000,17.230227339181294,38,0.8686476368931496,3.959061538461544
108,15,19.37001786279084,73.18898638274763,2024-12-04 01:32:31.700000000,17.674170339372573,33,2.387967895835059,3.971275213675219
109,15,19.37014806044669,73.1894226534263,2024-12-04 01:32:33.523809524,17.869575172210062,27,0.9242667741666957,3.845548717948723
110,15,19.37025644342696,73.18985990322693,2024-12-04 01:32:36.181818182,18.1149549637792,33,1.1151610642989742,3.845548717948723
111,15,19.370351029667745,73.19029410835154,2024-12-04 01:32:39.000000000,18.380826940035274,21,4.228708262154813,3.845548717948723
112,15,19.370469891098768,73.19069665051234,2024-12-04 01:33:21.416666667,18.636882942594664,27,5.73232718295518,3.9384119658119716
113,15,19.370601054021737,73.19110769976312,2024-12-04 01:33:23.363636364,18.822397495791243,32,2.19624336143987,3.935548717948724
114,15,19.37073853653039,73.19154271361222,2024-12-04 01:33:26.000000000,18.91891579365095,20,2.490917344747684,3.9384119658119716
115,15,19.370880111913703,73.191991367709,2024-12-04 01:33:28.714285714,17.803148399580063,22,1.4928723472873393,3.9384119658119716
116,15,19.371020641903044,73.19242952305152,2024-12-04 01:33:31.000000000,16.410458874458996,44,0.999490421115288,3.941352136752142
117,15,19.37115060274095,73.19283660357556,2024-12-04 01:33:34.857142857,12.157407974300662,35,2.183554633596101,3.959061538461544
118,15,19.371253728811936,73.19324275408025,2024-12-04 01:33:37.923076923,10.689723427089687,43,0.17995293321160027,3.845548717948723
119,15,19.371369071805685,73.19365368019012,2024-12-04 01:33:42.000000000,9.384672499127664,56,2.946005923882368,3.9384119658119716
120,15,19.37150849213317,73.19405910577646,2024-12-04 01:33:46.923076923,6.8002475175518855,70,1.6512943620760592,3.834215384615387
121,15,19.371635475874935,73.19443568347009,2024-12-04 01:33:55.095238095,6.5693591348265326,23,2.3109946548414317,3.935548717948724
122,15,19.371775934348907,73.19467444292357,2024-12-04 01:34:00.454545455,5.793618464052298,51,6.7627274044415095,3.982078632478638
123,15,19.371873974151445,73.19482807424839,2024-12-04 01:34:06.000000000,4.131787683060188,59,1.7560271180595606,3.6956427350427377
124,15,19.37191314562003,73.19504006201875,2024-12-04 01:34:10.869565217,3.541321619987071,75,1.0343233810462449,3.053647362278243
125,15,19.371947711362388,73.19527800924436,2024-12-04 01:34:18.500000000,5.286633900387813,28,3.1913510858165193,3.845548717948723
126,15,19.37199573772582,73.19548453304232,2024-12-04 01:34:35.434782609,5.53529360686171,54,4.922160127207833,3.982078632478638
127,15,19.372040729841913,73.19571545696712,2024-12-04 01:35:05.076923077,6.719086489197567,60,3.8233015766524177,3.0687465180944162
128,15,19.372087615071717,73.1959371890647,2024-12-04 01:35:08.000000000,7.6603423794355345,50,1.86151655855635,2.7988011738028535
129,15,19.3721591834636,73.19612725069571,2024-12-04 01:35:12.538461538,6.689729658119501,40,8.581192029411843,3.218093321431137
130,15,19.37223877739916,73.19631845524458,2024-12-04 01:35:14.043478261,5.778056565952305,33,4.1529067215564055,3.9552837606837654
131,15,19.37229704585289,73.19653220505404,2024-12-04 01:35:18.000000000,5.0183968387579485,66,5.4726464209321595,3.982078632478638
132,15,19.372401128076728,73.19673096304658,2024-12-04 01:35:24.090909091,5.612902415690301,58,4.37674763916926,3.982078632478638
133,15,19.372497638022676,73.19691607096499,2024-12-04 01:35:27.120000000,5.955246666666649,51,17.331988183749655,3.3355769754055484
134,15,19.372489920725226,73.19713277562198,2024-12-04 01:35:31.600000000,6.595098095238137,35,5.031454543476092,3.9552837606837654
135,15,19.37250031324585,73.1973289485222,2024-12-04 01:35:33.538461538,7.034061360311453,37,5.75368319298279,3.941352136752142
136,15,19.372579555329878,73.19752050348654,2024-12-04 01:35:37.400000000,6.505037819200169,37,7.668535688120094,3.7027554591067195
137,15,19.372662866229426,73.19771075600934,2024-12-04 01:35:40.500000000,3.0141775888435833,57,2.351804283680481,3.684574358974362
138,15,19.372743703420177,73.19790867590808,2024-12-04 01:35:45.800000000,3.499578813725578,85,6.3256031161909405,2.9972931141687447
139,15,19.3728,73.19814387860485,2024-12-04 01:35:53.454545455,4.739212237624479,47,3.2134745697168756,3.982078632478638
140,15,19.372847689280604,73.19838962112169,2024-12-04 01:36:41.636363636,4.858497055579749,39,2.984748831836401,3.1448194683001405
141,15,19.372888025146885,73.19863884096075,2024-12-04 01:36:45.928571429,4.67357019377844,40,1.2084088489527143,5.8016794310373765
142,15,19.37292395988071,73.19890914062535,2024-12-04 01:36:50.076923077,4.219252545931909,64,8.509384840046538,2.8758102625665654
143,15,19.373017470615068,73.1991776277423,2024-12-04 01:36:56.500000000,3.148097946074922,79,0.4574599170510311,3.400899044746105
144,15,19.373077446052797,73.1994420378916,2024-12-04 01:37:07.666666667,6.164857980599682,42,2.540052409616059,3.7031384615384657
145,15,19.373117037676344,73.19980608890306,2024-12-04 01:37:11.500000000,8.209250835745861,62,1.8042643111303127,3.9168136752136786
146,15,19.37320558283566,73.20026752265963,2024-12-04 01:37:17.300000000,9.358812872628745,41,3.976851725666632,3.9552837606837654
147,15,19.37333462718878,73.20070506755494,2024-12-04 01:37:22.800000000,10.848548772609847,43,0.8161635244807167,3.9552837606837654
148,15,19.373495701264854,73.20113060912539,2024-12-04 01:37:27.142857143,11.467054264035873,45,0.492331252174494,3.9552837606837654
149,15,19.37369558755157,73.20155180456561,2024-12-04 01:37:31.000000000,12.147819043803452,39,2.8162908331322605,3.958411965811972
150,15,19.373897696295415,73.20192282014091,2024-12-04 01:37:34.600000000,12.805059939259467,39,1.6111892349601262,3.845548717948723
151,15,19.37410443845089,73.20225777536328,2024-12-04 01:37:37.900000000,12.90213123880947,46,4.147149102354996,3.959061538461544
152,15,19.3743230813386,73.20260158212815,2024-12-04 01:38:20.714285714,12.525209239130419,40,4.638832853102741,3.982078632478638
153,15,19.37457339904796,73.20291178482077,2024-12-04 01:38:24.130434783,12.148988942565744,45,2.998214787000144,3.9552837606837654
154,15,19.374824776588863,73.20323799848451,2024-12-04 01:38:28.090909091,11.702947700447702,39,1.674509538557497,3.970548717948724
155,15,19.375059411998144,73.20362436741006,2024-12-04 01:38:31.400000000,11.301062363939895,49,0.48509640753016653,3.9168136752136786
156,15,19.37530416690076,73.2039989293738,2024-12-04 01:38:36.000000000,11.516901300236466,47,0.19039948536487383,3.9168136752136786
157,15,19.375525559467604,73.2043614353623,2024-12-04 01:38:39.923076923,12.55314175412446,43,2.2126060276984245,3.4641542996685883
158,15,19.375753273385726,73.20474262773635,2024-12-04 01:38:43.800000000,13.885478000841827,36,1.2814844638009564,3.941352136752142
159,15,19.375986715746958,73.20514930233679,2024-12-04 01:38:47.100000000,15.258934195601892,40,3.2279648141653126,3.941352136752142
160,15,19.376206768429043,73.20554860219076,2024-12-04 01:38:50.600000000,15.985621243814768,38,1.015126828983985,3.973411965811972
161,15,19.37641332235467,73.20594269837972,2024-12-04 01:38:53.333333333,15.84503249007937,28,1.5168892974112023,3.958411965811972
162,15,19.376618445183247,73.20633528851937,2024-12-04 01:38:56.750000000,15.82699766899767,30,2.2306184974896146,3.9384119658119716
163,15,19.376806742265785,73.20671838796903,2024-12-04 01:38:59.461538462,16.328933338502978,31,3.529040105156834,3.9552837606837654
164,15,19.37696461728183,73.20707626298508,2024-12-04 01:39:02.000000000,16.79120220306513,29,3.3377357603909963,3.9384119658119716
165,15,19.377159560067824,73.20743424344427,2024-12-04 01:39:05.071428571,17.590710214120396,34,7.585739858390889,3.959061538461544
166,15,19.377384329319987,73.2078158307283,2024-12-04 01:39:07.750000000,18.45824091880342,26,0.6763337858535691,3.971275213675219
167,15,19.377605029715543,73.20819036298863,2024-12-04 01:39:10.000000000,19.291601004464287,28,2.6303741468519464,3.845548717948723
168,15,19.377805199971192,73.20854027393983,2024-12-04 01:39:11.900000000,19.932269762820514,25,1.3285059579625398,3.973411965811972
169,15,19.377983837771616,73.20891403067833,2024-12-04 01:39:14.230769231,20.436438184428447,32,0.4895451975617477,3.9552837606837654
170,15,19.37818361975824,73.20933116932213,2024-12-04 01:39:16.928571429,20.77655380658436,18,0.7509740636081025,3.9384119658119716
171,15,19.37839667562703,73.2097333704869,2024-12-04 01:39:18.900000000,20.93225479444613,31,10.435155136238446,3.973411965811972
172,15,19.378615234184785,73.21012801366007,2024-12-04 01:40:01.000000000,20.825814789377283,26,2.0137197215414835,3.9384119658119716
173,15,19.378854467505064,73.21051440147858,2024-12-04 01:40:03.923076923,20.748621558704464,19,0.8301808850492963,3.845548717948723
174,15,19.379095300587217,73.21087460861523,2024-12-04 01:40:05.900000000,20.626545642937295,33,2.2936061318397294,3.959061538461544
175,15,19.379335762556412,73.21123322911745,2024-12-04 01:40:08.250000000,20.518500736531987,18,1.1273467722232544,3.935548717948724
176,15,19.37959102655494,73.21160973851258,2024-12-04 01:40:09.727272727,20.354100655545352,33,1.4274339700237457,3.845548717948723
177,15,19.379854789057433,73.21199261092755,2024-12-04 01:40:12.666666667,20.0707251851852,25,0.8577637831509413,3.845548717948723
178,15,19.380111448734155,73.21235865115318,2024-12-04 01:40:15.071428571,19.633982425057006,31,2.937588525095806,3.959061538461544
179,15,19.380367710213633,73.21271771021364,2024-12-04 01:40:17.363636364,19.120090730218855,30,0.976336338984613,3.592935042735046
180,15,19.380581542911926,73.21309232370014,2024-12-04 01:40:19.923076923,18.925504176379174,22,1.369695832137796,3.935548717948724
181,15,19.380752221053555,73.21347115772282,2024-12-04 01:40:21.900000000,18.756912312312284,37,1.615797544141229,3.9552837606837654
182,15,19.380909562762547,73.21386107271164,2024-12-04 01:40:24.333333333,18.482259543969047,17,0.8959649799664643,3.845548717948723
183,15,19.381043179620555,73.21428134402642,2024-12-04 01:40:27.000000000,17.94451585605745,39,5.769023947346835,3.9552837606837654
184,15,19.381180076366554,73.21472483704503,2024-12-04 01:40:30.750000000,17.307767888637013,21,0.2751851517770952,3.959061538461544
185,15,19.38132901450589,73.21515204676408,2024-12-04 01:40:32.190476190,16.80826459867691,44,1.781226661879723,3.971275213675219
186,15,19.38146763145894,73.21556466140336,2024-12-04 01:40:36.545454545,15.984423474945535,34,0.41742027490859523,3.9552837606837654
187,15,19.381563592123364,73.21594847146251,2024-12-04 01:40:39.909090909,15.360116780904335,28,2.7785238369206127,3.9552837606837654
188,15,19.381679286511314,73.21630793739345,2024-12-04 01:40:41.583333333,14.952658851991085,38,3.94969142951957,3.959061538461544
189,15,19.381839677375304,73.21669238791941,2024-12-04 01:40:44.500000000,14.273226331018527,32,1.786928528595445,3.935548717948724
190,15,19.3819779101907,73.21708476406445,2024-12-04 01:40:48.076923077,13.889577210389474,45,2.9297883834314082,3.959061538461544
191,15,19.38212367071359,73.2174455336131,2024-12-04 01:40:51.600000000,13.883804172951226,39,4.673428993608855,3.971275213675219
192,15,19.382343825805968,73.21779382580598,2024-12-04 01:40:53.900000000,13.842630046891811,37,0.7514716304489151,3.9552837606837654
193,15,19.3826029821325,73.21816479094,2024-12-04 01:40:57.727272727,13.809370787422692,29,4.041580515804072,3.959061538461544
194,15,19.382827062922416,73.21853325730171,2024-12-04 01:41:40.260869565,13.76298028184336,43,2.2797736439085226,3.970548717948724
195,15,19.383064189647165,73.21885904616514,2024-12-04 01:41:43.846153846,13.718297536450477,35,3.004247052780131,3.8241384615384657
196,15,19.383338016562902,73.21919578334294,2024-12-04 01:41:46.916666667,13.630884283948722,28,0.26334693082939314,3.8521470085470138
197,15,19.38359917437841,73.21958111837263,2024-12-04 01:41:50.300000000,11.228564523373326,49,0.9694993142858077,2.990867735812273
198,15,19.38383844694811,73.2199603714875,2024-12-04 01:41:55.000000000,11.398270838420753,42,1.8739757076085293,3.973411965811972
199,15,19.38406409232615,73.2203285303195,2024-12-04 01:41:58.272727273,11.230730457697573,53,1.0349112868530266,3.941352136752142
200,15,19.384280192273465,73.22069735388779,2024-12-04 01:42:01.952380952,12.252621624889187,34,1.3771120169128361,3.9552837606837654
201,15,19.384448105905047,73.22105083539485,2024-12-04 01:42:06.636363636,13.948434560061415,34,4.770506602321505,3.9552837606837654
202,15,19.38462866864859,73.22139853235262,2024-12-04 01:42:08.692307692,14.662274141190249,26,5.409742469000208,3.959061538461544
203,15,19.384854202066265,73.22177444888706,2024-12-04 01:42:12.400000000,15.376152663308906,28,3.391408356196543,3.959061538461544
204,15,19.38504904882864,73.22215991287358,2024-12-04 01:42:15.250000000,15.69269818981481,30,4.2963583091392215,3.845548717948723
205,15,19.385230004551662,73.22253775599003,2024-12-04 01:42:17.600000000,15.995006257891433,32,0.7086182599658574,3.958411965811972
206,15,19.385431666783845,73.22290930723298,2024-12-04 01:42:20.090909091,16.314843428497923,36,1.39773417536746,3.6916341880341914
207,15,19.38562921611765,73.22328456448889,2024-12-04 01:42:23.666666667,16.962258836168786,38,4.222056882946972,3.9552837606837654
208,15,19.385779965761486,73.22365767368359,2024-12-04 01:42:26.909090909,17.628138545986094,19,0.17766058889220437,3.959061538461544
209,15,19.385969781266382,73.22402494151211,2024-12-04 01:42:28.400000000,18.495732325528174,33,3.163219436152737,3.959061538461544
211,15,19.386338077259232,73.22482809525181,2024-12-04 01:42:33.181818182,20.17656815175562,28,1.05967701697174,3.9384119658119716
212,15,19.3865312840637,73.22525596057338,2024-12-04 01:42:35.692307692,20.229838942307634,26,4.8195772989194925,3.941352136752142
213,15,19.386731869792047,73.22566779490725,2024-12-04 01:42:38.100000000,19.940916464644022,28,1.7292665715698354,3.971275213675219
214,15,19.386913861899355,73.226030361331,2024-12-04 01:43:20.777777778,19.906374751534866,21,1.1841751016608593,3.971275213675219
215,15,19.387083989706213,73.22639647351875,2024-12-04 01:43:22.000000000,20.319328034129214,33,8.277704853501458,3.9552837606837654
216,15,19.38727902120805,73.22678909472985,2024-12-04 01:43:25.000000000,20.703502976190478,21,0.4530892205247238,3.971275213675219
217,15,19.387513165071187,73.22717058302604,2024-12-04 01:43:27.153846154,20.909724396929814,38,3.003410313563815,3.9552837606837654
218,15,19.38778093019166,73.22752150747468,2024-12-04 01:43:29.769230769,20.912450061917234,20,0.9680038471352133,3.959061538461544
219,15,19.38806821328562,73.22783829589305,2024-12-04 01:43:31.454545455,20.87167282226109,25,2.5226942351181227,3.9552837606837654
220,15,19.388378920032963,73.22816237956079,2024-12-04 01:43:33.615384615,20.73247529647433,32,0.8835118524895623,3.9552837606837654
221,15,19.38870146277393,73.22849452213654,2024-12-04 01:43:36.300000000,20.545378537414937,32,0.31919306347217596,3.959061538461544
222,15,19.389023608302693,73.22882688132412,2024-12-04 01:43:39.200000000,20.51254260651629,19,0.9159145869563154,3.921052991452997
223,15,19.389344107694903,73.22914874675327,2024-12-04 01:43:40.909090909,20.515773832070707,30,0.9948517771468358,3.959061538461544
224,15,19.389661007052467,73.22947449064715,2024-12-04 01:43:43.375000000,20.53639242952928,29,0.6844575413724553,3.935548717948724
225,15,19.38997016154235,73.22978728112217,2024-12-04 01:43:46.000000000,20.684970012626266,24,1.343901387974382,3.959061538461544
226,15,19.390253717049752,73.23009785708646,2024-12-04 01:43:48.272727273,20.84818750607026,32,0.3305322362465583,3.9552837606837654
227,15,19.390516000637945,73.23040620524779,2024-12-04 01:43:50.769230769,20.850854009552535,17,1.7716350083825758,3.971275213675219
228,15,19.390802673990805,73.23071442247377,2024-12-04 01:43:52.238095238,20.842920980639725,20,1.408614413606721,3.9384119658119716
229,15,19.391084690438944,73.23105818266939,2024-12-04 01:43:54.000000000,20.826216524216527,27,3.8474128438123953,3.8521470085470138
230,15,19.391343334901467,73.23140821496293,2024-12-04 01:43:56.846153846,20.698348672748175,26,0.8666017011510484,3.973411965811972
231,15,19.391613821226734,73.23177064540322,2024-12-04 01:43:59.000000000,20.47104861111111,26,0.8253519287085503,3.917275213675219
232,15,19.391878280610204,73.23214449092865,2024-12-04 01:44:01.500000000,20.223234219001608,23,0.5228939468847321,3.973411965811972
233,15,19.392137390634414,73.2325030970595,2024-12-04 01:44:03.583333333,20.08653559027778,24,3.9583388759696434,3.973411965811972
234,15,19.392414558349724,73.23284912739796,2024-12-04 01:44:06.000000000,19.96900295965606,28,0.29899066812449304,3.9552837606837654
235,15,19.392695340013894,73.23317267234081,2024-12-04 01:44:08.600000000,20.089275673400678,22,1.9594161268215133,3.9384119658119716
236,15,19.392995342946218,73.23348550138854,2024-12-04 01:44:10.600000000,20.562641851851854,25,0.7200628261069898,3.9552837606837654
237,15,19.393294337125408,73.23378638516537,2024-12-04 01:44:12.909090909,21.149619404860854,23,2.0979351948421776,3.9384119658119716
238,15,19.393566976195906,73.2340648130414,2024-12-04 01:44:14.842105263,21.64458744022933,26,1.652164449461727,3.959061538461544
239,15,19.393827686025084,73.23437629417558,2024-12-04 01:44:16.923076923,21.746070436507946,21,2.3528407079450253,3.9552837606837654
240,15,19.39429549871151,73.23499885196838,2024-12-04 01:45:00.727272727,21.842620580808116,30,0.5147823576653088,3.959061538461544
241,15,19.394516457699233,73.23538225082147,2024-12-04 01:45:03.000000000,22.050198593073592,33,0.8569891307064389,3.9552837606837654
243,15,19.394977645052176,73.23615585416704,2024-12-04 01:45:07.437500000,22.36849677770207,20,2.085395659294204,3.973411965811972
244,15,19.39521675643247,73.23654496554734,2024-12-04 01:45:09.538461538,21.462350236467003,25,0.32427223915818415,3.9845572649572705
245,15,19.395468805275875,73.23691934438386,2024-12-04 01:45:11.600000000,19.89536077327318,37,0.2666166036123713,3.9552837606837654
246,15,19.395676342374816,73.23727714345299,2024-12-04 01:45:13.952380952,19.051004828727102,26,3.369747664531977,3.9552837606837654
247,15,19.395865575788246,73.23765128572737,2024-12-04 01:45:16.846153846,18.337186225071143,30,1.4657368092362733,3.941352136752142
248,15,19.39607334104158,73.23805321213604,2024-12-04 01:45:19.800000000,18.02767500958227,24,4.527680133615175,3.973411965811972
249,15,19.396243793169404,73.23845231294428,2024-12-04 01:45:21.800000000,18.768625978692214,35,6.702073704591794,3.9552837606837654
250,15,19.396420093232585,73.23885977221178,2024-12-04 01:45:24.913043478,19.533298821777578,22,0.8707499869113373,3.959061538461544
251,15,19.396586148950213,73.2392863417129,2024-12-04 01:45:27.400000000,20.25350150462965,21,1.9050260667059542,3.845548717948723
252,15,19.396749778242118,73.2397150868945,2024-12-04 01:45:29.000000000,20.680827724358895,24,0.9663596675698475,3.9552837606837654
253,15,19.39694672234856,73.24014242166764,2024-12-04 01:45:31.692307692,21.292808306624035,24,0.5484888727506939,3.9354034188034253
254,15,19.397140639061153,73.24056354100262,2024-12-04 01:45:34.000000000,21.819818875569037,21,1.3585600753297071,3.9384119658119716
255,15,19.397336859616097,73.24097993277903,2024-12-04 01:45:36.636363636,21.22276682449499,24,8.985313362058982,3.973411965811972
256,15,19.397532085526226,73.24138807350676,2024-12-04 01:45:38.272727273,20.710279595752652,31,0.537869949147785,3.9552837606837654
257,15,19.397720059438036,73.24177222519235,2024-12-04 01:45:40.857142857,20.577311859037167,27,1.9751253596513598,3.973411965811972
258,15,19.397890455805303,73.24214966510434,2024-12-04 01:45:42.571428571,20.602575379646815,21,4.636043280187521,3.845548717948723
259,15,19.398075753672607,73.24255019812915,2024-12-04 01:45:44.727272727,20.631282038491918,27,3.6677985512954066,3.971275213675219
260,15,19.39829570847234,73.24295094775945,2024-12-04 01:45:47.125000000,20.683505156123584,27,2.1383867624424915,3.935548717948724
261,15,19.39852177601398,73.24332344874956,2024-12-04 01:45:49.769230769,20.991897307692444,25,7.825265398184645,3.935548717948724
262,15,19.3987788122024,73.24368852009508,2024-12-04 01:45:51.923076923,21.409461530830335,30,0.5690307717808262,3.959061538461544
263,15,19.399026532278604,73.24405171478554,2024-12-04 01:45:54.380952381,21.76843650793652,18,1.9634468129379776,3.9384119658119716
264,15,19.399252178345982,73.24436756185182,2024-12-04 01:45:56.000000000,22.020192574786357,26,8.855835748347653,3.941352136752142
265,15,19.399500645944375,73.24467177620421,2024-12-04 01:45:58.000000000,22.20729524547445,22,0.4048819344552654,3.971275213675219
266,15,19.399753007780028,73.2450087745506,2024-12-04 01:46:40.142857143,21.579127756792,24,2.5851808288546128,3.971275213675219
267,15,19.40001981419737,73.2453624289914,2024-12-04 01:46:42.000000000,19.992937245121922,33,2.040115802656292,3.9552837606837654
268,15,19.4003026906598,73.24570875601412,2024-12-04 01:46:44.739130435,17.659649944607846,38,1.2298279498758715,3.973411965811972
269,15,19.400573635379892,73.24606504199208,2024-12-04 01:46:48.222222222,15.900759788359284,25,1.069577485477594,3.9384119658119716
270,15,19.400812850362733,73.24643970059446,2024-12-04 01:46:50.700000000,16.26027824074075,27,5.8129240681554295,3.845548717948723
271,15,19.401075268263845,73.24678938693492,2024-12-04 01:46:52.700000000,17.01388838713362,28,5.9822936482852915,3.959061538461544
272,15,19.40135575656495,73.24715199009822,2024-12-04 01:46:56.545454545,18.359246498384497,19,1.591154680925366,3.9384119658119716
273,15,19.40161981712153,73.24753448157549,2024-12-04 01:46:59.250000000,19.143103109903368,23,13.474719539822143,3.9494803418803484
274,15,19.401880297511788,73.24789005342609,2024-12-04 01:47:01.615384615,19.591129674145293,24,8.373846858690964,3.9384119658119716
275,15,19.402127716908026,73.2482136204246,2024-12-04 01:47:03.692307692,20.410518673355725,36,8.156607024149663,3.9552837606837654
276,15,19.402377016489503,73.24855368703706,2024-12-04 01:47:06.565217391,21.14001875754829,16,5.7410038631067835,3.9384119658119716
277,15,19.40263563271197,73.24891644774308,2024-12-04 01:47:09.153846154,21.751398676449867,22,12.58552321012027,3.9384119658119716
278,15,19.402902685650194,73.24926998418829,2024-12-04 01:47:10.000000000,21.72655422794118,34,2.822500145736851,3.973411965811972
279,15,19.40316468098192,73.24961618850314,2024-12-04 01:47:12.916666667,21.678325021806238,18,0.3507427133717517,3.959061538461544
280,15,19.403411317398955,73.24996951561202,2024-12-04 01:47:14.695652174,21.637898147352544,23,2.2880072125398696,3.845548717948723
281,15,19.403661915399972,73.250319293561,2024-12-04 01:47:16.545454545,21.599934999028754,22,0.8741308849296561,3.845548717948723
282,15,19.403933954663835,73.25067247433503,2024-12-04 01:47:19.000000000,21.66803120567706,21,6.341083388892615,3.935548717948724
283,15,19.404207314695988,73.25103802463858,2024-12-04 01:47:21.230769231,21.948875864875934,21,0.9521723152991188,3.845548717948723
284,15,19.40448891223795,73.25137691223665,2024-12-04 01:47:23.125000000,22.18484744892101,24,0.9163996436916908,3.973411965811972
285,15,19.404761807909317,73.25173003310007,2024-12-04 01:47:25.545454545,21.95611969505654,24,1.4336472632981647,3.935548717948724
286,15,19.40502708516583,73.25211156087242,2024-12-04 01:47:27.312500000,21.03079814814815,30,4.977642525796845,3.845548717948723
287,15,19.405305243780283,73.25247149429613,2024-12-04 01:47:30.000000000,19.91611083052736,27,1.6813453033923398,3.9384119658119716
288,15,19.405568747155705,73.25283723016312,2024-12-04 01:47:32.636363636,19.120800424113003,24,1.9978113211529271,3.9384119658119716
289,15,19.405819688128293,73.2531963667578,2024-12-04 01:47:34.846153846,18.80876926299011,36,2.272906200828781,3.941352136752142
290,15,19.406078651388594,73.25354882181588,2024-12-04 01:47:37.857142857,17.672422135955745,23,0.8172408023823556,3.973411965811972
291,15,19.40631694554252,73.25384338622679,2024-12-04 01:48:05.090909091,16.366742438090775,31,2.271595496213531,3.935548717948724
292,15,19.40654527405131,73.25414250548971,2024-12-04 01:48:21.916666667,14.974702027486448,26,2.487941507214586,3.959061538461544
293,15,19.406805409385125,73.25451318040713,2024-12-04 01:48:24.363636364,12.856359880607238,40,0.7684820069722166,3.970548717948724
294,15,19.40707148356654,73.25480602662,2024-12-04 01:48:27.000000000,8.035870340501653,62,1.9326399118380984,3.9003094017094044
295,15,19.407290930325964,73.25500953759077,2024-12-04 01:48:34.300000000,6.2456143273564795,54,1.0351666779078246,3.9168136752136786
296,15,19.40748554521341,73.25528357395875,2024-12-04 01:48:38.142857143,7.311288364979687,49,0.400710711110122,3.987420512820519
297,15,19.40770447763397,73.25561725234385,2024-12-04 01:48:43.363636364,8.907103358142873,57,0.9056940342072519,3.275961036722382
298,15,19.407916969083836,73.25590264405452,2024-12-04 01:48:48.272727273,10.090469648869668,42,3.982146358656524,3.83564273504274
299,15,19.408161290197462,73.25617314952956,2024-12-04 01:48:52.416666667,10.66180122004817,33,1.6886984643827987,3.83564273504274
300,15,19.40842209122169,73.2564720912217,2024-12-04 01:48:56.545454545,9.808752609427469,45,2.498953499088378,3.9387794871794917
301,15,19.40861483513997,73.25673424599447,2024-12-04 01:48:59.062500000,8.148268870534507,52,1.1036467240031762,3.455984615384618
302,15,19.40879401018306,73.2570074684933,2024-12-04 01:49:04.846153846,8.540446454708281,43,1.0278248240794372,3.9387794871794917
303,15,19.40903966478495,73.2573637502549,2024-12-04 01:49:08.363636364,10.951015020898627,58,1.141755545522064,3.9858564102564156
304,15,19.409308283933054,73.25768832194724,2024-12-04 01:49:13.600000000,12.014008942986159,42,2.4940371030419946,3.959061538461544
305,15,19.409547432689664,73.25802240626965,2024-12-04 01:49:17.333333333,10.077094977084048,26,2.444044859076861,3.83564273504274
306,15,19.40974490444452,73.25838956693346,2024-12-04 01:49:43.565217391,8.335953113663383,53,4.158917892333603,2.885485024779143
307,15,19.409913173307594,73.2586881301535,2024-12-04 01:50:03.600000000,7.242013222680237,91,1.9218740697756012,3.1236504386369925
308,15,19.41010471771694,73.25892188881662,2024-12-04 01:50:09.727272727,8.51533671547199,50,0.4032595674719652,3.982078632478638
309,15,19.41030686268222,73.2592147306662,2024-12-04 01:50:14.538461538,10.49384189942006,56,3.578039425168748,3.845548717948723
310,15,19.410488925958965,73.25953489078022,2024-12-04 01:50:18.437500000,11.427926362521958,39,3.858896523180302,3.970548717948724
311,15,19.41069305129889,73.25984292713443,2024-12-04 01:50:21.333333333,12.594844907407477,46,3.8126189955886596,3.959061538461544
312,15,19.41093529210938,73.26019288472523,2024-12-04 01:50:25.100000000,14.061729751729771,42,2.4482680012747067,3.9552837606837654
313,15,19.41144606475704,73.26095486007023,2024-12-04 01:50:32.000000000,15.244605873550327,33,1.1043201917716254,3.9552837606837654
314,15,19.411679619004605,73.26135152185503,2024-12-04 01:50:34.916666667,15.617279129144888,26,0.6203588824031833,3.973411965811972
315,15,19.411888057937993,73.26174353113558,2024-12-04 01:50:37.923076923,15.602227973945991,34,2.7759835538056836,3.971275213675219
316,15,19.412101283188754,73.26213796625933,2024-12-04 01:50:40.900000000,15.256085449735442,36,3.0325817223743248,3.935548717948724
317,15,19.412311128035807,73.26252572319794,2024-12-04 01:50:43.818181818,14.541173759798435,37,1.1872530893459303,3.959061538461544
318,15,19.412484135334857,73.26291383605852,2024-12-04 01:50:47.454545455,9.997353874882931,34,0.9088427665607445,3.9552837606837654
319,15,19.412659316210434,73.2633306846762,2024-12-04 01:50:52.888888889,3.046429740889393,120,1.3912412538673211,5.3535471403946175
320,15,19.412834196176433,73.26375603121943,2024-12-04 01:51:45.833333333,7.0530821067598595,47,6.173671325279554,3.8177111111111133
321,15,19.41299623686968,73.26418767563838,2024-12-04 01:51:51.888888889,10.100403607666284,65,0.06361814181279257,3.998984615384621
322,15,19.413153249285962,73.26462862135888,2024-12-04 01:51:57.588235294,12.656297153004704,36,0.35707884286265074,3.9552837606837654
323,15,19.4132956681523,73.26504425766555,2024-12-04 01:52:01.352941176,14.09372357659642,34,3.9099848091687237,3.9387794871794917
324,15,19.413432772383562,73.26546746611061,2024-12-04 01:52:04.090909091,14.711916666666697,37,3.2107071533174283,3.9387794871794917
325,15,19.413563735527205,73.26592344429079,2024-12-04 01:52:07.700000000,15.28951761050913,38,0.4287258758318164,3.9552837606837654
326,15,19.413677162717626,73.2663774523514,2024-12-04 01:52:10.882352941,15.447653570013816,33,0.8893465174887043,3.8521470085470138
327,15,19.413768968847123,73.26681500999393,2024-12-04 01:52:13.882352941,15.09881282324524,25,2.0969990829770397,3.845548717948723
328,15,19.413859385139922,73.26723671960761,2024-12-04 01:52:16.478260870,13.995100074623966,41,4.7545031787830405,3.9694803418803475
329,15,19.413964362634214,73.26765744337635,2024-12-04 01:52:20.444444444,11.770089339339114,37,4.01987346414332,3.935548717948724
330,15,19.414046046323655,73.2681058396565,2024-12-04 01:52:24.000000000,1.804880947643698,293,0.9712403897606945,3.845548717948723
331,15,19.414102751660785,73.2685760051614,2024-12-04 01:53:33.533333332,8.156493274544296,45,0.4213183285477874,3.9855487179487237
332,15,19.414162690396836,73.2689772153404,2024-12-04 01:53:39.142857143,11.579507677144832,34,3.458347232269379,3.9384119658119716
333,15,19.414204623244274,73.26937437306017,2024-12-04 01:53:41.826086957,12.854284002803118,39,0.9186796714766422,3.845548717948723
334,15,19.414248435147694,73.26979250193119,2024-12-04 01:53:45.333333333,14.220445389328797,37,1.9787980113624304,3.973411965811972
335,15,19.41428700547567,73.27016735619654,2024-12-04 01:53:48.454545455,14.971127150327664,27,1.0337954357716885,3.845548717948723
336,15,19.414296804990045,73.27058881672563,2024-12-04 01:53:51.000000000,15.939243686868721,33,0.7063804077640694,3.959061538461544
337,15,19.41431629623058,73.27106174649927,2024-12-04 01:53:54.000000000,16.76428173868289,30,1.1802216073037564,3.973411965811972
338,15,19.41436371000922,73.27146544042125,2024-12-04 01:53:57.086956522,13.626079209461654,34,1.289436664506211,3.3031129251700695
339,15,19.414388840451608,73.27186838358584,2024-12-04 01:53:59.555555556,10.091742679525112,47,1.449287818122423,4.201458273565835
340,15,19.41439142667297,73.27233245432953,2024-12-04 01:54:04.047619048,9.204290816442326,51,0.7300580875894205,3.982078632478638
341,15,19.41444255316515,73.2726974877679,2024-12-04 01:54:08.718750000,4.2771371238677105,105,3.5990062678945702,5.342795124306132
342,15,19.414488335273308,73.27304427784601,2024-12-04 01:54:18.333333333,6.229690928587526,68,1.0677008094265654,3.834215384615387
343,15,19.41454578210816,73.27345643750532,2024-12-04 01:55:05.333333333,9.488579236111168,40,4.541396881511487,3.941352136752142
344,15,19.414633053853514,73.27386287809782,2024-12-04 01:55:08.333333333,10.78201998004621,46,2.346743713524774,3.982078632478638
345,15,19.414712023396042,73.27427756802862,2024-12-04 01:55:12.391304348,11.877997731143648,51,0.8220303937146627,3.9858564102564156
346,15,19.414833207808528,73.27469255010062,2024-12-04 01:55:16.705882353,12.934152117722958,37,3.247380833373381,3.9552837606837654
347,15,19.415015355937122,73.27506956162918,2024-12-04 01:55:19.727272727,13.617627335336795,33,1.6882414087959916,3.845548717948723
348,15,19.415215972127957,73.27542871282157,2024-12-04 01:55:22.800000000,14.461737839038582,36,0.21714855379210662,3.9552837606837654
349,15,19.415433544183507,73.27579463706647,2024-12-04 01:55:25.833333333,15.03966421783627,38,0.09480353360301327,3.8413948717948774
350,15,19.415685396734133,73.27614275331722,2024-12-04 01:55:29.200000000,15.566243128252246,33,0.37663907538567554,3.959061538461544
351,15,19.415926255467078,73.27647485182828,2024-12-04 01:55:32.363636364,16.011187514779905,26,0.44313270909504565,3.845548717948723
352,15,19.416217146438385,73.27676714643837,2024-12-04 01:55:34.652173913,16.55193816217439,27,4.708364566697219,3.973411965811972
353,15,19.416554465001088,73.2770266059043,2024-12-04 01:55:37.000000000,17.134080456349206,35,1.8694942360297235,3.9552837606837654
354,15,19.416896413376193,73.27729348130032,2024-12-04 01:55:40.111111111,17.801993008791655,27,0.7911472365020336,3.845548717948723
355,15,19.417242769557753,73.27755463365231,2024-12-04 01:55:42.888888889,17.65353142595425,34,2.843899706911152,3.845548717948723
356,15,19.41755796297752,73.27781369573574,2024-12-04 01:55:44.904761905,17.50344321027021,28,1.6155700292541375,3.845548717948723
357,15,19.41788736884953,73.27805616453412,2024-12-04 01:55:47.200000000,17.304825253800615,33,0.7800302287104214,3.973411965811972
358,15,19.418217117187293,73.2783171171873,2024-12-04 01:55:50.090909091,16.282547043938347,35,2.232710667812788,3.516443188557477
359,15,19.418552045395053,73.27859677820996,2024-12-04 01:55:53.478260870,15.528717199075768,36,3.246051908111568,3.971275213675219
360,15,19.41890935122055,73.27884782535793,2024-12-04 01:55:56.272727273,15.638916843434366,25,1.4374030173081132,3.9552837606837654
361,15,19.419254392947213,73.27912243572862,2024-12-04 01:56:02.727272727,16.13689691840278,32,1.4293168116168018,3.935548717948724
362,15,19.419598028592027,73.27941291756224,2024-12-04 01:56:42.260869565,17.00857343550448,29,0.38768718672591257,3.845548717948723
363,15,19.41992639813984,73.27970662578585,2024-12-04 01:56:44.888888889,17.500227313271424,29,0.7444098340356334,3.845548717948723
364,15,19.420216064475852,73.27999809124228,2024-12-04 01:56:47.555555556,17.27663483903681,28,5.264917203182887,3.9384119658119716
365,15,19.420825571986768,73.28056611461204,2024-12-04 01:56:53.416666667,15.24058216262242,29,1.3135894470308564,3.935548717948724
366,15,19.421113079313074,73.28085850505875,2024-12-04 01:56:55.916666667,12.772065806878325,42,2.3952730611739854,3.845548717948723
367,15,19.42137591559873,73.28115149600208,2024-12-04 01:56:59.166666667,5.6232172894576635,71,5.375083138728642,3.845548717948723
368,15,19.421657535298884,73.28146420092455,2024-12-04 01:57:06.727272727,7.560105166245857,72,1.7623966291302573,3.5858699849170446
369,15,19.42196377556751,73.28178074063948,2024-12-04 01:57:13.500000000,10.99943680108243,36,0.9112879345025524,3.9552837606837654
370,15,19.422234140624195,73.2821030072303,2024-12-04 01:57:16.739130435,13.037791828244998,42,2.2274752355920713,3.970548717948724
371,15,19.422491862661847,73.28243271234867,2024-12-04 01:57:21.083333333,14.130255952380953,28,0.5464584461127304,3.845548717948723
372,15,19.422778579280326,73.28276086180736,2024-12-04 01:57:23.500000000,14.91529593554591,33,2.3433288512083204,3.9723435897435952
373,15,19.423049900128714,73.2831189103344,2024-12-04 01:57:27.000000000,15.701426557239103,30,2.2379274853169457,3.971275213675219
374,15,19.423290970589328,73.2834803420777,2024-12-04 01:57:29.545454545,16.52428386553713,31,0.4700679987498544,3.971275213675219
375,15,19.42351642403219,73.28382104734077,2024-12-04 01:57:32.100000000,17.382861283644033,28,2.2337549149682117,3.959061538461544
376,15,19.423713177888157,73.28417806006367,2024-12-04 01:57:34.347826087,17.497009060909768,42,1.0435473363611896,3.959061538461544
377,15,19.42389380989069,73.28451930292883,2024-12-04 01:57:37.705882353,17.4617669184101,19,1.5264240217432652,3.935548717948724
378,15,19.424087204287154,73.28487772608224,2024-12-04 01:57:50.181818182,17.52197429152637,32,1.0517966732799608,3.845548717948723
379,15,19.424269315206775,73.28523220972181,2024-12-04 01:58:22.000000000,17.54854906616012,26,1.305425863710351,3.845548717948723
380,15,19.424478620352694,73.28556706675619,2024-12-04 01:58:24.555555556,17.439716959480823,27,1.6026445394564675,3.935548717948724
381,15,19.424675128300066,73.28590776429948,2024-12-04 01:58:26.800000000,17.53093912783752,31,2.408750739787042,3.935548717948724
382,15,19.424822237282562,73.2862293020552,2024-12-04 01:58:29.000000000,17.987314225589238,21,1.0283251797800983,3.9384119658119716
383,15,19.424974023040825,73.2865696526091,2024-12-04 01:58:30.818181818,18.432445067340062,30,1.5696340881754176,3.845548717948723
384,15,19.42505115606943,73.28692168406451,2024-12-04 01:58:33.000000000,18.79072342293906,31,1.857839289140482,3.959061538461544
385,15,19.42511350533949,73.28728403333456,2024-12-04 01:58:35.100000000,19.072175178062658,26,4.355034255993173,3.9384119658119716
386,15,19.425197777756736,73.28766475014639,2024-12-04 01:58:37.555555556,19.326853871641248,34,0.9435339611060715,3.845548717948723
387,15,19.425338049830714,73.2880523160035,2024-12-04 01:58:40.533333332,19.411878212790963,19,3.765251255402628,3.935548717948724
388,15,19.425601788735527,73.28840060058636,2024-12-04 01:58:42.176470588,19.488957545911173,27,2.6091101607907388,3.959061538461544
389,15,19.425932553798383,73.28868407186607,2024-12-04 01:58:44.636363636,19.59481948086639,26,1.7020469688390725,3.973411965811972
390,15,19.42630032455402,73.2889281197229,2024-12-04 01:58:47.500000000,19.894984994887878,16,0.7710353020533366,3.9384119658119716
391,15,19.426679465942478,73.28914575354574,2024-12-04 01:58:49.545454545,19.928969603186765,25,0.9041399584722665,3.845548717948723
392,15,19.427032099020515,73.28936682600921,2024-12-04 01:58:51.777777778,19.630488122605332,29,4.983021439197141,3.845548717948723
393,15,19.427346670417112,73.28964320165366,2024-12-04 01:58:54.000000000,19.279950289936384,27,0.7217236590938112,3.845548717948723
394,15,19.42763727118688,73.28998272669762,2024-12-04 01:58:56.545454545,18.882617424242422,28,1.6918265342511858,3.9552837606837654
395,15,19.427889753080077,73.29033491190859,2024-12-04 01:58:59.090909091,18.490974431731114,31,0.8309151169075079,3.845548717948723
396,15,19.428132253715233,73.29070001024013,2024-12-04 01:59:02.000000000,18.39484349326599,25,1.5494786210618934,3.845548717948723
397,15,19.42838088877277,73.29104864529768,2024-12-04 01:59:04.272727273,18.40434428149012,26,1.4487156271927177,3.973411965811972
398,15,19.42868492119097,73.29133492119097,2024-12-04 01:59:06.888888889,18.48234673353911,28,2.451820881725107,3.845548717948723
399,15,19.429050466162906,73.29159052795839,2024-12-04 01:59:09.428571429,18.65428407393169,24,1.4474752942816214,3.9552837606837654
400,15,19.4298290413487,73.29202029947795,2024-12-04 01:59:14.272727273,18.204124146874147,37,1.3576414619460184,3.959061538461544
401,15,19.430186847645388,73.29222741732517,2024-12-04 01:59:17.380952381,17.81435523221634,27,4.6274125226871,3.9384119658119716
402,15,19.430536776679915,73.29244827945372,2024-12-04 01:59:46.333333333,16.049610262345666,30,1.60783002872864,3.9552837606837654
403,15,19.430903496279427,73.2926362046031,2024-12-04 02:00:02.166666667,13.93288826058205,42,4.937954910028088,3.959061538461544
404,15,19.43128964484705,73.29279661605301,2024-12-04 02:00:06.111111111,12.981744539411062,36,3.065468290008636,3.6352239316239343
405,15,19.4316929397721,73.29296136193187,2024-12-04 02:00:09.238095238,13.141753601816067,37,2.8110708120847754,3.845548717948723
406,15,19.43209226577101,73.29315695571339,2024-12-04 02:00:13.363636364,12.7960348749213,43,2.8769123311799056,3.9387794871794917
407,15,19.432469217897005,73.29339726868571,2024-12-04 02:00:17.062500000,11.886634784379341,45,0.5263339699821256,4.000548717948724
408,15,19.432824841093208,73.29367303034738,2024-12-04 02:00:21.555555556,11.67670631844468,43,1.4710774857333764,3.973411965811972
409,15,19.433175438087297,73.29397150236531,2024-12-04 02:00:25.700000000,11.343219098277606,47,0.5055917639606728,3.9168136752136786
410,15,19.433502678605528,73.29423839620571,2024-12-04 02:00:29.636363636,11.253763653355453,46,2.4572641816414245,3.9858564102564156
411,15,19.43403262773058,73.29473450133173,2024-12-04 02:00:36.750000000,12.436467861764054,40,0.2235340975665022,3.959061538461544
412,15,19.43433226293351,73.29502192445881,2024-12-04 02:00:40.142857143,12.452518328341142,41,0.4584944129937577,3.9655487179487237
413,15,19.43465378413252,73.29533551716383,2024-12-04 02:00:44.142857143,12.947861911723724,38,0.807649317489341,3.970548717948724
414,15,19.43496444885653,73.29561949050705,2024-12-04 02:00:47.444444444,13.734953592947061,38,0.3426551448080971,3.973411965811972
415,15,19.43527641040711,73.29589812443325,2024-12-04 02:00:50.904761905,14.337370300224482,36,1.2405989416494365,3.845548717948723
416,15,19.435579768008907,73.29615290603782,2024-12-04 02:00:54.142857143,14.899433003159933,34,2.589797574600308,3.9723435897435952
417,15,19.43586846230655,73.29643423300455,2024-12-04 02:00:57.000000000,15.381321502057615,36,3.2359228917152416,3.971275213675219
418,15,19.43617225518024,73.29677043796232,2024-12-04 02:01:40.333333333,15.654261260263452,33,0.3880343122881392,3.970548717948724
419,15,19.436801502851246,73.29736391727516,2024-12-04 02:01:46.478260870,16.274500997689575,23,0.5478344898996556,3.845548717948723
420,15,19.43707205538185,73.29762988333538,2024-12-04 02:01:48.000000000,16.341100415721698,35,1.5981975546566345,3.9552837606837654
421,15,19.437373358183443,73.29790778191433,2024-12-04 02:01:51.333333333,14.72337226747402,38,5.001644843632114,3.480497039841577
422,15,19.437702539526956,73.29820743594436,2024-12-04 02:01:54.619047619,11.073647085725526,47,0.8289923053146371,5.325155077928608
423,15,19.43799724890409,73.29849704007273,2024-12-04 02:01:58.500000000,9.888149464728391,58,0.0855492638870858,3.05594084608202
424,15,19.438293969595243,73.298780822809,2024-12-04 02:02:03.352941176,9.521843911885925,45,0.6118796981700061,3.1016803280286456
425,15,19.438617061623702,73.2990790304116,2024-12-04 02:02:07.666666667,11.044971556645585,50,0.09199252639077904,3.455984615384618
426,15,19.43890063651886,73.299375752093,2024-12-04 02:02:12.363636364,11.096536318041439,36,1.4315540505639675,3.1571576240752712
427,15,19.43918069003333,73.29963494473151,2024-12-04 02:02:15.380952381,9.785300161411001,55,0.6988094939730657,2.786454358153518
428,15,19.43945981567785,73.299893384223,2024-12-04 02:02:20.478260870,10.009694773825226,36,1.4203277430258232,3.452177354531555
429,15,19.439712985745857,73.30018030480684,2024-12-04 02:02:23.909090909,11.052987475277279,55,5.299037370285365,6.187764884364009
430,15,19.440025207753763,73.30045224346324,2024-12-04 02:02:28.153846154,12.292254315677084,38,3.436344787859743,3.9552837606837654
431,15,19.440353803265005,73.30071949032441,2024-12-04 02:02:31.888888889,13.289373467217274,37,2.1525214457907973,3.507044095586956
432,15,19.440654719743335,73.30101012153096,2024-12-04 02:02:35.000000000,14.474156354204347,44,2.3231540792878853,3.5285401709401727
433,15,19.440964955426736,73.30131076129925,2024-12-04 02:02:43.555555555,13.799895034626113,32,4.137704921253867,3.9552837606837654
434,15,19.44128046813574,73.301605619974,2024-12-04 02:03:21.916666667,9.83123873752622,49,0.1708149509994858,3.342454611588224
435,15,19.441607625148126,73.30191608714061,2024-12-04 02:03:27.205882353,10.777407068228603,49,0.50254400330597,3.9168136752136786
436,15,19.441936250812653,73.3022403027067,2024-12-04 02:03:31.777777778,12.97862699136449,36,0.21793261589088797,3.941352136752142
437,15,19.44225635368482,73.30256194042869,2024-12-04 02:03:35.363636364,14.84987964200834,34,1.1909623831002063,3.9723435897435952
438,15,19.442560023785823,73.30290098846055,2024-12-04 02:03:38.545454545,15.901400575918277,32,1.3776601067505605,3.971275213675219
439,15,19.44285560435118,73.30324642443077,2024-12-04 02:03:41.666666667,16.148433662017005,28,1.0784795554816438,3.727220966335257
440,15,19.44339430998737,73.30398656810158,2024-12-04 02:03:47.750000000,19.133067441239476,26,4.1583150085820435,3.973411965811972
441,15,19.443651073821663,73.30434430235152,2024-12-04 02:03:49.923076923,20.361858355213,27,2.9234966467214596,3.971275213675219
442,15,19.443861517781045,73.30468469193578,2024-12-04 02:03:52.235294118,21.166067836291244,23,2.590450462472764,3.973411965811972
443,15,19.444055135806217,73.30504850281409,2024-12-04 02:03:54.000000000,21.847482110507247,23,0.8804059279043065,3.959061538461544
444,15,19.44425162417669,73.30546498420256,2024-12-04 02:03:56.093750000,22.391999950386225,25,0.8133601538525798,3.9552837606837654
445,15,19.444431634020276,73.30590146641148,2024-12-04 02:03:58.437500000,22.19152819313087,26,0.37428308255648207,3.845548717948723
446,15,19.444598421810497,73.3062997855912,2024-12-04 02:04:00.500000000,20.910704611330594,23,2.719614055634563,3.9384119658119716
447,15,19.444733685680262,73.30669109841077,2024-12-04 02:04:02.727272727,19.228955274971543,18,0.9482072673470068,3.6574004535147435
448,15,19.444841251191384,73.3071026851637,2024-12-04 02:04:04.727272727,15.17508498335626,44,0.513089028471478,3.390462899005758
449,15,19.444903302379522,73.30749926142295,2024-12-04 02:04:08.000000000,11.709518652433404,44,2.0437007570921635,3.02267314900319
450,15,19.44494282974299,73.30784424704964,2024-12-04 02:04:11.454545455,9.811558542744542,41,5.662260368439703,3.83564273504274
451,15,19.44498963554704,73.30811682307112,2024-12-04 02:04:15.181818182,8.529647175458308,45,2.4096681586075808,3.312823178245655
452,15,19.44506589104577,73.30857142427817,2024-12-04 02:05:00.434782609,8.110523986669762,55,3.472923732219732,3.9003094017094044
453,15,19.44503309952149,73.30907370149876,2024-12-04 02:05:07.888888889,7.266873515877004,37,3.6823734967824513,3.353163055991627
454,15,19.44506892844832,73.30933891569023,2024-12-04 02:05:11.777777778,6.260968776039732,37,1.214646108135762,3.700352136752139
455,15,19.445086873239887,73.30954559322151,2024-12-04 02:05:15.117647059,6.319634005933778,33,3.5275634435875167,3.3864662213603385
456,15,19.445110878599323,73.30974184587649,2024-12-04 02:05:18.272727273,5.419681724964631,43,1.2896173718581805,3.4691401709401735
457,15,19.445116957829836,73.31001864966993,2024-12-04 02:05:26.272727273,3.9832069233757483,65,1.8873158788827655,3.9168136752136786
458,15,19.44511305353941,73.31034992292243,2024-12-04 02:05:34.076923077,6.171207415824973,60,5.206838845656237,3.104726931285334
459,15,19.445161261485715,73.31069643313091,2024-12-04 02:05:38.500000000,7.752409657016197,71,4.310144723560249,3.695557264957267
460,15,19.445200816050274,73.31112891193175,2024-12-04 02:05:44.888888889,11.387559242112522,42,0.41346678553605626,3.941352136752142
461,15,19.445205286460542,73.31159602248962,2024-12-04 02:05:48.750000000,13.741964924483385,37,0.34707273807441064,3.9552837606837654
462,15,19.445208220948935,73.31205507743181,2024-12-04 02:05:52.117647059,15.502328104575213,35,1.1656471295152095,3.959061538461544
463,15,19.445214840508783,73.31250611651018,2024-12-04 02:05:55.117647059,16.73004254850088,35,1.495749651576633,3.959061538461544
464,15,19.44523534570273,73.31296505084474,2024-12-04 02:05:58.416666667,17.18341688712522,28,0.43034260096621507,3.0948771344435215
465,15,19.44526768484839,73.31338033573317,2024-12-04 02:06:41.083333333,17.598558798209424,22,1.4117302780731866,3.973411965811972
466,15,19.44528988874996,73.31374850115985,2024-12-04 02:06:42.666666667,18.387944444444468,34,0.5146780404034001,3.5214431885574773
467,15,19.445290554205776,73.31415442397949,2024-12-04 02:06:45.166666667,19.37200377229088,27,3.2960494604092685,3.9384119658119716
468,15,19.445292587584227,73.31498816430761,2024-12-04 02:06:49.333333333,20.3693024419826,31,2.1964166820824804,3.973411965811972
469,15,19.445297236469344,73.31541388235894,2024-12-04 02:06:52.181818182,20.752423266758477,22,1.791450686190257,3.971275213675219
470,15,19.445292327083436,73.31586600249722,2024-12-04 02:06:54.111111111,21.111172123015876,28,0.9808214396569302,3.959061538461544
471,15,19.44528829724657,73.31634265874396,2024-12-04 02:06:56.750000000,21.33566742238574,20,0.9774723282842895,3.935548717948724
472,15,19.44529259569621,73.31681949789103,2024-12-04 02:06:58.588235294,21.06610039563666,36,1.4502147725245997,3.2386775879582608
474,15,19.445298966823955,73.31777318320573,2024-12-04 02:07:03.222222222,20.5894560920047,28,0.73388747894863,3.784232478632483
475,15,19.445296538426007,73.31824827697628,2024-12-04 02:07:05.500000000,20.086810185185186,24,1.6059687461719925,3.941352136752142
476,15,19.445295718839205,73.31871304047587,2024-12-04 02:07:08.000000000,18.471626114081523,33,0.3305228337753714,3.7031384615384657
477,15,19.44529702565307,73.31916921734549,2024-12-04 02:07:10.647058824,13.540403469603678,40,0.755943690291713,3.7798502041842386
478,15,19.44529720937656,73.31963226480852,2024-12-04 02:07:14.615384615,9.093887672900582,64,0.45096610212600946,3.834215384615387
479,15,19.445296798533818,73.32010061675973,2024-12-04 02:07:20.888888889,9.510978023548248,54,0.5045254002279751,3.9168136752136786
480,15,19.445292710127625,73.32056516965596,2024-12-04 02:07:25.666666667,11.645504602713178,43,0.0797854491854799,3.982078632478638
481,15,19.44528769624207,73.3210347466381,2024-12-04 02:07:30.117647059,12.657623837842628,43,1.4252364866243314,3.970548717948724
482,15,19.445282501729707,73.32151157309106,2024-12-04 02:07:34.333333333,13.092048148148143,35,1.5110608819539586,3.7031384615384657
483,15,19.44528552137706,73.3219770320246,2024-12-04 02:07:37.666666667,13.61806409832453,42,0.9332999411053515,3.9552837606837654
484,15,19.44529338416932,73.32243034825584,2024-12-04 02:08:21.000000000,14.004207716049384,30,1.1668409430881186,3.9552837606837654
485,15,19.44529794136973,73.3228841657229,2024-12-04 02:08:24.523809524,14.187747089611943,38,1.6817603511040207,3.9552837606837654
486,15,19.445313998301433,73.32334607226528,2024-12-04 02:08:27.777777778,14.04167787104122,34,0.8166250273749691,3.959061538461544
487,15,19.445350090798353,73.32378707008041,2024-12-04 02:08:31.666666667,14.05759743214422,32,0.41450659620132435,3.973411965811972
488,15,19.445386678669717,73.32419799558771,2024-12-04 02:08:34.117647059,14.284690616220306,42,1.6002475294922558,3.971275213675219
489,15,19.445461509023893,73.32461358056034,2024-12-04 02:08:37.352941176,14.547734496919768,33,1.2780072416976385,3.124235201773017
490,15,19.445567202064336,73.32503512160628,2024-12-04 02:08:40.000000000,14.209292810921447,32,2.895800415110807,3.9552837606837654
491,15,19.445790105684296,73.32587270555847,2024-12-04 02:08:47.538461538,9.122056360872444,61,0.19264999574628452,3.935548717948724
492,15,19.445911178542218,73.32630771477386,2024-12-04 02:08:53.333333333,9.762972647392289,49,1.2680763689056416,3.845548717948723
493,15,19.446058854629264,73.32672169319798,2024-12-04 02:08:58.294117647,10.181293016280659,42,4.451800880447537,3.845548717948723
494,15,19.446366300172222,73.32741257659308,2024-12-04 02:09:06.111111111,9.661088519465718,51,3.9723606731906984,3.845548717948723
495,15,19.446617922278072,73.32780406370267,2024-12-04 02:09:10.869565217,9.19331903288188,56,0.2865689979844163,3.935548717948724
496,15,19.44681902675556,73.32821179344484,2024-12-04 02:09:16.111111111,9.007568032261817,53,6.267061664954138,4.016198290598298
497,15,19.44705042942,73.32859762975355,2024-12-04 02:10:02.000000000,9.152369866113958,53,2.766412918202261,3.9655487179487237
498,15,19.447324629581146,73.32896136290651,2024-12-04 02:10:07.272727273,8.57965139020405,48,1.3023249439230067,3.845548717948723
499,15,19.44760637597097,73.32930536518833,2024-12-04 02:10:11.833333333,9.270470074912659,63,0.42316302384070364,4.0146341880341945
500,15,19.44788931649653,73.32960430940706,2024-12-04 02:10:16.823529412,8.915685901085988,56,2.082984104984705,4.000548717948724
501,15,19.448161439850374,73.32990867845396,2024-12-04 02:10:22.600000000,9.228038665980794,54,1.2537669716783795,4.000548717948724
502,15,19.448404271788633,73.33024250502976,2024-12-04 02:10:27.500000000,10.041568421619296,43,3.803665599225673,3.9639846153846214
503,15,19.448693699177447,73.33053814641767,2024-12-04 02:10:31.833333333,10.652654320987677,45,5.401685136642599,2.921586891166723
504,15,19.449050111780572,73.33082453833792,2024-12-04 02:10:36.000000000,11.141714494130975,49,0.42509689347478563,3.5101691302161893
505,15,19.449399286983883,73.33111039921306,2024-12-04 02:10:40.333333333,10.89155288800703,35,0.8559699039756891,3.83564273504274
506,15,19.449753273324813,73.33135991135585,2024-12-04 02:10:44.454545455,9.86326926632398,48,0.6753868222046095,3.1227148828762274
507,15,19.450094671241914,73.33159719634433,2024-12-04 02:10:49.444444444,10.403063573409254,48,2.952189867433128,3.9858564102564156
508,15,19.45044224853147,73.33179949794845,2024-12-04 02:10:53.380952381,11.860948520029865,43,1.9163792219969888,3.935548717948724
509,15,19.450816494569473,73.33198072110011,2024-12-04 02:10:57.695652174,13.057185200820289,36,0.2034406723162903,3.9552837606837654
510,15,19.45119624654606,73.33216341011105,2024-12-04 02:11:41.000000000,13.065775731167646,36,1.2074609268939716,3.83821538461539
511,15,19.451578663221106,73.33232448180186,2024-12-04 02:11:44.117647059,10.105271257244835,53,2.8112315624236963,3.998984615384621
512,15,19.451982437486812,73.3324757318889,2024-12-04 02:11:49.777777778,7.669092899076074,65,6.582821658871565,3.845548717948723
513,15,19.4523852855856,73.3325980633048,2024-12-04 02:11:55.555555556,8.482334252829224,60,0.24668176078880608,3.982078632478638
514,15,19.452773744029418,73.33269480949227,2024-12-04 02:12:00.666666667,8.97593177005555,53,0.48590417958090926,3.982078632478638
515,15,19.453164156546308,73.33278658260691,2024-12-04 02:12:05.888888889,8.91340543635247,52,0.6711127539669051,4.000702564102571
516,15,19.453535036595053,73.33286745526277,2024-12-04 02:12:10.333333333,9.38565247996534,57,1.039200041587368,3.982078632478638
517,15,19.45393006651742,73.332936452892,2024-12-04 02:12:14.705882353,10.42558078590229,48,2.913555344727824,3.9858564102564156
518,15,19.45478650913099,73.33307171983148,2024-12-04 02:12:22.818181818,14.670815041035343,40,1.060635018324418,3.6352239316239343
519,15,19.455211660257657,73.33314748156194,2024-12-04 02:12:25.928571429,15.125928925736911,28,1.3615369729657774,3.9384119658119716
520,15,19.45563708106652,73.33322373396804,2024-12-04 02:12:29.333333333,13.543093041620118,39,1.7977597667177105,3.970548717948724
521,15,19.456063898709147,73.33331507683862,2024-12-04 02:12:32.956521739,10.487470854981318,53,1.596436898778352,3.834215384615387
522,15,19.45645861412513,73.3333890953667,2024-12-04 02:12:37.444444444,9.317206912809981,55,0.12118180987603928,3.845548717948723
523,15,19.457206245205576,73.33354832161514,2024-12-04 02:13:25.833333333,8.463219274369353,61,2.2694463820861577,3.9839846153846215
524,15,19.457599758412506,73.33360081962552,2024-12-04 02:13:32.058823529,8.837754220042108,58,0.04225399288427034,3.987420512820519
525,15,19.45796858128936,73.33364722698434,2024-12-04 02:13:37.111111111,8.272865430267789,51,2.5182659471168156,3.845548717948723
526,15,19.4583199815504,73.33371062851518,2024-12-04 02:13:41.500000000,10.14674320652174,46,0.23693508336065575,3.9655487179487237
527,15,19.458715945645576,73.33377389402719,2024-12-04 02:13:46.222222222,12.617146983301128,33,4.819272872605303,3.845548717948723
528,15,19.459458894177104,73.33395744751812,2024-12-04 02:13:52.476190476,15.724673248813529,32,0.2522736457749411,3.970548717948724
529,15,19.459836367588505,73.33400862160275,2024-12-04 02:13:54.647058824,15.920617936224874,25,2.5139145595962384,3.973411965811972
530,15,19.46022537059932,73.33406069736415,2024-12-04 02:13:57.272727273,16.2939505602904,32,4.736836299019978,3.9384119658119716
531,15,19.460608134910427,73.3341534549408,2024-12-04 02:14:00.181818182,16.897564553930607,31,1.345186241970897,3.959061538461544
532,15,19.460995897917037,73.33422607575946,2024-12-04 02:14:02.666666667,16.629577330077257,26,0.4356780709249561,3.9552837606837654
533,15,19.46182260167304,73.33436578399068,2024-12-04 02:14:08.000000000,17.226638676303853,28,0.9130634134752184,3.9552837606837654
534,15,19.46221708410513,73.33441103338328,2024-12-04 02:14:10.928571429,17.329018547968907,26,1.8445778052427344,3.9494803418803484
535,15,19.46260261213998,73.33444799899216,2024-12-04 02:14:13.000000000,17.227610298510076,31,3.199423230912818,3.9552837606837654
536,15,19.462980962856452,73.33448190096101,2024-12-04 02:14:15.500000000,16.614087161942003,31,0.688816730342953,3.230616556366137
537,15,19.463411492976032,73.33449852001792,2024-12-04 02:14:18.636363636,16.322275322404934,31,1.2192231477102868,3.9552837606837654
538,15,19.463854119919283,73.33450365022524,2024-12-04 02:15:01.176470588,16.285322106636208,32,0.7632316189277634,3.971275213675219
539,15,19.464299648593055,73.33450310344159,2024-12-04 02:15:04.176470588,16.26764304440328,36,1.004982267940158,3.9552837606837654
540,15,19.46473338423372,73.33450459318001,2024-12-04 02:15:07.583333333,16.143889991830054,34,0.9091542473060483,3.959061538461544
541,15,19.465158072245952,73.33450722900491,2024-12-04 02:15:10.700000000,15.917662849326582,30,0.6252627442095455,3.258200410420579
542,15,19.46558614551481,73.33451160259969,2024-12-04 02:15:13.545454545,15.709277367813957,30,0.5424545020993246,3.7103577184720087
543,15,19.46599886915891,73.33452109824664,2024-12-04 02:15:16.000000000,15.573994068889446,39,0.7235692334657495,3.9552837606837654
544,15,19.46639795986182,73.33453223910553,2024-12-04 02:15:18.933333333,15.569399401296975,32,1.6105105778748174,3.9845572649572705
545,15,19.46677609914017,73.33454331991722,2024-12-04 02:15:22.250000000,15.556061965811969,26,5.2210196104092255,3.935548717948724
546,15,19.46711672656801,73.33457737182022,2024-12-04 02:15:24.166666667,15.542126299246506,44,2.4737175312866433,3.9552837606837654
547,15,19.46750297335003,73.334604431918,2024-12-04 02:15:27.529411765,15.409789362745105,25,1.4657945967067836,3.959061538461544
548,15,19.46794472778008,73.33461005568847,2024-12-04 02:15:30.000000000,15.11641269841266,35,0.7085180931922505,3.941352136752142
549,15,19.468379374669585,73.33460309044187,2024-12-04 02:15:33.333333333,14.120091048552617,39,0.13357586979784622,3.941352136752142
550,15,19.468782696461403,73.33456322316982,2024-12-04 02:15:36.538461538,13.989476392888191,34,0.9789624574851731,3.959061538461544
551,15,19.469168852328416,73.33451535532993,2024-12-04 02:15:39.666666667,13.225464726631412,42,1.5696443210328224,3.806275213675217
552,15,19.469558153338024,73.33447343956442,2024-12-04 02:15:42.705882353,10.809332128791981,45,1.1848324518663915,3.935548717948724
553,15,19.469949270740756,73.33442621696244,2024-12-04 02:15:46.888888889,5.679820161397069,102,2.749186623168181,3.845548717948723
554,15,19.47033776801645,73.33435,2024-12-04 02:15:56.333333333,4.635628694752139,72,0.9357992292439317,3.845548717948723
555,15,19.470727573614298,73.33428470669895,2024-12-04 02:16:44.250000000,5.925312717963879,77,1.2214323969642624,3.875548717948724
556,15,19.471116796040413,73.33423320395958,2024-12-04 02:16:51.769230769,4.983986635942004,82,1.9849382944238907,3.845548717948723
557,15,19.471495557037372,73.33412273743028,2024-12-04 02:17:00.666666667,5.297801975516544,90,1.3129295055344021,3.845548717948723
558,15,19.471883438184108,73.33399825917672,2024-12-04 02:17:10.000000000,6.495460423630234,75,1.1009346402179567,3.845548717948723
559,15,19.472271177807887,73.33387401900708,2024-12-04 02:17:17.230769231,8.700968669339208,39,2.16650542925037,3.959061538461544
560,15,19.47264045116146,73.33374134276033,2024-12-04 02:17:20.777777778,10.435988118294565,59,2.619964624313051,3.935548717948724
561,15,19.472988935322117,73.33359382946173,2024-12-04 02:17:24.866666667,11.813715170476486,32,2.7976137604264726,3.845548717948723
562,15,19.47331247809833,73.33344004286766,2024-12-04 02:17:28.666666667,13.182502299313715,32,4.770742032296401,3.9552837606837654
563,15,19.47367411198409,73.33328915026884,2024-12-04 02:17:31.428571429,12.5489659527754,32,0.34829227547445646,3.935548717948724
564,15,19.474027016450723,73.33315827367734,2024-12-04 02:17:34.636363636,12.928581160085704,45,0.5568246547634769,3.9858564102564156
565,15,19.474377225061247,73.3330335322297,2024-12-04 02:17:38.166666667,13.939569999664268,30,1.5729425220020872,3.9384119658119716
566,15,19.47475587590234,73.33287818812323,2024-12-04 02:18:20.521739130,13.71343047433503,43,2.7360737641212354,3.9552837606837654
567,15,19.475132958111992,73.3327424726429,2024-12-04 02:18:24.285714286,11.651243917084292,38,1.8361744403074218,3.845548717948723
568,15,19.475470871165523,73.33259113717459,2024-12-04 02:18:28.090909091,10.223404695391562,40,1.6461128619161338,3.9384119658119716
569,15,19.47577538244581,73.3324485331504,2024-12-04 02:18:31.363636364,9.742770056002202,49,1.844458617939005,3.998984615384621
570,15,19.476109505069203,73.33231274214985,2024-12-04 02:18:35.166666667,9.257347725949044,53,2.918246758754554,3.9681470085470134
571,15,19.476435791000533,73.33219572029229,2024-12-04 02:18:38.666666667,10.418094662037104,50,0.4648336246059154,3.9858564102564156
572,15,19.476788323798836,73.33208502670823,2024-12-04 02:18:43.250000000,12.161990494791667,40,1.6042428032340512,3.959061538461544
573,15,19.477157557465425,73.33195084407282,2024-12-04 02:18:46.090909091,12.758845528455312,41,5.016199946374737,3.959061538461544
574,15,19.477560445969758,73.33185717668408,2024-12-04 02:18:51.384615385,13.653851123971828,29,5.7215210202013385,3.9552837606837654
575,15,19.477990892975328,73.33180218415842,2024-12-04 02:18:53.809523810,13.671219527815133,39,0.7950169933654425,3.959061538461544
576,15,19.478402951603478,73.33178727539328,2024-12-04 02:18:57.217391304,13.971937766351099,36,1.5154467493340877,3.973411965811972
577,15,19.47882032564568,73.33179493926153,2024-12-04 02:19:00.666666667,14.083075015637348,33,0.40508398645801935,3.941352136752142
578,15,19.479234117967984,73.3318,2024-12-04 02:19:03.555555556,13.403272659009195,43,2.203873755420116,3.9552837606837654
579,15,19.47962178854553,73.33183322319604,2024-12-04 02:19:07.230769231,13.142656684005358,36,3.0159537166977617,3.941352136752142
580,15,19.479967962302773,73.33188322319606,2024-12-04 02:19:09.619047619,13.567498691626412,40,1.8066626370755854,3.845548717948723
581,15,19.480312111530417,73.33191125480455,2024-12-04 02:19:12.782608696,14.425580921501204,37,3.0064523785644837,3.970548717948724
582,15,19.480652378028537,73.33196118473437,2024-12-04 02:19:15.428571429,15.165529119699524,36,1.774991759477226,3.973411965811972
583,15,19.48102554718642,73.33199992992982,2024-12-04 02:19:18.565217391,15.228320257286006,34,0.9344591977129763,3.9552837606837654
584,15,19.481459313515767,73.33200654523787,2024-12-04 02:20:01.761904762,15.60401797385624,34,1.1309562039776242,3.959061538461544
585,15,19.48185165589993,73.33195654523789,2024-12-04 02:20:04.571428571,15.963190836940834,24,4.926680247740979,3.959061538461544
586,15,19.482250273259574,73.33191002328113,2024-12-04 02:20:06.727272727,16.375507865883115,32,1.3972422099721222,3.959061538461544
587,15,19.482647895631125,73.3318667104651,2024-12-04 02:20:09.500000000,16.947905470521547,35,0.40395721827517683,3.958411965811972
588,15,19.483044470063522,73.33177629357057,2024-12-04 02:20:12.666666667,17.53741180977611,31,1.1387343940684576,3.9552837606837654
589,15,19.48347848302589,73.33169935167285,2024-12-04 02:20:15.565217391,18.118938440803735,23,1.3655324982938877,3.935548717948724
590,15,19.483892588541806,73.33161681272163,2024-12-04 02:20:17.521739130,18.628471044313226,27,1.9217245545716644,3.959061538461544
591,15,19.484293928302662,73.33152817149215,2024-12-04 02:20:20.173913043,19.285535500634023,23,1.4375328449200673,3.959061538461544
592,15,19.484679503453965,73.3314405638501,2024-12-04 02:20:22.000000000,19.883119628479413,28,3.6510440714688577,3.9552837606837654
593,15,19.484997286668897,73.33135035945894,2024-12-04 02:20:24.130434783,20.276687941285736,26,3.2048713456616613,3.8521470085470138
594,15,19.4853455990718,73.33127885198327,2024-12-04 02:20:25.733333333,20.670639374808726,22,2.5749889641095747,3.845548717948723
595,15,19.485738172279877,73.33117900642605,2024-12-04 02:20:28.363636364,21.03896351630673,23,2.181892856655294,3.935548717948724
596,15,19.486122882095692,73.33108920997194,2024-12-04 02:20:30.125000000,21.058033212560332,21,3.6514291863426243,3.845548717948723
597,15,19.486511907328698,73.33103208828693,2024-12-04 02:20:31.956521739,20.945275942958027,32,0.47182010159248505,3.9845572649572705
598,15,19.486852041222193,73.33094467051033,2024-12-04 02:20:34.538461538,20.811481886169354,20,2.478690932337747,3.845548717948723
599,15,19.487219766455,73.33091363169598,2024-12-04 02:20:36.000000000,20.685037948717948,25,1.5597019902087976,3.9845572649572705
600,15,19.48762786209894,73.33097031975568,2024-12-04 02:20:38.000000000,20.619205486968447,27,4.81906029875802,3.959061538461544
601,15,19.48801291459598,73.33108585460607,2024-12-04 02:20:40.619047619,20.61370222462722,22,0.6396805308756011,3.9384119658119716
602,15,19.488346534768574,73.33123703523475,2024-12-04 02:20:43.000000000,20.583358034122654,28,6.9049270753052,3.9845572649572705
603,15,19.48886670387457,73.33159764036363,2024-12-04 02:20:46.222222222,20.884480452674907,24,8.080171605457181,3.959061538461544
604,15,19.48959446991885,73.33218656598876,2024-12-04 02:20:50.769230769,21.726624009324112,22,1.886170910999792,3.9384119658119716
605,15,19.48994439507056,73.33247167364664,2024-12-04 02:20:52.666666667,22.123465612002434,34,0.867395405916176,3.935548717948724
606,15,19.49032500509123,73.33272502937083,2024-12-04 02:20:56.086956522,22.193251207729467,18,1.0135324812897653,3.935548717948724
607,15,19.4907165052321,73.332958992832,2024-12-04 02:20:57.652173913,22.136146892176036,22,1.341840649773472,3.845548717948723
608,15,19.491111429943288,73.3331635479424,2024-12-04 02:21:21.363636364,22.069345141713292,23,0.5958859745323314,3.9384119658119716
609,15,19.491508535521692,73.33334393770315,2024-12-04 02:21:41.782608696,21.984948320261356,29,1.0429491541849591,3.970548717948724
610,15,19.49186883429086,73.33351696522249,2024-12-04 02:21:43.818181818,21.917574035812674,24,2.8473882673205404,3.845548717948723
611,15,19.49223232559276,73.33365310919825,2024-12-04 02:21:46.000000000,21.844013139770915,19,3.0809859134075754,3.9552837606837654
612,15,19.49262939188846,73.33375411294132,2024-12-04 02:21:47.636363636,21.77823415977962,24,1.6991044497367305,3.971275213675219
613,15,19.493035764279686,73.33382799912556,2024-12-04 02:21:49.952380952,21.70594683678897,19,1.7803189734812037,3.973411965811972
614,15,19.493471576790636,73.33387799219817,2024-12-04 02:21:52.181818182,21.850462995337995,26,0.6100627578265808,3.973411965811972
615,15,19.494174754428066,73.33396592589924,2024-12-04 02:21:55.272727273,22.42494291567637,30,3.4379404862921503,3.935548717948724
616,15,19.49486716484109,73.33397233040884,2024-12-04 02:21:58.941176471,22.92162328941993,16,5.649080612595957,3.935548717948724
617,15,19.495255833057882,73.33391560878928,2024-12-04 02:22:01.142857143,23.167888888888893,25,1.7428836357099708,3.959061538461544
618,15,19.49569466069477,73.33381153415442,2024-12-04 02:22:03.000000000,23.350833333333338,18,1.2908744087923685,3.845548717948723
619,15,19.496133488388303,73.33370745950612,2024-12-04 02:22:05.333333333,23.51086815942551,30,1.133881152421812,3.845548717948723
621,15,19.497004278513437,73.33347216085362,2024-12-04 02:22:09.000000000,23.461626936431628,26,1.3954919260547232,3.9552837606837654
622,15,19.497396950932394,73.33333208082826,2024-12-04 02:22:11.608695652,23.427545138888892,17,0.9647391551334037,3.973411965811972
623,15,19.497738735165903,73.3331898164268,2024-12-04 02:22:12.826086957,23.357513274189238,19,1.1135348043276694,3.9384119658119716
624,15,19.49806051841135,73.33304796850052,2024-12-04 02:22:14.727272727,22.862439033188995,28,1.4293471573235879,3.970548717948724
625,15,19.498372072731257,73.33287790447307,2024-12-04 02:22:16.636363636,22.517522608901572,18,5.007672057893168,3.935548717948724
626,15,19.498700998422137,73.3326352837315,2024-12-04 02:22:18.125000000,22.11489506382516,24,3.645272617310878,3.845548717948723
627,15,19.499068412653514,73.33237018111394,2024-12-04 02:22:20.652173913,21.693629427668203,23,0.032439906749490745,3.935548717948724
628,15,19.500401494793934,73.33156615661999,2024-12-04 02:22:28.666666667,21.187126984127005,21,1.4334941189747732,3.845548717948723
630,15,19.501801001812265,73.33072033311866,2024-12-04 02:22:36.666666667,20.81610331838049,21,1.5266118486152962,3.935548717948724
631,15,19.5021831154953,73.33051533603478,2024-12-04 02:22:54.434782609,20.75397801061932,37,0.5155241985151577,3.9384119658119716
633,15,19.502976581648674,73.33008768422377,2024-12-04 02:23:23.666666667,20.6740351377018,26,0.41431079049682756,3.845548717948723
634,15,19.50335748652173,73.32988375233182,2024-12-04 02:23:25.826086957,20.629470720302244,26,0.9430567109130382,3.935548717948724
635,15,19.5037246608835,73.32973543671346,2024-12-04 02:23:28.000000000,20.438590469789997,31,2.829685059710258,3.973411965811972
636,15,19.504063597997614,73.32957835453297,2024-12-04 02:23:30.666666667,19.948688528806617,18,2.836681386558541,3.7103577184720087
637,15,19.504375334847765,73.32939363067312,2024-12-04 02:23:32.000000000,19.396026442307722,26,1.385325934940136,3.845548717948723
638,15,19.504734200371235,73.32920371595151,2024-12-04 02:23:34.222222222,18.250696532809958,36,0.9983736331507068,3.845548717948723
639,15,19.505133377032305,73.32898704923358,2024-12-04 02:23:37.695652174,17.28421091348273,22,0.5206791165627531,3.935548717948724
640,15,19.505538881424243,73.32879510144815,2024-12-04 02:23:40.000000000,16.685047187207964,35,1.0623513549691024,3.970548717948724
641,15,19.50594450831414,73.32864063132763,2024-12-04 02:23:42.705882353,17.307029698684918,28,1.4164553208572628,3.9552837606837654
642,15,19.506352742637524,73.32849787824904,2024-12-04 02:23:45.555555556,18.460583239805544,30,3.261470227060645,3.845548717948723
643,15,19.506774681508837,73.32837643306658,2024-12-04 02:23:48.636363636,19.474975342902653,25,3.270027355634504,3.935548717948724
644,15,19.50719589207072,73.32830025490716,2024-12-04 02:23:50.842105263,20.335256780908004,30,0.448538058958393,3.973411965811972
645,15,19.507559602589176,73.32824932735961,2024-12-04 02:23:52.941176471,20.861740634252456,18,1.4784157485019733,3.917275213675219
646,15,19.507888842415717,73.32822364996724,2024-12-04 02:23:54.384615385,21.260449960340477,22,3.2501355458069248,3.959061538461544
647,15,19.508551866931327,73.3282468843733,2024-12-04 02:23:58.111111111,20.940097647163906,21,4.68581121200321,3.917275213675219
648,15,19.50886230786988,73.32829558016348,2024-12-04 02:23:59.608695652,21.242216763285047,25,4.904379500409082,3.9552837606837654
649,15,19.50920090583257,73.32840330885357,2024-12-04 02:24:01.545454545,21.878150103519662,28,4.137343018905304,3.845548717948723
651,15,19.5099854997211,73.3286567292411,2024-12-04 02:24:05.666666667,22.840985360854965,22,2.5804271573772875,3.845548717948723
652,15,19.51042050254722,73.32877707365594,2024-12-04 02:24:07.739130435,23.127684220856715,23,1.0171631960654148,3.973411965811972
653,15,19.51084493907216,73.32887829519048,2024-12-04 02:24:09.923076923,23.161465339530142,18,1.6460224197904831,3.973411965811972
654,15,19.511257038908003,73.32899827455437,2024-12-04 02:24:12.076923077,23.22359638863853,25,0.8334342566193297,3.959061538461544
655,15,19.511636816431338,73.32914141401375,2024-12-04 02:24:13.800000000,23.385699699627896,19,1.6454430100575255,3.973411965811972
656,15,19.511973259510253,73.32930230015955,2024-12-04 02:24:15.454545455,23.51630859830184,20,2.0651910785063703,3.973411965811972
657,15,19.512602716180716,73.32966590480486,2024-12-04 02:24:18.652173913,23.512040297906747,30,3.210451954951874,3.9552837606837654
659,15,19.513795346025173,73.33047571581295,2024-12-04 02:25:05.666666667,21.837181783108793,18,3.9413688206024413,3.935548717948724
660,15,19.51408421598922,73.3307014221746,2024-12-04 02:25:07.272727273,21.2330952623962,31,5.961452719008516,3.973411965811972
661,15,19.51436318011922,73.33102747939019,2024-12-04 02:25:09.823529412,20.417334670231778,19,1.4760190938553637,3.845548717948723
662,15,19.514614705713278,73.33135674839541,2024-12-04 02:25:11.636363636,19.554875284283035,29,0.48443875663865993,3.9552837606837654
663,15,19.515119356221405,73.33208106644646,2024-12-04 02:25:16.888888889,17.900389680406192,31,4.179173048910631,3.959061538461544
664,15,19.51559991534483,73.33286598621626,2024-12-04 02:25:22.545454545,17.940792073029126,29,2.9614693559111367,3.959061538461544
665,15,19.516018666668966,73.33350096888859,2024-12-04 02:25:27.333333333,18.491398910567305,24,2.4886682976640278,3.9552837606837654
666,15,19.516269685437802,73.33385674964231,2024-12-04 02:25:29.571428571,18.63879333333333,25,0.5676227996860915,3.971275213675219
667,15,19.516560219270797,73.33416673398187,2024-12-04 02:25:31.666666667,18.80380302777775,25,1.3600253015298196,3.845548717948723
668,15,19.51687326611299,73.33447707047854,2024-12-04 02:25:34.166666667,18.286722325336704,30,0.27714499346856625,3.845548717948723
669,15,19.517509039986432,73.33513231953698,2024-12-04 02:25:39.923076923,16.539999983991024,31,1.4384215500796795,3.970548717948724
670,15,19.517842907525452,73.33543952284809,2024-12-04 02:25:42.806451613,16.116111733080327,34,1.2534699375560714,3.959061538461544
671,15,19.518481428865915,73.33597162257713,2024-12-04 02:25:48.739130435,12.574063091665664,44,1.9382407438949316,4.000548717948724
672,15,19.51882268081509,73.33628207266622,2024-12-04 02:25:53.333333333,13.357782218443088,35,4.546384410645765,3.970548717948724
673,15,19.519165193604486,73.33657670153178,2024-12-04 02:25:56.523809524,14.595991888422025,34,0.36880895450604745,3.9552837606837654
674,15,19.519495514068943,73.33684364116263,2024-12-04 02:26:05.833333333,16.19036805555558,34,2.4946795321638797,3.845548717948723
675,15,19.519804198240045,73.33710465403755,2024-12-04 02:26:42.666666667,17.165811555555525,25,1.40820247377191,3.973411965811972
676,15,19.520118968196993,73.33737361416368,2024-12-04 02:26:45.222222222,18.059039743445283,29,4.56766828719904,3.973411965811972
677,15,19.5204485200915,73.3376300877146,2024-12-04 02:26:47.588235294,18.371287152148096,24,1.6216865024749483,3.959061538461544
678,15,19.52112829508114,73.33809101402659,2024-12-04 02:26:52.047619048,17.245318796055166,31,2.577927444651021,3.9494803418803484
679,15,19.521539771407603,73.33828040551691,2024-12-04 02:26:54.956521739,16.81619033816425,35,0.4411470989935619,3.959061538461544
680,15,19.522750200436377,73.3387894292196,2024-12-04 02:27:04.000000000,16.719115054869665,27,2.056946788199829,3.973411965811972
681,15,19.523914416380087,73.33914572521113,2024-12-04 02:27:11.333333333,17.96446385902038,31,5.053766257689952,3.973411965811972
682,15,19.52431760889639,73.33922097630835,2024-12-04 02:27:14.000000000,18.447478703703673,28,2.591051246788192,3.9384119658119716
683,15,19.524760748498473,73.33928983489828,2024-12-04 02:27:17.000000000,19.007474794238668,27,2.1499765617825575,3.935548717948724
684,15,19.525192865404648,73.33936865689134,2024-12-04 02:27:19.333333333,19.503415233686077,28,1.3475830113986058,3.8805487179487237
685,15,19.525606114758506,73.33946727561128,2024-12-04 02:27:21.666666667,20.159730676328532,23,0.3113056143988239,3.935548717948724
686,15,19.526019628095867,73.33957394172174,2024-12-04 02:27:24.142857143,20.80952560083592,29,1.288286608868494,3.845548717948723
687,15,19.526435100204473,73.33965958988048,2024-12-04 02:27:26.636363636,21.31834090909089,25,0.995075640195538,3.973411965811972
688,15,19.526827789166752,73.33970616158845,2024-12-04 02:27:28.727272727,21.748899678604186,22,2.3701963648183924,3.959061538461544
689,15,19.527217002567646,73.33975706683682,2024-12-04 02:27:30.476190476,22.14310193416208,22,4.240769408656674,3.959061538461544
690,15,19.527621204653688,73.33986743263071,2024-12-04 02:27:32.555555556,22.238473967935043,26,0.8925733379166498,3.971275213675219
691,15,19.528019857857828,73.33996586535912,2024-12-04 02:27:34.500000000,21.49177112342517,23,1.1220306516238425,3.973411965811972
692,15,19.52842825070568,73.34005510335058,2024-12-04 02:27:36.647058824,20.841348290365616,20,1.033070567795735,3.9384119658119716
693,15,19.528839828070048,73.34015856835703,2024-12-04 02:27:38.777777778,19.98894182727649,29,1.7961858763710645,3.959061538461544
694,15,19.529220426856845,73.34024463686723,2024-12-04 02:28:21.272727273,19.11665767240312,27,1.3746732102208206,3.959061538461544
695,15,19.529581211457,73.34035454594013,2024-12-04 02:28:23.555555556,18.393975298249863,27,5.537838066723559,3.9552837606837654
696,15,19.529939053339152,73.34047585316699,2024-12-04 02:28:25.363636364,18.427647778515666,28,5.7070365264659575,3.958411965811972
697,15,19.530298213519615,73.34064439745612,2024-12-04 02:28:27.555555556,18.76393350727921,27,5.795321799384201,3.973411965811972
698,15,19.530640060143572,73.34083536012758,2024-12-04 02:28:29.777777778,18.884784983920433,33,5.835900454973056,3.959061538461544
699,15,19.530947839544893,73.34106428888184,2024-12-04 02:28:32.166666667,18.89790982905973,25,1.372934952991682,3.973411965811972
700,15,19.531278020229607,73.34135393451322,2024-12-04 02:28:34.769230769,19.275420961538607,25,0.6892040579724112,3.959061538461544
701,15,19.532407056121247,73.34236274398549,2024-12-04 02:28:42.666666667,20.443267740429494,28,3.2668109353826713,3.959061538461544
702,15,19.532683248816227,73.34263697007788,2024-12-04 02:28:44.909090909,20.335647847779803,26,2.474994157974452,3.973411965811972
703,15,19.53297342812845,73.34293935849375,2024-12-04 02:28:47.000000000,20.264708317682057,29,0.6231874372889861,3.959061538461544
704,15,19.533301841574165,73.34323377086156,2024-12-04 02:28:49.666666667,20.48108068783069,21,0.8910780455964428,3.9384119658119716
705,15,19.53363301512168,73.3435364403919,2024-12-04 02:28:51.666666667,20.736300449346448,24,1.3635084804132553,3.9845572649572705
706,15,19.533965608481488,73.3438137358525,2024-12-04 02:28:54.250000000,21.065499305555555,20,2.1644591449983985,3.845548717948723
707,15,19.534299969956322,73.34408948502346,2024-12-04 02:28:56.500000000,21.387837910353614,20,3.241807370010603,3.9845572649572705
708,15,19.53463871915087,73.3444031622538,2024-12-04 02:28:58.636363636,21.989971764748812,23,0.9842806105046576,3.970548717948724
709,15,19.53498513050868,73.34470516683172,2024-12-04 02:29:00.777777778,22.513154259259313,25,0.46714723794765256,3.973411965811972
710,15,19.535324956653007,73.3449721008759,2024-12-04 02:29:03.000000000,23.003287142255893,22,1.4137686824371116,3.9384119658119716
711,15,19.535661715623363,73.34523919810893,2024-12-04 02:29:05.000000000,23.067392431089115,19,1.7868282256543508,3.9384119658119716
712,15,19.536011006651172,73.34552262537278,2024-12-04 02:29:07.083333333,23.001543060750247,22,0.24601463166406676,3.935548717948724
713,15,19.536353809930816,73.34578642431408,2024-12-04 02:29:09.086956522,23.346239711934135,24,0.77525788825879,3.959061538461544
714,15,19.53670311564914,73.3460295084532,2024-12-04 02:29:11.000000000,23.58796439594359,21,2.1017694034034413,3.9384119658119716
715,15,19.537065688683523,73.34627951769914,2024-12-04 02:29:13.000000000,23.18554784648884,26,1.421617924591652,3.959061538461544
716,15,19.53741223987464,73.34653503906735,2024-12-04 02:29:15.294117647,22.09572296494396,22,0.7946442121951757,3.973411965811972
717,15,19.537750852543002,73.34679582670461,2024-12-04 02:29:17.222222222,20.257786865569226,27,3.1503808399491278,3.959061538461544
718,15,19.53810468871447,73.34707487889739,2024-12-04 02:29:46.333333333,19.55949416530503,20,1.2881997418598343,3.935548717948724
719,15,19.53846270332024,73.34736022296767,2024-12-04 02:30:02.000000000,19.3350041468607,22,0.7232200536614473,3.973411965811972
720,15,19.53879713884679,73.34763212363092,2024-12-04 02:30:04.647058824,18.64604509556354,22,1.2413029806007605,3.845548717948723
721,15,19.539092700326858,73.34788108720329,2024-12-04 02:30:07.166666667,17.647212052415178,26,0.5856354015049764,3.971275213675219
722,15,19.539374368460543,73.34806853408537,2024-12-04 02:30:08.888888889,17.23584336917735,29,6.414983631168859,3.959061538461544
723,15,19.539670614763587,73.34827553010192,2024-12-04 02:30:11.000000000,17.457656109708193,33,6.3034126760869045,3.970548717948724
724,15,19.539996895823307,73.3485277765221,2024-12-04 02:30:14.583333333,18.052295680014492,21,1.9295204339948688,3.935548717948724
725,15,19.540354726604118,73.34873368217845,2024-12-04 02:30:16.545454545,18.53523968575698,31,1.039682516638144,3.959061538461544
726,15,19.54073733254245,73.34888628237395,2024-12-04 02:30:19.117647059,18.79404602396516,21,1.2907862342657992,3.845548717948723
727,15,19.541145625036812,73.34903120724405,2024-12-04 02:30:21.333333333,18.991385757575767,25,2.2381965611474177,3.941352136752142
728,15,19.541549287469188,73.34917585442876,2024-12-04 02:30:24.000000000,19.373442070707085,25,5.344254970784227,3.9384119658119716
729,15,19.542252441963,73.34953123320126,2024-12-04 02:30:28.750000000,19.98437916666666,22,3.058075463429688,3.973411965811972
730,15,19.54254651442908,73.34978696532909,2024-12-04 02:30:31.200000000,20.147967834595978,16,1.2621091485444051,3.9384119658119716
731,15,19.542814531549062,73.3500343981388,2024-12-04 02:30:32.090909091,20.284058333333334,26,1.931041700121787,3.9552837606837654
732,15,19.543045060102724,73.35030442702889,2024-12-04 02:30:34.100000000,20.38972644927537,23,1.7361644706240595,3.8521470085470138
733,15,19.543272995725566,73.35063636109938,2024-12-04 02:30:36.250000000,20.480238869598782,24,1.2520126105866964,3.2278302315798117
734,15,19.543464871133807,73.35102026588851,2024-12-04 02:30:38.500000000,20.79354661940586,32,1.2151858607543649,3.973411965811972
735,15,19.543613389839543,73.35145890648346,2024-12-04 02:30:40.666666667,21.044240682870388,16,3.056375864037524,3.935548717948724
736,15,19.543740721123605,73.35189487775207,2024-12-04 02:30:43.000000000,21.278202736692325,22,1.5845187969246954,3.845548717948723
737,15,19.5437961050914,73.35234199234341,2024-12-04 02:30:45.095238095,21.229970268157768,28,2.079588592067578,3.958411965811972
738,15,19.54383405635417,73.35316292765,2024-12-04 02:30:49.444444444,21.61122400655871,24,0.3684436434367118,3.9552837606837654
739,15,19.543880527176967,73.35363716069558,2024-12-04 02:30:51.700000000,21.943762824338783,22,0.5949318967188778,3.935548717948724
740,15,19.543949673652058,73.35410815069498,2024-12-04 02:30:54.000000000,21.63229326811398,29,0.8446704358222122,3.935548717948724
741,15,19.544046386192104,73.3545732735137,2024-12-04 02:30:56.545454545,20.620275568181825,20,1.2044908877345883,3.971275213675219
742,15,19.54416254463453,73.35498838241308,2024-12-04 02:30:58.545454545,19.843252500971307,26,2.6112551904119337,3.845548717948723
743,15,19.544315133519397,73.35535625492628,2024-12-04 02:31:40.666666667,19.334750790775214,28,3.371232995037274,3.9552837606837654
744,15,19.544655315178552,73.35617378443445,2024-12-04 02:31:45.818181818,18.592871426685242,27,1.333742857152889,3.941352136752142
745,15,19.544855807959443,73.35653217844444,2024-12-04 02:31:47.647058824,18.729176013249486,23,0.9408127841260786,3.9384119658119716
746,15,19.545059133796155,73.35688420708661,2024-12-04 02:31:49.777777778,19.19536952039933,32,1.2891482650564892,3.9552837606837654
747,15,19.545266643689608,73.35724219563573,2024-12-04 02:31:52.437500000,19.72940084134615,26,2.4289696587828518,3.970548717948724
748,15,19.54549418891579,73.35760326596116,2024-12-04 02:31:54.900000000,20.16474637939222,26,5.430031456669736,3.959061538461544
749,15,19.54574036373414,73.35796185420055,2024-12-04 02:31:57.000000000,20.43694619809204,18,1.9766596734942334,3.971275213675219
750,15,19.545988924538953,73.35833436295138,2024-12-04 02:31:59.083333333,20.769611772486794,28,0.5157091097743562,3.845548717948723
751,15,19.54646223200419,73.35907907746815,2024-12-04 02:32:03.916666667,21.30538334385522,20,1.4908648372106414,3.845548717948723
752,15,19.54690660540797,73.35980041963612,2024-12-04 02:32:08.090909091,21.211018153668725,28,0.4964588794421245,3.935548717948724
753,15,19.54712045841744,73.36013546228665,2024-12-04 02:32:09.823529412,20.572140747239523,24,1.034989456046315,3.973411965811972
754,15,19.54729123168822,73.36044617092483,2024-12-04 02:32:11.909090909,19.624079706817895,33,2.238644093209336,3.9552837606837654
755,15,19.54743796848026,73.36077106706611,2024-12-04 02:32:14.130434783,18.963930414380417,26,3.3821498683566467,3.973411965811972
756,15,19.54756281962066,73.3610864029224,2024-12-04 02:32:16.000000000,18.777205568124508,26,2.053740650461522,3.845548717948723
757,15,19.547696721776425,73.36145246328107,2024-12-04 02:32:18.000000000,18.820500771604824,24,1.8677445386523444,3.845548717948723
758,15,19.54785090334486,73.36185757626976,2024-12-04 02:32:20.333333333,18.599365390349984,27,2.328633622315767,3.973411965811972
759,15,19.548006267422394,73.3622677861165,2024-12-04 02:32:22.652173913,18.82788388862095,38,0.7485758294410216,3.941352136752142
760,15,19.548190273889617,73.36268178896341,2024-12-04 02:32:26.117647059,19.49268664000687,19,1.6929335471610525,3.935548717948724
761,15,19.54839624780464,73.36305673665304,2024-12-04 02:32:27.500000000,20.313973685720914,22,0.2714809684709044,3.959061538461544
762,15,19.548626887987346,73.3633980613879,2024-12-04 02:32:30.000000000,21.315884259259253,30,2.942194185956202,3.973411965811972
763,15,19.548905117031417,73.36374218526889,2024-12-04 02:32:32.333333333,21.599484561524342,20,2.399128623092529,3.973411965811972
764,15,19.549199331482974,73.36405632635208,2024-12-04 02:32:34.333333333,21.622480963481078,26,0.7255558115267357,3.935548717948724
765,15,19.54948110520793,73.36434762721231,2024-12-04 02:32:36.750000000,21.54052704678369,19,3.382604177741667,3.845548717948723
766,15,19.54979775937425,73.36464471721851,2024-12-04 02:32:38.545454545,21.68173905723905,27,2.5996198768774703,3.9384119658119716
767,15,19.55010723735429,73.36493300876192,2024-12-04 02:33:21.000000000,21.920743357487925,23,1.6400699056097294,3.935548717948724
768,15,19.55040467087601,73.36522442701738,2024-12-04 02:33:22.750000000,21.970699247685232,20,1.05613618492792,3.959061538461544
769,15,19.550735734900705,73.36553393114939,2024-12-04 02:33:24.666666667,21.862312798685785,31,0.7795297346878236,3.935548717948724
770,15,19.551069867802806,73.36585184194742,2024-12-04 02:33:26.941176471,21.504553525570216,18,1.121971998044765,3.973411965811972
771,15,19.55140478240887,73.36617019163519,2024-12-04 02:33:29.260869565,21.131338303604615,26,0.952339127083095,3.959061538461544
772,15,19.551724309367465,73.36648430936746,2024-12-04 02:33:31.555555556,20.936290123456693,26,1.1893624061967205,3.973411965811972
773,15,19.552041377614707,73.366801269067,2024-12-04 02:33:33.833333333,21.057354336250178,26,0.8475983489091592,3.9384119658119716
774,15,19.552355679030335,73.36712877008614,2024-12-04 02:33:36.714285714,21.124161216199287,23,2.7221465549531976,3.845548717948723
775,15,19.5526724090941,73.36744530788991,2024-12-04 02:33:39.000000000,21.09633024691358,22,2.363340109631393,3.9384119658119716
776,15,19.5529842767793,73.36776017615475,2024-12-04 02:33:40.833333333,21.061028145208688,21,1.4918896841789064,3.9845572649572705
777,15,19.553287231367317,73.36808415851971,2024-12-04 02:33:42.761904762,20.948115658395537,23,5.470960078763415,3.9384119658119716
778,15,19.553883768236993,73.36868364756056,2024-12-04 02:33:47.500000000,20.99409003226703,20,2.1758266362548015,3.9384119658119716
779,15,19.5541523310751,73.36900941434781,2024-12-04 02:33:49.636363636,20.87694747474749,25,4.456263140048088,3.845548717948723
780,15,19.55442675381981,73.36931711283314,2024-12-04 02:33:51.909090909,20.594861720503648,24,1.226932727543021,3.973411965811972
781,15,19.55466262374849,73.36957958218349,2024-12-04 02:33:53.444444444,20.345581327160485,25,2.0715537130461015,3.971275213675219
782,15,19.55489590818202,73.36986992568683,2024-12-04 02:33:55.555555556,20.074159499226386,23,2.163844670427016,3.973411965811972
783,15,19.555135510475793,73.37013933419402,2024-12-04 02:33:57.294117647,19.666279002841133,29,0.952428111721692,3.83564273504274
784,15,19.555380189875557,73.3703964489928,2024-12-04 02:33:59.333333333,18.888580618937322,28,4.637037294519848,3.9552837606837654
785,15,19.55563569444477,73.37070195356202,2024-12-04 02:34:01.750000000,18.072365663580246,30,5.739144422857487,3.935548717948724
786,15,19.555894115572887,73.37105204325653,2024-12-04 02:34:04.416666667,17.888051211705537,27,2.7535802698914225,3.8521470085470138
787,15,19.556140504060238,73.37135767473413,2024-12-04 02:34:06.777777778,17.721014495149916,28,0.9811269855391749,3.8133863247863293
788,15,19.556403885932873,73.37162393399242,2024-12-04 02:34:09.111111111,17.572295149773588,29,1.603037875730903,3.973411965811972
789,15,19.556691070284554,73.37195017936236,2024-12-04 02:34:11.750000000,17.606794927319793,31,3.6940292431247284,3.935548717948724
790,15,19.556981421758998,73.37225599657282,2024-12-04 02:34:14.166666667,17.708136121175535,20,0.6852091346007256,3.845548717948723
791,15,19.55728094788446,73.37255867885034,2024-12-04 02:34:16.608695652,18.090160376409,30,1.0878154728466551,3.9552837606837654
792,15,19.557586288370196,73.3728935427045,2024-12-04 02:34:32.666666667,18.754830699233754,29,0.7467512448427529,3.959061538461544
793,15,19.557881655197466,73.37318744937122,2024-12-04 02:35:02.111111111,19.78920728395058,25,2.358497421261713,3.935548717948724
794,15,19.558174350300725,73.373491150701,2024-12-04 02:35:04.111111111,20.624636994949533,16,5.10895606764951,3.855924786324792
795,15,19.558499338257413,73.3737661386577,2024-12-04 02:35:06.428571429,21.120623786156994,32,1.4828556332451506,3.959061538461544
796,15,19.55885871862917,73.37399618729883,2024-12-04 02:35:09.000000000,21.108704193889952,18,2.1966834747713624,3.9384119658119716
797,15,19.55923812317701,73.37421408979958,2024-12-04 02:35:11.000000000,21.12780690065335,30,3.5678173811559892,3.973411965811972
798,15,19.559614862761038,73.37435303018589,2024-12-04 02:35:13.000000000,21.190998437500028,20,1.0589144417564094,3.9384119658119716
799,15,19.560005629147938,73.37445268368447,2024-12-04 02:35:15.000000000,21.351497685185183,24,1.9378816502585423,3.973411965811972
800,15,19.560403999167,73.37455646093943,2024-12-04 02:35:17.555555556,21.8375166635092,17,4.376660602891557,3.971275213675219
801,15,19.560789299309274,73.37469314863455,2024-12-04 02:35:19.173913043,22.198436595923322,26,0.6594239180684746,3.906523076923082
802,15,19.561169474676483,73.37483253561028,2024-12-04 02:35:21.333333333,22.37837383090155,22,1.2596687405495959,3.9384119658119716
803,15,19.56155449397802,73.37495550435982,2024-12-04 02:35:23.555555556,22.222873298867885,22,2.985039122262428,3.959061538461544
804,15,19.561969555247828,73.37507314319217,2024-12-04 02:35:25.441176471,22.389047385620916,23,0.7778488094578495,3.935548717948724
805,15,19.56238359522014,73.37516995825035,2024-12-04 02:35:27.647058824,22.746861629837117,21,3.503929687127354,3.5214431885574773
806,15,19.56279000545978,73.37526469126269,2024-12-04 02:35:29.666666667,23.020358410493845,24,2.4441187531561352,3.9494803418803484
807,15,19.56322107908148,73.37536039854163,2024-12-04 02:35:31.666666667,23.160158625730997,19,0.6689047127656617,3.973411965811972
808,15,19.564100067656398,73.37553384464275,2024-12-04 02:35:35.727272727,22.94676288930977,24,0.7154494627274821,3.8805487179487237
809,15,19.564543340952582,73.37556816065856,2024-12-04 02:35:37.666666667,22.683605157819137,21,0.5517007858768816,3.8521470085470138
810,15,19.564988379113412,73.37552977707881,2024-12-04 02:35:40.363636364,22.609131721862486,24,1.7352841695446959,3.973411965811972
811,15,19.56539507420165,73.37546079326114,2024-12-04 02:35:42.352941176,22.450841900417615,18,1.0288273195709197,3.935548717948724
812,15,19.565786099655742,73.37534473270333,2024-12-04 02:35:44.000000000,22.15959548611111,20,2.2747586996598264,3.973411965811972
813,15,19.566181361875024,73.37520743268328,2024-12-04 02:35:46.000000000,20.952602625739686,26,1.985756302967403,3.845548717948723
814,15,19.566938365291893,73.37493612678801,2024-12-04 02:35:50.545454545,20.15897311658237,24,0.4557334869415745,3.845548717948723
815,15,19.567349115321107,73.37481138095258,2024-12-04 02:35:52.888888889,20.912894625603915,23,1.6660036720962965,3.971275213675219
816,15,19.567785033795936,73.37473068774554,2024-12-04 02:35:54.916666667,21.347406722040663,30,1.117739976147065,3.8521470085470138
817,15,19.568221412314266,73.37467823326934,2024-12-04 02:35:57.647058824,21.596039827339123,17,2.7146356092546364,3.9384119658119716
818,15,19.568658608712404,73.37463302090384,2024-12-04 02:36:32.545454546,21.696383765188106,24,0.3043567148517026,3.959061538461544
819,15,19.569483556459737,73.37454119065418,2024-12-04 02:36:43.956521739,21.998134606938944,22,0.9866336616305768,3.973411965811972
820,15,19.56987073518839,73.37449734816282,2024-12-04 02:36:45.888888889,22.016265061838325,30,1.117311331910393,3.941352136752142
821,15,19.570299057846473,73.37448120816441,2024-12-04 02:36:47.941176471,21.2460046721814,16,0.5131986699276867,3.9384119658119716
822,15,19.57071405915813,73.37445155278468,2024-12-04 02:36:50.176470588,20.61878300653596,25,3.2731169479402356,3.959061538461544
823,15,19.571124585611507,73.37446824521692,2024-12-04 02:36:51.941176471,20.397196254399212,26,3.916143234508999,3.9552837606837654
824,15,19.571511544692235,73.3745425277504,2024-12-04 02:36:54.555555556,20.17756944444443,24,0.4587238081817619,3.973411965811972
825,15,19.571855363636068,73.37467509884144,2024-12-04 02:36:56.666666667,20.564176543209854,25,2.925680778690252,3.959061538461544
827,15,19.572451474846336,73.37500519339062,2024-12-04 02:37:00.545454545,21.386497053872006,24,3.8772918123416367,3.973411965811972
828,15,19.572704378175548,73.37524458930423,2024-12-04 02:37:01.823529412,21.645965795206934,20,5.104480283087095,3.9384119658119716
829,15,19.572975311869058,73.3754917579669,2024-12-04 02:37:04.176470588,21.817781571302987,19,2.7879261365409156,3.9384119658119716
830,15,19.573491828005512,73.37599459600588,2024-12-04 02:37:07.909090909,21.864761242957634,21,4.533639163259065,3.845548717948723
831,15,19.573786235847265,73.37629149087664,2024-12-04 02:37:09.333333333,21.662227732471372,21,1.5268978978998267,3.935548717948724
832,15,19.574106807932512,73.37661066519408,2024-12-04 02:37:11.727272727,21.609193378704948,24,1.0454360639410238,3.973411965811972
833,15,19.57469941452512,73.3771224129894,2024-12-04 02:37:15.636363636,21.68519325642777,25,5.875540391560231,3.935548717948724
834,15,19.575052075159086,73.37778117070138,2024-12-04 02:37:18.777777778,21.174060542710833,34,3.751280118656215,3.971275213675219
835,15,19.575203001012397,73.37807840334047,2024-12-04 02:37:20.941176471,21.560410547225416,17,5.637061135351837,3.9384119658119716
836,15,19.57540318519885,73.37883680318427,2024-12-04 02:37:24.583333333,22.478859437630526,21,0.8067282328048956,3.973411965811972
837,15,19.575542603950836,73.37925322208656,2024-12-04 02:37:27.083333333,21.762712962963143,18,2.7320701508428242,3.9384119658119716
838,15,19.575662661272894,73.37960398513606,2024-12-04 02:37:28.333333333,20.674152850241402,25,2.0043818027503346,3.9552837606837654
839,15,19.57576797525716,73.37995993004394,2024-12-04 02:37:30.130434783,19.49260851880886,31,1.1034725809056314,3.807634188034192
840,15,19.575911297422458,73.3803294142308,2024-12-04 02:37:32.352941176,19.032891940473746,26,3.47891347281241,3.845548717948723
841,15,19.57608643658798,73.38071743389045,2024-12-04 02:37:34.727272727,18.751375527656144,28,2.0995774952776682,3.935548717948724
842,15,19.576273652410563,73.38110921881207,2024-12-04 02:37:37.428571429,18.437935726310783,30,1.2411729443260402,3.973411965811972
843,15,19.57649436914809,73.3814346886832,2024-12-04 02:38:09.750000000,18.3732509146005,25,0.6411443697724899,3.845548717948723
844,15,19.576785118545498,73.38171643234213,2024-12-04 02:38:21.923076923,17.777394297542607,32,0.7104331189840745,3.845548717948723
845,15,19.577132698748777,73.38195026676067,2024-12-04 02:38:24.333333333,16.943103703703674,24,1.7414020765792042,3.959061538461544
846,15,19.577503383316966,73.38213114827886,2024-12-04 02:38:27.454545455,15.459675097751802,31,0.9783199926200863,3.7383662654805563
847,15,19.577912580159293,73.38226636387296,2024-12-04 02:38:30.181818182,14.365582459067298,44,0.8504768731915241,3.959061538461544
848,15,19.578344353628076,73.38238267033599,2024-12-04 02:38:34.428571429,14.357293287037036,30,0.6298982032695383,3.959061538461544
849,15,19.578769730575193,73.38251293204891,2024-12-04 02:38:37.250000000,14.37843603169707,39,0.47311523744162065,3.959061538461544
850,15,19.57918886630823,73.38266020044733,2024-12-04 02:38:40.777777778,14.353854195064784,34,1.257078660637793,3.959061538461544
851,15,19.579606625670984,73.38282360835399,2024-12-04 02:38:44.363636364,15.386046062476588,32,1.4931135251264873,3.971275213675219
852,15,19.580016556650527,73.38300896986223,2024-12-04 02:38:47.111111111,16.224239905089522,33,2.188918126300526,3.845548717948723
853,15,19.580420559455266,73.38321620198121,2024-12-04 02:38:50.434782609,17.03887868069933,28,0.31626798578262727,3.935548717948724
854,15,19.580813920209273,73.38341346872508,2024-12-04 02:38:52.888888889,17.800599821609744,31,1.8140897230535171,3.973411965811972
855,15,19.581186897977812,73.38364530822591,2024-12-04 02:38:55.818181818,18.093831544666386,28,2.250715169401973,3.7383662654805563
856,15,19.581553666183844,73.38391992622844,2024-12-04 02:38:58.777777778,17.122207641549576,29,4.132996038658215,3.959061538461544
857,15,19.58192568218996,73.38418426737763,2024-12-04 02:39:01.444444444,16.04841025419829,28,2.0316371784949006,3.973411965811972
858,15,19.582251102108224,73.38442991857758,2024-12-04 02:39:03.809523810,15.171617701565511,38,3.8270146971812395,3.9552837606837654
859,15,19.58254695110866,73.38467477765796,2024-12-04 02:39:06.666666667,15.368927570640722,38,4.698407635817489,3.9552837606837654
860,15,19.582854183882432,73.38497918388244,2024-12-04 02:39:10.086956522,16.795731584854558,38,2.185373437945713,3.970548717948724
861,15,19.58316548580115,73.38531577147296,2024-12-04 02:39:13.666666667,17.251062106960273,21,1.4722729899137839,3.9845572649572705
862,15,19.58348331475152,73.38562334482407,2024-12-04 02:39:15.666666667,17.095196361765858,33,1.8257882557090976,3.970548717948724
863,15,19.583791237038895,73.38591752022515,2024-12-04 02:39:18.666666667,17.277099186307513,33,1.4361429287204104,3.959061538461544
864,15,19.584076083490373,73.38625681633746,2024-12-04 03:46:41.750000000,17.720355990460234,22,2.2683564399606944,3.9552837606837654
865,15,19.58435022567692,73.38663472118374,2024-12-04 03:46:43.833333333,17.839212731481567,35,0.5424477593265918,3.7383606837606864
866,15,19.58463371245871,73.38697001099594,2024-12-04 03:46:46.916666667,18.310076441498293,22,2.8564535408408083,3.845548717948723
867,15,19.585124438896734,73.38763496621874,2024-12-04 03:46:51.176470588,19.95843988870275,34,4.782308654084584,3.959061538461544
868,15,19.585376280081462,73.38797711812768,2024-12-04 03:46:54.617647059,20.320781137766602,20,3.130382448190607,3.935548717948724
869,15,19.585640361647588,73.38834717549432,2024-12-04 03:46:56.294117647,20.244927536231586,23,1.4507844290107001,3.9384119658119716
870,15,19.585968695275366,73.3886664036907,2024-12-04 03:46:59.083333333,21.314285914702722,18,3.8463691885796507,3.971275213675219
871,15,19.586657291639078,73.38927633375968,2024-12-04 03:47:03.031250000,22.5184373253617,26,1.5638765093961728,3.9552837606837654
872,15,19.5869964059589,73.38955285454409,2024-12-04 03:47:05.307692308,22.251932336182154,20,1.519242091374549,3.973411965811972
873,15,19.58768996577501,73.39011741142875,2024-12-04 03:47:09.176470588,21.630185060160432,25,1.3458763284697939,3.845548717948723
874,15,19.588063498561354,73.39034010986677,2024-12-04 03:47:11.363636364,21.59025810606053,25,2.7040955225273637,3.935548717948724
875,15,19.588438017439458,73.39053126995918,2024-12-04 03:47:13.818181818,21.996592004702986,27,2.5803351175020612,3.971275213675219
876,15,19.588798483012333,73.39070811671633,2024-12-04 03:47:15.642857143,22.750450302343026,21,0.8673329674806993,3.973411965811972
877,15,19.589177814237637,73.39087681410815,2024-12-04 03:47:17.909090909,23.549043363528785,21,1.2002261558130145,3.971275213675219
878,15,19.5895901782282,73.39106622900218,2024-12-04 03:47:20.000000000,24.455747813785305,18,0.2625777584747463,3.845548717948723
879,15,19.590000803045694,73.39125704230537,2024-12-04 03:47:21.666666667,25.401058834875627,20,0.4808758986400406,3.845548717948723
880,15,19.59040263936658,73.3914427418477,2024-12-04 03:47:23.555555556,26.3345119277265,24,0.4289711988938237,3.973411965811972
882,15,19.59118452894719,73.39177880517244,2024-12-04 03:47:27.000000000,27.297213173401854,21,1.5331431556475508,3.845548717948723
883,15,19.591583776612772,73.39194262552101,2024-12-04 03:47:28.888888889,26.78264842873396,20,2.159872319897816,3.9552837606837654
884,15,19.59198084884464,73.39209620042004,2024-12-04 03:47:30.636363636,25.218211026936455,20,1.0793394275317716,3.8521470085470138
885,15,19.59239161084354,73.39217885656491,2024-12-04 03:47:32.636363636,24.418011739847596,21,2.17021130503648,3.959061538461544
886,15,19.592833055844444,73.39218840362909,2024-12-04 03:47:34.457142857,24.25187435515873,24,0.4752026914699808,3.959061538461544
887,15,19.593247216572244,73.3921789422974,2024-12-04 03:47:36.500000000,24.09022201178449,18,3.0042248750631395,3.971275213675219
888,15,19.59365407565101,73.39211246210432,2024-12-04 03:47:38.909090909,23.538393607954486,20,4.303460652817276,3.971275213675219
889,15,19.594086223370613,73.39198585316251,2024-12-04 03:48:21.090909091,22.859607456140555,19,4.490835478730251,3.935548717948724
890,15,19.594821526969874,73.39182562458525,2024-12-04 03:48:24.000000000,22.61749753585997,22,3.9427109114649728,3.9384119658119716
891,15,19.595222236064757,73.39175289983726,2024-12-04 03:48:26.000000000,22.023512731481492,30,3.226704807637458,3.9552837606837654
893,15,19.595995019604175,73.39168685183938,2024-12-04 03:48:30.000000000,20.345476851852226,27,1.1717679032494717,3.9384119658119716
894,15,19.59644052465344,73.3917419904572,2024-12-04 03:48:32.000000000,19.351500173611726,20,3.270223821123263,3.959061538461544
895,15,19.596876170521817,73.3918552265263,2024-12-04 03:48:34.888888889,18.061036188498324,31,0.8791779602440168,3.9552837606837654
896,15,19.597276825715376,73.39202365754693,2024-12-04 03:48:37.727272727,16.864275765884553,37,3.047097543476266,3.9552837606837654
897,15,19.597620912201833,73.39220814228838,2024-12-04 03:48:41.130434783,17.111684149988154,21,1.4630495730207507,3.959061538461544
898,15,19.59849898959004,73.3928093605605,2024-12-04 03:48:46.636363636,19.251740652604322,25,4.360336365098054,3.959061538461544
899,15,19.59943814678965,73.39362556061585,2024-12-04 03:48:53.166666667,21.12893451561055,27,2.234313764749291,3.9552837606837654
900,15,19.59971512697118,73.39394124137179,2024-12-04 03:48:56.058823529,21.287511111111115,20,3.4634940985156155,3.959061538461544
901,15,19.60029283010472,73.39460021284586,2024-12-04 03:48:59.823529412,21.970820070805928,20,0.5183647991779508,3.973411965811972
902,15,19.600599414479433,73.39494915405498,2024-12-04 03:49:02.117647059,22.27854785085324,24,0.03748720685894052,3.973411965811972
903,15,19.601829810688287,73.39623312572365,2024-12-04 03:49:10.888888889,23.104487006150492,20,0.9909243652920202,3.973411965811972
904,15,19.60218782913047,73.3965017958632,2024-12-04 03:49:12.695652174,23.121200947709465,23,0.9866561445874137,3.8521470085470138
905,15,19.602572673017708,73.39674687704982,2024-12-04 03:49:15.000000000,23.059847432659982,22,1.2648041586711027,3.959061538461544
906,15,19.603380248997432,73.39713452738025,2024-12-04 03:49:56.272727273,22.8798692922848,21,5.9031898729451076,3.959061538461544
907,15,19.604192824564826,73.39736033398773,2024-12-04 03:50:03.545454545,22.41425579872808,27,0.5592284948528149,3.9845572649572705
908,15,19.605078974918392,73.39743179339268,2024-12-04 03:50:08.058823529,21.948111111111132,22,1.1787577938316531,3.973411965811972
909,15,19.605513479010845,73.39747667679592,2024-12-04 03:50:10.000000000,21.786701388889018,22,1.4955817455025733,3.935548717948724
910,15,19.606273510800328,73.39758831698592,2024-12-04 03:50:14.142857143,21.33812792107595,18,2.7112755250344733,3.935548717948724
911,15,19.606668203190992,73.39768646283522,2024-12-04 03:50:15.833333333,21.052207708209487,22,1.0876945255001644,3.845548717948723
912,15,19.607069271368957,73.39781652916757,2024-12-04 03:50:17.941176471,20.858128041031303,24,0.41969283287139764,3.9494803418803484
913,15,19.607866948838243,73.39812107674709,2024-12-04 03:50:22.411764706,20.558767864923784,25,0.5411015531254721,3.973411965811972
914,15,19.608257407108653,73.39831678050086,2024-12-04 03:50:24.888888889,20.26455388600757,31,0.48796988619454823,3.9845572649572705
915,15,19.608618894998077,73.39855176397046,2024-12-04 03:50:27.727272727,19.900974813928766,19,6.096726064646753,3.935548717948724
916,15,19.608946304354586,73.39882568680486,2024-12-04 03:50:29.909090909,19.120944837262154,30,6.064835414127285,3.971275213675219
917,15,19.609238287138677,73.3991245608999,2024-12-04 03:50:32.545454545,17.714513047138315,20,3.8693184328936185,3.5683816395789076
918,15,19.609653312979184,73.39960051948472,2024-12-04 03:50:36.117647059,16.97023348066598,35,2.6575190940844977,3.845548717948723
919,15,19.61004639535142,73.40060912981998,2024-12-04 03:50:42.823529412,17.683645033765774,24,2.390031659062214,3.973411965811972
921,15,19.610222615960843,73.40171890124766,2024-12-04 03:50:50.090909091,17.747199258207598,24,2.352818311429017,3.959061538461544
922,15,19.610203391077725,73.40210020076873,2024-12-04 03:50:52.636363636,16.956675505050697,19,2.2720656626315843,3.845548717948723
923,15,19.61007193496182,73.40253429584337,2024-12-04 03:50:55.235294118,16.791585479114005,23,2.8117824387681214,3.935548717948724
924,15,19.609966067431948,73.40299790032634,2024-12-04 03:50:57.444444444,16.686506907148537,31,0.1404519840875756,3.9552837606837654
925,15,19.60986937832159,73.40346366709566,2024-12-04 03:51:24.200000000,15.982140073079156,33,0.5700549938631672,3.935548717948724
926,15,19.609825139983364,73.40428948407246,2024-12-04 03:51:46.272727273,16.149854477770496,32,2.0239140908352735,3.935548717948724
927,15,19.60983259393941,73.40473137214687,2024-12-04 03:51:48.933333333,16.20584106525782,19,2.761144040634339,3.9552837606837654
928,15,19.609907360950594,73.40517412522023,2024-12-04 03:51:51.636363636,16.2802414772727,32,0.5347875888961952,3.959061538461544
929,15,19.610019539374807,73.40561141352053,2024-12-04 03:51:54.636363636,16.37024620537645,24,6.054486869539581,3.935548717948724
930,15,19.610199755297803,73.4059728206413,2024-12-04 03:51:57.476190476,16.314247227309735,26,2.8489961382776183,3.767728205128209
931,15,19.61037814993822,73.40633739638784,2024-12-04 03:52:00.000000000,16.13939915824932,25,3.268203965866836,3.959061538461544
932,15,19.61058997063534,73.40673524263502,2024-12-04 03:52:02.454545455,15.898389204965598,36,2.406164045175353,3.845548717948723
933,15,19.610883237277342,73.40708358210165,2024-12-04 03:52:06.181818182,16.37049366714011,32,2.3674962795460304,3.845548717948723
934,15,19.61119752018685,73.40736576383262,2024-12-04 03:52:09.142857143,17.231219356260663,18,2.07761390840817,3.973411965811972
935,15,19.61152085017794,73.40763737209413,2024-12-04 03:52:10.833333333,18.572654894774697,29,0.886805104499863,3.9384119658119716
936,15,19.611884380342023,73.40789833698915,2024-12-04 03:52:13.782608696,20.41776787439527,25,0.528296329507521,3.935548717948724
937,15,19.612267142965663,73.40812165101849,2024-12-04 03:52:16.000000000,21.861914316549875,27,0.793764884095928,3.959061538461544
938,15,19.612648846306023,73.40835826929336,2024-12-04 03:52:18.333333333,21.748487573099517,19,1.1718598175090804,3.3377103107909845
939,15,19.613015666847335,73.40862076023008,2024-12-04 03:52:20.777777778,21.249332605143504,23,5.224289123003151,3.9845572649572705
940,15,19.613351889267612,73.40892651384783,2024-12-04 03:52:22.588235294,20.608396289888617,34,0.6045162815663502,3.8413948717948774
941,15,19.61365876560508,73.40926862836267,2024-12-04 03:52:25.764705882,20.46739911059113,16,0.6742754075343067,3.973411965811972
942,15,19.61389727591581,73.40958421950843,2024-12-04 03:52:27.090909091,20.60185282953759,28,3.3910494935453293,3.959061538461544
943,15,19.614125065321765,73.40991426200146,2024-12-04 03:52:29.608695652,20.950085273019912,22,2.0544939274768614,3.845548717948723
944,15,19.614387763004768,73.41030166727778,2024-12-04 03:52:32.181818182,21.640589947089268,21,3.511575736685048,3.973411965811972
945,15,19.614647648833316,73.41069122324997,2024-12-04 03:52:33.750000000,22.260479113384513,23,4.532753671304436,3.845548717948723
947,15,19.61525753781815,73.41157589192844,2024-12-04 03:52:38.750000000,22.074852600762483,24,3.890205632750358,3.959061538461544
948,15,19.615750636643284,73.41230986013686,2024-12-04 03:53:23.500000000,21.08329353290054,26,4.173481247070755,3.845548717948723
949,15,19.61601725718141,73.41268973193809,2024-12-04 03:53:26.000000000,21.17303613123984,23,0.45090729017718995,3.845548717948723
950,15,19.61654432913124,73.41345872866948,2024-12-04 03:53:30.500000000,21.527455092592533,20,0.6668345938490166,3.935548717948724
951,15,19.6173019653637,73.41452513251583,2024-12-04 03:53:37.000000000,20.89053910383583,28,3.2247523561966456,3.845548717948723
952,15,19.617529205574847,73.41492557611298,2024-12-04 03:53:39.500000000,19.64899158956235,22,1.0048901108856128,3.959061538461544
953,15,19.61804393383698,73.41565546980755,2024-12-04 03:53:44.333333333,19.963740358126532,22,1.9908392458977735,3.959061538461544
954,15,19.61831487772586,73.41602219363688,2024-12-04 03:53:46.363636364,20.510470498658382,33,3.6466736623156795,3.959061538461544
955,15,19.618563834286924,73.41636210719764,2024-12-04 03:53:48.764705882,20.399896147106425,23,4.704251700722732,3.959061538461544
956,15,19.619037344980608,73.4171091667295,2024-12-04 03:53:53.727272727,19.547925349291752,28,2.0234361757897923,3.312526146869006
957,15,19.619551768088503,73.41783067925016,2024-12-04 03:53:58.444444444,19.38479398688797,24,1.076654821450117,3.9552837606837654
958,15,19.61980558763741,73.41819470266447,2024-12-04 03:54:00.666666667,18.73147145641624,26,0.6910802539944967,3.935548717948724
959,15,19.620097677991048,73.41852812639982,2024-12-04 03:54:04.000000000,18.535893701267018,19,1.3392125138302853,3.959061538461544
960,15,19.620424126951967,73.41884646692142,2024-12-04 03:54:06.000000000,18.633125566961855,30,1.8303640837199922,3.22728966253168
961,15,19.620780480796434,73.4191289157828,2024-12-04 03:54:08.869565217,18.832209199747837,23,1.0278411805572836,3.973411965811972
962,15,19.62116373631168,73.4193350833975,2024-12-04 03:54:11.181818182,19.165045523512372,34,1.1436904390797509,3.959061538461544
963,15,19.621566013686618,73.41949640630006,2024-12-04 03:54:13.785714286,19.556509672618972,18,1.6005491883181817,3.9384119658119716
964,15,19.621988348743344,73.4196200388713,2024-12-04 03:54:16.000000000,19.944079526748922,30,0.8156517542709274,3.9552837606837654
965,15,19.622413367074905,73.41969793064865,2024-12-04 03:54:18.333333333,20.383582631874077,22,0.6292932729660686,3.971275213675219
966,15,19.622826362923888,73.41977540066452,2024-12-04 03:55:00.583333333,20.661309444078334,23,0.9438446408748867,3.959061538461544
967,15,19.623230074878876,73.41984468620025,2024-12-04 03:55:02.545454545,20.360310243365323,30,1.4823042747075015,3.9552837606837654
968,15,19.623610251508204,73.41992151657278,2024-12-04 03:55:04.888888889,19.898944998417274,26,3.1013040831415872,3.935548717948724
969,15,19.62396163509464,73.41998893729826,2024-12-04 03:55:06.833333333,19.584072313231708,26,3.881088302288701,3.935548717948724
970,15,19.624808594959394,73.42008029819246,2024-12-04 03:55:11.750000000,20.451699865713977,26,2.275519345346419,3.845548717948723
971,15,19.62525371555624,73.42014795316501,2024-12-04 03:55:14.521739130,20.696924091229345,24,1.0208204329772723,3.845548717948723
972,15,19.625691692478778,73.4202170038065,2024-12-04 03:55:16.400000000,20.67205828737745,24,0.5993355801105521,3.845548717948723
973,15,19.626129662908205,73.42028595673212,2024-12-04 03:55:18.470588235,20.677677778345178,32,1.7145057023178343,3.845548717948723
974,15,19.62657514110524,73.42035067742688,2024-12-04 03:55:21.333333333,20.877479819381506,19,0.32018266075357144,3.9384119658119716
975,15,19.627012008732024,73.42041336261124,2024-12-04 03:55:23.434782609,20.47458482622142,24,0.2912977037430336,3.845548717948723
976,15,19.627426360750974,73.42047915381073,2024-12-04 03:55:25.777777778,19.224881846463564,27,2.5442961867319935,3.9552837606837654
977,15,19.627830225948852,73.42056025496115,2024-12-04 03:55:28.095238095,17.53074152236649,28,0.9682796313700893,3.935548717948724
978,15,19.62825140324896,73.42066349120475,2024-12-04 03:55:30.818181818,13.626973754358573,42,1.686822160108626,3.845548717948723
979,15,19.628619854540524,73.4207450382198,2024-12-04 03:55:34.473684211,3.9650186677175716,108,2.2613247575979294,3.3668648523511946
980,15,19.62895570392338,73.42088346779528,2024-12-04 03:55:45.454545455,6.082333977534298,81,4.170758093956783,3.987420512820519
981,15,19.629330078895123,73.42109917941198,2024-12-04 03:55:52.882352941,7.615085324355154,53,0.2670906485390123,3.982078632478638
982,15,19.6296745948868,73.42134444531236,2024-12-04 03:56:29.750000000,11.174424506496408,29,1.7761243252978118,3.959061538461544
983,15,19.62999067979546,73.42158437261062,2024-12-04 03:56:42.913043478,12.688820048308743,33,3.763386288539454,3.9552837606837654
984,15,19.630292507925148,73.42181796507847,2024-12-04 03:56:46.000000000,14.099747584540912,36,5.137171996570162,3.941352136752142
985,15,19.630554672464967,73.42210401972967,2024-12-04 03:56:49.043478261,15.139582226247787,35,0.5673034631113735,3.9552837606837654
986,15,19.630802899120646,73.42241232027655,2024-12-04 03:56:52.500000000,15.796256340579612,23,3.0533728035488954,3.9384119658119716
987,15,19.631213109749694,73.42306420882161,2024-12-04 03:56:57.058823529,16.669065227627364,29,3.1886934886838607,3.973411965811972
988,15,19.63142505672173,73.42345197438381,2024-12-04 03:56:59.888888889,16.641231261612297,28,0.5017798872426548,3.9552837606837654
989,15,19.631657519188863,73.42416176404063,2024-12-04 03:57:04.666666667,16.23177124150731,34,1.6966782864529484,3.9387794871794917
990,15,19.631714638923587,73.42456358083865,2024-12-04 03:57:07.608695652,16.773273331543862,27,0.8007134903480392,3.959061538461544
991,15,19.63173251047082,73.42499772605191,2024-12-04 03:57:09.818181818,17.118261394757983,31,0.5179971363496317,3.9552837606837654
992,15,19.631739642275186,73.4253923215449,2024-12-04 03:57:12.900000000,16.59350451851866,25,4.001742766672474,3.973411965811972
993,15,19.631717599286368,73.42582538868601,2024-12-04 03:57:15.000000000,16.098512146555194,31,1.5043020668373919,3.9552837606837654
994,15,19.63164326542367,73.4262943158023,2024-12-04 03:57:17.833333333,15.55984272119375,36,2.5517490789830184,3.959061538461544
995,15,19.631545909760966,73.42674968334435,2024-12-04 03:57:21.444444444,14.327899364010415,30,0.7007374459495537,3.9723435897435952
996,15,19.631443116550464,73.42719738597648,2024-12-04 03:57:25.000000000,11.105197911835898,43,0.18941671250631076,3.959061538461544
997,15,19.63132936101837,73.42765242251612,2024-12-04 03:57:29.666666667,10.443416666666502,46,0.6213436862333137,3.845548717948723
998,15,19.63126349749754,73.42806384638564,2024-12-04 03:57:33.391304348,11.262827655972494,39,4.574160610843971,3.845548717948723
999,15,19.631036685638577,73.42889076717896,2024-12-04 03:58:20.800000000,10.638834611111083,50,1.407434066649742,3.845548717948723
1000,15,19.63081423924801,73.42980337034327,2024-12-04 03:58:30.166666667,12.71020563620732,52,0.4450886781586624,3.982078632478638
1001,15,19.630725167127338,73.4302270373982,2024-12-04 03:58:34.764705882,13.908550858181195,28,1.7509072176983065,3.959061538461544
1002,15,19.630626976104814,73.430647070686,2024-12-04 03:58:37.434782609,14.525293264585512,39,0.7990687822272218,3.959061538461544
1003,15,19.6305304847312,73.43109315119662,2024-12-04 03:58:40.800000000,15.028113505084344,32,1.9647334999707835,3.935548717948724
1004,15,19.629993708963127,73.43336488494096,2024-12-04 03:58:58.000000000,13.267546568627452,34,0.9787630180014153,3.845548717948723
1005,15,19.62989623443771,73.43377120121508,2024-12-04 03:59:02.000000000,14.078889016897003,31,3.982851340232833,3.935548717948724
1006,15,19.629761822754247,73.43416890288015,2024-12-04 03:59:05.090909091,15.454104324028187,29,5.097621268811899,3.9384119658119716
1007,15,19.629581751371177,73.43458126938096,2024-12-04 03:59:07.700000000,16.458562053221282,25,0.8107738774112289,3.845548717948723
1008,15,19.629364978694927,73.43497010235178,2024-12-04 03:59:10.176470588,16.912375121036106,36,1.3688469766272642,3.9552837606837654
1009,15,19.62911277930713,73.43528637039194,2024-12-04 03:59:12.823529412,17.238643888110865,30,6.1446983790272585,3.971275213675219
1010,15,19.62885903224288,73.43556957839951,2024-12-04 03:59:15.761904762,17.63973204614023,26,1.9101563519231517,3.959061538461544
1011,15,19.62857491417059,73.4358772432524,2024-12-04 03:59:19.264705882,17.546996286393263,30,3.147898155635766,3.9552837606837654
1012,15,19.628280148009523,73.43621110335901,2024-12-04 03:59:57.205882353,16.951261198718267,36,1.252647208347294,3.9844803418803485
1013,15,19.62807402362294,73.43659568055621,2024-12-04 04:00:04.095238095,16.387560966810995,22,2.270611545062887,3.973411965811972
1014,15,19.627882618685874,73.43699058052461,2024-12-04 04:00:06.190476190,15.54998350005512,32,0.5340019467588845,3.935548717948724
1015,15,19.62769069862961,73.43736438870997,2024-12-04 04:00:09.166666667,15.002531498545949,32,1.6525580196396648,3.959061538461544
1016,15,19.627527475133384,73.4377167083131,2024-12-04 04:00:12.000000000,14.97357922645437,29,0.7430982035220569,3.973411965811972
1017,15,19.627342651265934,73.43810131480893,2024-12-04 04:00:14.529411765,14.70145054291111,41,1.0744537695113652,3.9552837606837654
1018,15,19.62715599808572,73.43850991388835,2024-12-04 04:00:18.454545455,13.791888899773685,29,0.7107816054790694,3.973411965811972
1019,15,19.627034897560215,73.43894040063367,2024-12-04 04:00:21.318181818,7.704393849425422,69,1.3236104409847214,3.845548717948723
1020,15,19.626966625145634,73.43940903247687,2024-12-04 04:00:33.529411765,1.547565517813134,258,2.506480751915281,3.845548717948723
1021,15,19.62695635576365,73.43988146890342,2024-12-04 04:01:13.909090909,7.300025938999744,66,3.096346858313405,4.0039846153846215
1022,15,19.627035899544342,73.44033877749406,2024-12-04 04:01:45.761904762,6.566683133133343,74,0.9683740020026692,3.875548717948724
1023,15,19.627185176700237,73.44076983253899,2024-12-04 04:01:53.444444444,3.531991985047834,121,0.7589193306859295,3.845548717948723
1024,15,19.627394044111426,73.44118380191564,2024-12-04 04:02:06.777777778,5.098747529091072,91,0.7757270233625759,3.982078632478638
1025,15,19.627617998478314,73.44154894341533,2024-12-04 04:02:16.000000000,5.310194459095502,79,0.8897842554658079,3.956198290598297
1026,15,19.627852229752285,73.4419069601044,2024-12-04 04:02:27.833333333,4.3911881176132965,79,5.361673641789597,3.982078632478638
1027,15,19.62807174677006,73.44228841134155,2024-12-04 04:02:35.666666667,7.613200939434034,58,5.353164473945538,4.000548717948724
1028,15,19.628292253986935,73.44266686656422,2024-12-04 04:03:22.000000000,6.760376041666804,64,3.2655207130010266,3.845548717948723
1029,15,19.628495803795587,73.4430845180045,2024-12-04 04:03:30.181818182,5.775937809137005,68,6.766937742281371,3.9655487179487237
1030,15,19.628605607853437,73.44353999223763,2024-12-04 04:03:39.666666667,9.268372496569983,45,6.1157715880835966,2.8655769795097528
1031,15,19.628652294537325,73.44394788906696,2024-12-04 04:03:43.888888889,10.363044698740925,43,1.3573103066722867,3.973411965811972
1032,15,19.628601069427205,73.4447204944911,2024-12-04 04:03:52.153846154,8.999126721152486,45,0.1923967060229296,3.845548717948723
1033,15,19.62845965844854,73.44516411332842,2024-12-04 04:03:57.294117647,9.357518515570469,43,1.1345283203126637,3.5148528908999506
1034,15,19.628255413855488,73.44609391701651,2024-12-04 04:04:06.647058824,9.988752578068182,45,0.6398210622261316,3.9858564102564156
1035,15,19.628173360221204,73.44656278684852,2024-12-04 04:04:11.727272727,11.353384464470139,45,0.7169047328098053,3.9552837606837654
1036,15,19.62812434859472,73.44702339598045,2024-12-04 04:04:16.166666667,11.222830246913993,43,2.0397076601372373,3.982078632478638
1037,15,19.628160098111042,73.44785342912914,2024-12-04 04:05:05.500000000,9.101803882827813,45,2.9593475391051465,3.1227148828762274
1038,15,19.62816847985053,73.44870077013957,2024-12-04 04:05:14.636363636,9.851725208607759,46,0.5046349922859471,3.910548717948724
1039,15,19.62818677097277,73.44915587796265,2024-12-04 04:05:19.200000000,10.71248555555553,45,0.010528332323990686,3.9858564102564156
1040,15,19.628232366381532,73.4500968509141,2024-12-04 04:05:27.583333333,12.698452164867186,39,0.4040660715958575,3.845548717948723
1041,15,19.628251817818573,73.45056119783294,2024-12-04 04:05:31.947368421,13.428689412463466,32,0.18363573439308264,3.973411965811972
1042,15,19.62826625769783,73.45101796985556,2024-12-04 04:05:35.400000000,13.758798494057089,35,3.6348736290554284,3.959061538461544
1043,15,19.628277617740032,73.45147484942686,2024-12-04 04:05:38.739130435,12.473908705807485,37,1.730100784519249,3.9845572649572705
1044,15,19.62828774470237,73.45194620743155,2024-12-04 04:05:42.222222222,10.483757903428145,49,0.5632975220363516,3.935548717948724
1045,15,19.62828653340172,73.45241074183488,2024-12-04 04:05:46.888888889,10.30648081729533,52,0.4889675430249284,3.845548717948723
1046,15,19.6282726598818,73.45286935072212,2024-12-04 04:05:51.777777778,10.789125887345712,48,1.3089614916953738,3.982078632478638
1047,15,19.628245713924763,73.45331313293838,2024-12-04 04:05:56.000000000,11.962188741276945,46,0.33794780029631477,3.845548717948723
1048,15,19.62819936457277,73.4537579091709,2024-12-04 04:06:40.888888889,14.000458152512438,30,3.261245874402722,3.959061538461544
1049,15,19.628120053647265,73.45421796945334,2024-12-04 04:06:43.454545455,14.780998583985498,34,9.543291096511744,3.9552837606837654
1050,15,19.62788247579484,73.45513860053941,2024-12-04 04:06:50.434782609,15.296772698394715,32,1.3893942018962835,3.973411965811972
1051,15,19.627437385238782,73.45687505435862,2024-12-04 04:07:02.031250000,17.4840383624552,31,2.5105981014807335,3.9552837606837654
1052,15,19.62730656986804,73.4573170341558,2024-12-04 04:07:05.583333333,18.119023919753104,27,0.6818831584405995,3.9384119658119716
1053,15,19.627215745116914,73.4577395468259,2024-12-04 04:07:08.000000000,18.37232831790121,24,4.744853305422526,3.9552837606837654
1054,15,19.626948428393774,73.45861125619763,2024-12-04 04:07:12.647058824,18.794320624546273,33,1.0648586029987321,3.9552837606837654
1055,15,19.62682795064049,73.4590510800601,2024-12-04 04:07:16.058823529,17.845666666666855,22,0.1431829812860238,3.959061538461544
1056,15,19.626707035279125,73.45949156416913,2024-12-04 04:07:18.000000000,16.30182776448171,34,1.0450395461526834,3.2381049383856113
1057,15,19.62658284233882,73.45994544790756,2024-12-04 04:07:21.384615385,16.010414273717384,27,0.4076937114011644,3.8521470085470138
1058,15,19.626462223021782,73.46040219259852,2024-12-04 04:07:23.809523810,16.373334435244725,34,1.4387226274972775,3.959061538461544
1059,15,19.626343371808233,73.46086084386204,2024-12-04 04:07:27.000000000,16.453466321960335,32,0.7465674844497787,3.9552837606837654
1060,15,19.626236745334214,73.4613160403556,2024-12-04 04:07:30.111111111,17.370098041821738,33,1.1039081080713764,3.900770940170945
1061,15,19.626151542134863,73.46177739946938,2024-12-04 04:07:33.578947368,18.683100085282003,24,2.1144810452147946,3.959061538461544
1062,15,19.626098320208353,73.46224832854975,2024-12-04 04:07:35.833333333,19.857397685821965,22,0.4031108933081206,3.9384119658119716
1063,15,19.626095295698427,73.46271405733464,2024-12-04 04:07:38.083333333,20.15951520894256,28,1.6025252675661021,3.973411965811972
1064,15,19.626118171831706,73.46316832349184,2024-12-04 04:08:21.100000000,18.815075922943763,18,1.7050910872444718,3.845548717948723
1065,15,19.62618102837924,73.46360766943198,2024-12-04 04:08:22.888888889,18.93103581439666,30,0.9835633279254264,3.9384119658119716
1066,15,19.626293198312624,73.464051920195,2024-12-04 04:08:25.888888889,20.450300038118034,23,3.3377115051888118,3.9552837606837654
1067,15,19.626429817777275,73.46449071899812,2024-12-04 04:08:27.913043478,21.431208290884754,21,1.1058443751123064,3.845548717948723
1068,15,19.62661856859576,73.46488559312957,2024-12-04 04:08:29.857142857,22.104714035107637,27,1.620785769031876,3.971275213675219
1069,15,19.627058022174865,73.46569668593443,2024-12-04 04:08:34.777777778,22.228014477599437,20,4.36739525018501,3.6574004535147435
1070,15,19.62751226308715,73.46652072749622,2024-12-04 04:08:38.888888889,22.49842809606477,24,0.8076946306457853,3.959061538461544
1071,15,19.628171152966395,73.46769649012899,2024-12-04 04:08:45.000000000,23.183183555949302,29,0.9561834049164082,3.959061538461544
1073,15,19.62904567332088,73.46921293850917,2024-12-04 04:08:53.000000000,22.751422514619918,19,1.3629945290126355,3.9384119658119716
1074,15,19.629261855827895,73.46959861235123,2024-12-04 04:08:54.833333333,22.54999142661176,27,0.40987263002935587,3.973411965811972
1075,15,19.629488838237332,73.46997873039555,2024-12-04 04:08:56.882352941,22.322542830263554,22,0.1880578444454792,3.845548717948723
1076,15,19.629739017533254,73.47037390930848,2024-12-04 04:08:59.538461538,22.097762586805583,24,0.30183223241319507,3.971275213675219
1077,15,19.629978233774295,73.47077413823294,2024-12-04 04:09:01.500000000,21.79699806356831,24,0.5600309554269933,3.959061538461544
1078,15,19.630219015905716,73.47117122644879,2024-12-04 04:09:04.000000000,21.122023485725844,24,2.2145696063336806,3.959061538461544
1079,15,19.630435461331306,73.47154734767153,2024-12-04 04:09:06.111111111,20.126052931867626,29,0.9670972937911764,3.959061538461544
1080,15,19.630646020374414,73.47193081867162,2024-12-04 04:09:08.565217391,19.203494934246102,30,1.2590551147017186,3.973411965811972
1081,15,19.630891560601427,73.47232509743753,2024-12-04 04:09:11.416666667,18.823513123660973,22,0.4312742846037829,3.935548717948724
1082,15,19.63113137590164,73.47271401287256,2024-12-04 04:09:13.818181818,18.52161680134718,25,2.215921857038236,3.959061538461544
1083,15,19.63136922559601,73.47309722460287,2024-12-04 04:09:16.222222222,17.81477649176949,35,3.9800026348990865,3.402662445491019
1084,15,19.63180016940055,73.47382597027706,2024-12-04 04:10:02.235294118,17.93677298331584,19,1.2897041862567153,3.5912542493920676
1085,15,19.632033112423045,73.47421299895302,2024-12-04 04:10:04.000000000,19.054494369369305,37,1.5446043994868635,3.8521470085470138
1086,15,19.632252357223784,73.47459164779112,2024-12-04 04:10:06.866666667,19.771209795875098,17,0.4351984999638704,3.7449303680446593
1087,15,19.63248314934884,73.47494318022805,2024-12-04 04:10:08.888888889,20.137943773158646,32,3.2835718379254364,3.388649080144879
1088,15,19.632720980371985,73.47532619201792,2024-12-04 04:10:11.090909091,20.487076241916302,21,1.7446524548982945,3.973411965811972
1089,15,19.63295784924256,73.47572938409856,2024-12-04 04:10:13.666666667,21.110458511395862,26,1.1615392739875423,3.9552837606837654
1090,15,19.633209513596576,73.47612353162734,2024-12-04 04:10:16.000000000,22.03918139848545,28,0.6812251842365018,3.959061538461544
1091,15,19.633457487701232,73.47649563738234,2024-12-04 04:10:18.166666667,22.111496159432228,17,0.9096539966868044,3.9384119658119716
1092,15,19.633704310828676,73.47686748397818,2024-12-04 04:10:20.461538462,22.390609362859525,22,0.9168449911350579,3.959061538461544
1093,15,19.633957530476145,73.47726022917718,2024-12-04 04:10:22.333333333,22.874389595959627,25,1.064797689571759,3.973411965811972
1094,15,19.63420425981103,73.47765406144866,2024-12-04 04:10:25.058823529,23.24570899470899,21,3.309644255453074,3.973411965811972
1095,15,19.634449016236626,73.47803437035952,2024-12-04 04:10:26.666666667,23.272259392908158,26,1.4131032504492531,3.959061538461544
1096,15,19.634675769048528,73.4784082937357,2024-12-04 04:10:29.272727273,23.314038712084997,18,1.334556498459036,3.973411965811972
1097,15,19.634910158013685,73.47877147566192,2024-12-04 04:10:30.695652174,23.543509747230555,22,2.956722908985078,3.935548717948724
1098,15,19.635139493540606,73.47912243623291,2024-12-04 04:10:32.777777778,23.924199944020955,24,1.4112816078936294,3.935548717948724
1099,15,19.63534166453288,73.47949334985542,2024-12-04 04:10:34.352941176,24.368898571774388,18,2.1509074224362124,3.935548717948724
1100,15,19.63557432045306,73.47984444077309,2024-12-04 04:10:36.333333333,24.817997895622895,16,2.489045004874442,3.973411965811972
1101,15,19.63579443182858,73.48021853193555,2024-12-04 04:10:38.583333333,25.493157039141185,18,3.490049247912644,3.845548717948723
1102,15,19.636007343205357,73.4806353933142,2024-12-04 04:10:40.454545455,25.909218525837986,23,1.161392016926928,3.8521470085470138
1104,15,19.6364675460746,73.4813889737702,2024-12-04 04:10:43.666666667,25.999617149758368,23,1.8171315046544632,3.9552837606837654
1105,15,19.636923319343115,73.48216366440789,2024-12-04 04:10:47.444444444,25.283016335797893,21,1.3105571672514473,3.973411965811972
1106,15,19.637192600542043,73.48254475001576,2024-12-04 04:10:49.363636364,22.426154096521532,24,0.23715757949710545,3.973411965811972
1107,15,19.637513279800025,73.48287388999957,2024-12-04 04:10:51.769230769,20.560648444444816,25,1.7458237757533988,3.845548717948723
1108,15,19.63786158533521,73.4831108698342,2024-12-04 04:10:54.000000000,19.038032738096465,32,0.48673136136603457,3.845548717948723
1109,15,19.638237150979997,73.48325920673167,2024-12-04 04:10:56.538461538,19.03532680087534,26,1.5717073376258992,3.9384119658119716
1110,15,19.638652593140495,73.48333336872007,2024-12-04 04:10:58.809523810,19.76568120643324,27,0.22757266851623828,3.935548717948724
1111,15,19.639057507944344,73.4833631477797,2024-12-04 04:11:27.218750000,20.436256938432013,33,2.6873547087972884,3.959061538461544
1112,15,19.639461432504202,73.48333254357557,2024-12-04 04:11:44.200000000,20.482231746031726,21,5.019116482291261,3.959061538461544
1113,15,19.63988008652032,73.48327146158039,2024-12-04 04:11:45.828571429,20.279507721410578,20,0.9078353867803461,3.8521470085470138
1114,15,19.640280583253556,73.4832655239087,2024-12-04 04:11:48.615384615,19.663252035002,21,3.8223185885956608,3.7383662654805563
1115,15,19.640692691341954,73.48323897555443,2024-12-04 04:11:49.933333333,18.953202300694016,27,3.6527771265807756,3.9552837606837654
1116,15,19.64157323672466,73.48320437411186,2024-12-04 04:11:55.272727273,15.488401379968415,32,0.580371435735419,3.845548717948723
1117,15,19.641998447295002,73.48315716977405,2024-12-04 04:11:58.304347826,14.350225992765328,38,4.129705904182593,3.935548717948724
1118,15,19.642408852943024,73.48303679488387,2024-12-04 04:12:01.777777778,13.884157734629676,39,0.8884346603965542,3.845548717948723
1119,15,19.64280915746719,73.48282570058254,2024-12-04 04:12:05.666666667,14.277593581829601,39,4.154127996387426,3.9552837606837654
1120,15,19.643179128682494,73.48259822826981,2024-12-04 04:12:09.000000000,14.891871645021553,35,5.900357323232464,3.973411965811972
1121,15,19.64352774931323,73.4823876031372,2024-12-04 04:12:11.764705882,14.550741303408412,33,2.806776638825468,3.6916341880341914
1122,15,19.643893902474012,73.48225001089136,2024-12-04 04:12:15.272727273,13.322725930356498,38,5.243785051895906,3.9552837606837654
1123,15,19.644268971213066,73.48227398231155,2024-12-04 04:12:17.933333333,12.079186529181,36,1.088145279195965,3.9387794871794917
1124,15,19.64459198810814,73.4824398569802,2024-12-04 04:12:22.384615385,10.804590173853837,50,4.107621140992294,3.845548717948723
1125,15,19.64485699754218,73.48270599293396,2024-12-04 04:12:26.923076923,10.898312287895827,34,3.759831449303901,3.959061538461544
1126,15,19.645046736984575,73.48303540350277,2024-12-04 04:12:29.666666667,11.504790775646649,42,3.761970635951045,3.959061538461544
1127,15,19.64517715016712,73.48343704444251,2024-12-04 04:12:33.666666667,12.243785493827167,36,2.6114610347231664,3.959061538461544
1128,15,19.645389612064296,73.48383469699823,2024-12-04 04:12:37.181818182,12.530904994388354,42,5.765512344844914,3.845548717948723
1129,15,19.64574678992814,73.48407953542454,2024-12-04 04:13:21.363636364,12.059422020018678,46,1.7030080782841848,3.987420512820519
1130,15,19.646173140389813,73.48418874539544,2024-12-04 04:13:26.000000000,8.422496912943503,55,1.2603639195207497,3.845548717948723
1131,15,19.64660985447787,73.48426331421827,2024-12-04 04:13:31.000000000,8.963108053808362,53,1.3029950345704435,3.935548717948724
1132,15,19.64704004405281,73.48436722065688,2024-12-04 04:13:36.727272727,10.754480983104605,46,2.0730381894148993,3.9552837606837654
1133,15,19.647441945124406,73.4845493971223,2024-12-04 04:13:40.588235294,11.253513376647014,57,1.0658049702278902,3.9681470085470134
1134,15,19.64775805625395,73.48478784344636,2024-12-04 04:13:45.952380952,12.509812577303633,28,1.8266083832940772,3.845548717948723
1135,15,19.647991750704975,73.48509068642578,2024-12-04 04:13:48.090909091,13.2865695136986,46,0.1713869048799272,4.001352136752143
1136,15,19.64817729026789,73.48544460169909,2024-12-04 04:13:51.666666667,13.336766812570158,30,7.1373650094524965,3.958411965811972
1137,15,19.64832885678791,73.48577350751961,2024-12-04 04:13:54.000000000,13.729193429555972,48,9.286591122982147,4.000702564102571
1138,15,19.648470182135284,73.48614361183516,2024-12-04 04:13:58.043478261,14.262285749910381,30,7.327653067715411,3.9384119658119716
1139,15,19.64870202498286,73.48651945720471,2024-12-04 04:14:01.000000000,14.812214646464502,33,1.1129016617519596,3.9552837606837654
1140,15,19.64904613552062,73.4868058849423,2024-12-04 04:14:03.833333333,15.926125892857186,35,4.4556859035433565,3.973411965811972
1141,15,19.64942273294415,73.48703474675777,2024-12-04 04:14:07.000000000,17.140789691091953,29,2.328033894839287,3.9552837606837654
1142,15,19.64978594648205,73.48718288151296,2024-12-04 04:14:09.750000000,17.676208935950612,25,1.7801423007714219,3.973411965811972
1143,15,19.65016000844832,73.48732449931435,2024-12-04 04:14:12.181818182,17.272521709956948,35,0.28989745659064337,3.9844803418803485
1144,15,19.65056246155911,73.4875357003364,2024-12-04 04:14:14.666666667,16.883717535436794,27,1.8471765901353387,3.935548717948724
1145,15,19.650937908813532,73.48779438491493,2024-12-04 04:14:18.181818182,16.68639006824037,27,3.9259805027626595,3.9384119658119716
1146,15,19.651263046939448,73.48810151133816,2024-12-04 04:15:01.000000000,16.688875664540138,19,0.43254776882096785,3.9384119658119716
1147,15,19.65153012687839,73.48846554924252,2024-12-04 04:15:04.000000000,16.87307281454249,34,0.8745658192154754,3.973411965811972
1148,15,19.65173412561831,73.48883358847905,2024-12-04 04:15:06.727272727,17.147701599326556,21,1.2877557393511945,3.7383662654805563
1149,15,19.65186082268264,73.48923389356392,2024-12-04 04:15:09.083333333,17.41101297457325,29,0.552335978684594,3.9552837606837654
1150,15,19.651943614943,73.48970257688197,2024-12-04 04:15:12.352941176,17.74563202535438,23,3.7281322727203055,3.855924786324792
1151,15,19.652030216723155,73.49012831288178,2024-12-04 04:15:14.777777778,18.04061159336419,32,6.758173632814284,3.9552837606837654
1152,15,19.6520998606356,73.49053128934253,2024-12-04 04:15:17.500000000,18.102708652298308,25,1.8906260619967494,3.917275213675219
1153,15,19.65214920835426,73.49094454540842,2024-12-04 04:15:20.000000000,17.8961753163612,23,1.945858766099215,3.9845572649572705
1154,15,19.652171058408893,73.49136573075938,2024-12-04 04:15:21.666666667,17.11550858729338,28,0.2623288925203403,3.959061538461544
1155,15,19.65213839653645,73.49179238482091,2024-12-04 04:15:24.636363636,17.090271664147416,32,4.194543858922484,3.971275213675219
1156,15,19.652072459536377,73.49222906163374,2024-12-04 04:15:27.058823529,17.90711266728913,28,1.382208154330194,3.959061538461544
1157,15,19.65200262644549,73.49265278717772,2024-12-04 04:15:29.833333333,18.353665331196034,26,0.09564804054280997,3.935548717948724
1158,15,19.651931603112246,73.49308145989303,2024-12-04 04:15:32.105263158,19.252872222222194,27,0.5542371043729244,3.973411965811972
1159,15,19.651872454456033,73.49351170213606,2024-12-04 04:15:34.800000000,20.23423118686819,22,1.450002066786413,3.9384119658119716
1160,15,19.651711330709283,73.49440028999226,2024-12-04 04:15:39.500000000,21.889665135732017,20,0.2696367580996902,3.855924786324792
1161,15,19.651561098151205,73.49524412504147,2024-12-04 04:15:43.222222222,22.44981000982054,22,0.7320300066027682,3.973411965811972
1162,15,19.651510220947568,73.49570027112901,2024-12-04 04:15:45.400000000,22.360031111110825,25,1.2927624878804445,3.935548717948724
1163,15,19.65151276236359,73.49615835483883,2024-12-04 04:15:47.750000000,22.805275236020176,17,0.7045463711422951,3.9384119658119716
1164,15,19.651615921558204,73.49658481765944,2024-12-04 04:15:49.333333333,23.015873106061232,22,0.5432688174089804,3.845548717948723
1165,15,19.65178864754754,73.4969521968228,2024-12-04 04:15:51.166666667,22.134802225471976,25,0.5250249034519251,3.971275213675219
1166,15,19.652011049989234,73.49724122384549,2024-12-04 04:15:52.947368421,20.817435462635057,28,1.3891941355215807,3.959061538461544
1168,15,19.652728337919672,73.49765219943359,2024-12-04 04:15:57.105263158,20.323196485604914,26,0.7897176638951703,3.9552837606837654
1169,15,19.653112719792674,73.49773853505434,2024-12-04 04:16:19.500000000,20.657932850241483,23,1.5852067364900455,3.935548717948724
1170,15,19.653516052573764,73.49781387861601,2024-12-04 04:16:41.800000000,21.231746799516745,23,0.24981677896637847,3.941352136752142
1171,15,19.65437059958589,73.49793521196541,2024-12-04 04:16:46.666666667,21.427023879142357,19,1.0669313417623358,3.971275213675219
1172,15,19.654785544295336,73.49789447971038,2024-12-04 04:16:48.444444444,21.32269709595959,22,0.8874252244356725,3.973411965811972
1173,15,19.65521885669316,73.49780430084425,2024-12-04 04:16:50.600000000,21.250301240659603,24,0.8760148980210056,3.9552837606837654
1174,15,19.655650281536936,73.49770068229222,2024-12-04 04:16:52.736842105,21.136979888289133,22,0.8315090374718231,3.941352136752142
1175,15,19.656092786344466,73.4976303078982,2024-12-04 04:16:55.000000000,21.085492800176258,24,1.651219151155737,3.845548717948723
1176,15,19.65654026026749,73.49763636039577,2024-12-04 04:16:57.100000000,20.995091666666692,26,0.8738285220963906,3.9384119658119716
1177,15,19.656981092699453,73.4977176468712,2024-12-04 04:17:00.000000000,20.6909034312425,22,1.1589295189690627,3.959061538461544
1178,15,19.657815814776505,73.49799079764684,2024-12-04 04:17:04.583333333,19.887752361111264,25,0.8540319209823208,3.959061538461544
1179,15,19.658220516238696,73.49812614392471,2024-12-04 04:17:06.888888889,19.48094156846241,22,0.6357957412620946,3.9552837606837654
1180,15,19.65864588520767,73.49825072864866,2024-12-04 04:17:09.200000000,18.808414814814814,27,1.0064037515464916,3.9552837606837654
1181,15,19.659056438592255,73.49835459103272,2024-12-04 04:17:11.800000000,18.20323250319288,29,1.7953641240187663,3.9552837606837654
1182,15,19.65947797197321,73.4984025442919,2024-12-04 04:17:14.300000000,18.028659477880556,28,1.2421942073148613,3.959061538461544
1183,15,19.659900025344406,73.49849307205585,2024-12-04 04:17:17.416666667,18.22784981762047,22,1.067288760282214,3.959061538461544
1184,15,19.660276237619914,73.4986637672911,2024-12-04 04:17:19.444444444,18.566116096866114,26,0.263858827354433,3.959061538461544
1185,15,19.66064117114189,73.49887038698733,2024-12-04 04:17:21.900000000,19.104627356150644,28,0.7571278800065229,3.970548717948724
1186,15,19.661026200612827,73.49910721837536,2024-12-04 04:17:24.500000000,19.613456653225807,31,1.3638056954818691,3.675129914529917
1187,15,19.66138182144875,73.49927587024824,2024-12-04 04:17:27.700000000,20.064499470899435,21,3.2377205215757363,3.973411965811972
1189,15,19.6620876506747,73.49966398455021,2024-12-04 04:17:31.000000000,20.76729406609189,25,0.2880801169254708,3.973411965811972
1190,15,19.66247413702214,73.49979474499287,2024-12-04 04:17:33.137931034,21.134767485764556,23,1.364013172945124,3.9552837606837654
1191,15,19.662865943382172,73.49991753043494,2024-12-04 04:17:35.300000000,21.232140533076002,28,4.042642088702652,3.312526146869006
1192,15,19.66325180894634,73.5000197157585,2024-12-04 04:17:37.833333333,21.26741987433861,21,0.5470043611927302,3.8521470085470138
1193,15,19.6636658881715,73.50012071530811,2024-12-04 04:18:11.800000000,21.294045745149845,21,0.41711811873071575,3.845548717948723
1194,15,19.664082188539005,73.50022412701222,2024-12-04 04:18:22.000000000,21.06521388888891,22,1.3061872622986561,3.935548717948724
1195,15,19.664506617037368,73.50032602597926,2024-12-04 04:18:24.100000000,20.451034226190792,28,0.7126528344083868,3.845548717948723
1196,15,19.66494469858387,73.5004331008899,2024-12-04 04:18:26.666666667,19.567697530864482,24,0.4645673411841983,3.9552837606837654
1197,15,19.66538153466918,73.50052072586143,2024-12-04 04:18:29.100000000,18.430592063492103,28,0.6678352168581169,3.9552837606837654
1198,15,19.665822882902912,73.50057870209749,2024-12-04 04:18:32.083333333,14.378014789096097,36,0.8584874270025783,3.9552837606837654
1199,15,19.666269458591948,73.50060332076495,2024-12-04 04:18:35.300000000,7.353745787037755,60,5.625348054023797,3.982078632478638
1200,15,19.666500555535023,73.50063269935214,2024-12-04 04:18:38.750000000,3.8929562008923186,83,20.797401186237995,3.982078632478638
